char_len,word_count,sentence_count,exclamation_count,question_count,upper_ratio,digit_ratio,url_count,email_count,html_tag_count,has_html,attachment_hint,unsubscribe_count,money_symbol_count,phone_pattern_count,punctuation_density,spam_keyword_count,promo_keyword_count,too_many_links,repeated_char_flag
221,42,4,0,0,0.0,0.027149321266968326,0,0,0,0,0,0,0,0,0.01809954751131222,0,1,0,0
1486,237,19,0,3,0.0,0.02759084791386272,0,0,0,0,0,0,0,1,0.06527590847913863,2,3,0,0
7591,1196,85,0,1,0.0,0.010275326043999474,0,0,0,0,0,0,1,0,0.026610459754972993,5,7,0,0
591,87,1,0,0,0.0,0.0676818950930626,0,0,0,0,0,0,0,0,0.1116751269035533,0,0,0,0
71,12,2,0,0,0.0,0.0,0,0,0,0,0,0,0,0,0.028169014084507043,0,0,0,0
1733,260,26,4,2,0.0,0.05135603000577034,0,0,0,0,0,0,0,0,0.06693594922100404,0,0,0,0
184,32,2,0,1,0.0,0.05434782608695652,0,0,0,0,0,0,0,0,0.021739130434782608,1,4,0,0
173,29,3,0,1,0.0,0.0,0,0,0,0,0,0,0,0,0.023121387283236993,0,0,0,0
45,8,1,0,0,0.0,0.0,0,0,0,0,1,0,0,0,0.022222222222222223,0,0,0,0
589,88,5,0,1,0.0,0.06281833616298811,0,0,0,0,0,0,0,0,0.11205432937181664,0,1,0,0
427,77,10,0,1,0.0,0.0117096018735363,0,0,0,0,0,0,0,0,0.02576112412177986,0,1,0,0
3161,486,40,0,1,0.0,0.016134134767478645,0,0,0,0,1,0,0,2,0.05726036064536539,5,7,0,0
4515,713,47,0,0,0.0,0.009966777408637873,0,0,0,0,0,0,0,0,0.06378737541528239,3,4,0,0
1503,259,16,0,0,0.0,0.0166333998669328,0,0,0,0,1,0,0,0,0.04790419161676647,0,1,0,0
1356,219,14,0,2,0.0,0.03171091445427729,0,0,0,0,1,0,2,0,0.06563421828908554,0,4,0,0
252,36,4,0,0,0.0,0.01984126984126984,0,0,0,0,0,0,0,0,0.03968253968253968,0,1,0,0
737,117,11,3,2,0.0,0.0203527815468114,0,0,0,0,0,2,4,0,0.029850746268656716,8,5,0,0
696,124,5,0,1,0.0,0.0,0,0,0,0,0,0,0,0,0.021551724137931036,0,0,0,0
477,92,11,0,1,0.0,0.1320754716981132,0,0,0,0,0,0,0,0,0.050314465408805034,0,0,0,0
680,119,17,12,0,0.0,0.016176470588235296,0,0,0,0,0,0,0,0,0.03823529411764706,0,0,0,0
1193,185,15,0,0,0.0,0.0,0,0,0,0,0,0,0,0,0.03185247275775356,2,2,0,0
278,46,6,2,1,0.0,0.0,0,0,0,0,0,0,0,0,0.03237410071942446,0,0,0,0
1294,200,21,0,1,0.0,0.10432766615146831,0,0,0,0,0,0,0,2,0.08809891808346214,0,0,0,0
1569,267,11,0,0,0.0,0.015296367112810707,0,0,0,0,0,0,0,0,0.02804333970681963,3,4,0,0
249,40,3,0,0,0.0,0.040160642570281124,0,0,0,0,0,0,0,1,0.028112449799196786,0,0,0,0
1187,169,19,0,0,0.0,0.0,0,0,0,0,0,2,0,0,0.05054759898904802,1,2,0,0
1428,231,37,3,2,0.0,0.0896358543417367,0,0,0,0,0,0,2,1,0.07773109243697479,1,3,0,1
260,47,5,0,0,0.0,0.0,0,0,0,0,0,0,0,0,0.023076923076923078,1,1,0,0
1184,180,9,1,0,0.0,0.008445945945945946,0,0,0,0,0,0,0,0,0.01266891891891892,0,2,0,0
413,73,4,0,0,0.0,0.0,0,0,0,0,0,0,0,0,0.012106537530266344,0,0,0,0
932,158,8,0,0,0.11440677966101695,0.0407725321888412,1,1,0,0,0,2,2,2,0.02682403433476395,3,3,0,1
1086,189,13,0,1,0.0,0.03038674033149171,0,0,0,0,0,0,3,0,0.03314917127071823,2,2,0,0
61,13,1,0,0,0.0,0.06557377049180328,0,0,0,0,0,0,0,0,0.01639344262295082,0,0,0,0
646,113,12,0,0,0.0,0.02476780185758514,0,0,0,0,0,0,0,0,0.04179566563467492,1,1,0,0
671,126,8,0,0,0.0,0.046199701937406856,0,0,0,0,1,0,1,0,0.022354694485842028,0,3,0,0
1079,185,10,0,0,0.0,0.04170528266913809,0,0,0,0,0,0,0,0,0.03521779425393883,1,1,0,0
130,23,1,0,0,0.0,0.1076923076923077,0,0,0,0,0,0,0,0,0.015384615384615385,0,0,0,0
1576,265,20,0,5,0.0,0.013959390862944163,0,0,0,0,0,0,0,0,0.044416243654822336,0,2,0,0
2199,358,19,0,0,0.0,0.01409731696225557,0,0,0,0,0,0,0,0,0.03456116416552979,0,1,0,0
241,44,6,0,1,0.03571428571428571,0.024896265560165973,0,0,1,1,0,0,0,0,0.058091286307053944,1,1,0,0
700,109,7,0,0,0.0,0.008571428571428572,0,0,0,0,0,0,0,0,0.017142857142857144,2,1,0,0
640,116,6,1,0,0.0,0.021875,0,0,0,0,0,0,0,0,0.0328125,0,1,0,0
1923,291,20,0,0,0.0,0.07020280811232449,0,0,0,0,0,0,0,0,0.06916276651066043,2,3,0,0
108,20,2,0,1,0.0,0.009259259259259259,0,0,0,0,0,0,0,0,0.037037037037037035,0,0,0,0
1209,187,6,0,0,0.0,0.033085194375516956,0,0,0,0,0,0,3,0,0.0380479735318445,5,5,0,0
785,139,17,0,1,0.0,0.0025477707006369425,0,0,0,0,0,0,0,0,0.03184713375796178,0,1,0,0
337,57,4,0,0,0.0,0.04451038575667656,0,0,0,0,0,0,0,0,0.04154302670623145,0,0,0,0
891,146,15,2,0,0.0,0.06621773288439955,0,0,0,0,0,0,0,0,0.04826038159371493,1,2,0,0
2598,417,13,1,6,0.0,0.05350269438029253,0,0,0,0,1,0,38,0,0.05850654349499615,1,8,0,0
2843,483,48,2,1,0.0,0.009145269081955681,0,0,0,0,1,0,0,0,0.06753429475905734,5,4,0,0
1475,257,11,0,0,0.0,0.04677966101694915,0,0,0,0,0,0,8,0,0.02711864406779661,2,3,0,0
1595,286,19,0,0,0.0,0.07398119122257053,0,0,0,0,0,0,24,0,0.05329153605015674,2,6,0,0
498,77,8,0,0,0.0,0.028112449799196786,0,0,0,0,1,0,0,0,0.04618473895582329,0,2,0,0
620,112,9,0,0,0.0,0.07580645161290323,0,0,0,0,1,0,0,0,0.05,1,1,0,0
307,47,10,1,2,0.0,0.06840390879478828,0,0,0,0,0,0,0,0,0.07166123778501629,3,1,0,0
87,14,2,0,0,0.0,0.011494252873563218,0,0,0,0,0,0,0,0,0.08045977011494253,0,0,0,0
885,141,16,0,0,0.0,0.0655367231638418,0,0,0,0,0,0,0,0,0.04067796610169491,0,0,0,0
2003,394,15,0,0,0.0,0.20619071392910635,0,0,0,0,0,0,15,0,0.05491762356465302,0,8,0,0
504,86,5,0,0,0.0,0.023809523809523808,0,0,0,0,0,0,0,0,0.015873015873015872,0,0,0,0
448,66,1,0,0,0.0,0.026785714285714284,0,0,0,0,0,0,5,0,0.033482142857142856,1,1,0,0
2109,345,13,0,0,0.0,0.002370791844476055,0,0,0,0,1,0,0,0,0.018018018018018018,15,13,0,0
1350,212,31,0,8,0.0,0.023703703703703703,0,0,0,0,1,0,0,0,0.06222222222222222,0,0,0,0
6106,998,43,0,5,0.0,0.037667867671143135,0,0,0,0,1,0,9,0,0.049459547985587944,9,9,0,0
176,30,2,0,0,0.046511627906976744,0.06818181818181818,1,0,0,0,0,0,0,1,0.045454545454545456,2,1,0,0
2299,399,34,0,1,0.0,0.03827751196172249,0,0,0,0,0,0,0,0,0.045237059591126574,4,8,0,0
1498,276,10,0,0,0.0,0.0026702269692923898,0,0,0,0,0,0,0,0,0.022696929238985315,2,9,0,0
2795,428,30,2,1,0.0,0.02003577817531306,0,0,0,0,0,0,0,0,0.0332737030411449,2,2,0,0
235,43,2,0,0,0.0,0.0,0,0,0,0,0,0,0,0,0.02553191489361702,0,0,0,0
4480,780,83,0,0,0.0,0.06986607142857143,0,0,0,0,1,0,0,0,0.05758928571428571,2,3,0,0
619,94,4,1,0,0.0,0.04361873990306947,0,0,0,0,0,0,0,0,0.10177705977382875,0,0,0,0
351,57,2,0,0,0.0,0.02564102564102564,0,0,0,0,0,0,0,0,0.07122507122507123,0,1,0,0
317,59,6,0,0,0.0,0.025236593059936908,0,0,0,0,0,0,3,0,0.025236593059936908,0,0,0,0
378,46,1,0,0,0.0,0.06349206349206349,0,0,0,0,1,0,0,0,0.1455026455026455,0,0,0,0
1146,185,10,1,0,0.1896774193548387,0.09162303664921466,0,1,0,0,0,1,8,0,0.02617801047120419,8,7,0,1
1944,315,24,2,1,0.0,0.011831275720164609,0,0,0,0,0,0,0,0,0.027777777777777776,1,4,0,0
281,46,5,1,1,0.0,0.0,0,0,0,0,0,0,0,0,0.021352313167259787,0,0,0,0
654,101,5,0,0,0.0,0.0,0,0,0,0,0,0,0,0,0.024464831804281346,0,2,0,0
364,50,5,0,0,0.0,0.024725274725274724,0,0,0,0,0,0,0,0,0.07692307692307693,0,1,0,0
2502,403,26,1,0,0.0,0.030775379696243006,0,0,0,0,0,0,1,2,0.029576338928856916,4,2,0,0
4355,731,45,0,12,0.0,0.0121699196326062,0,0,0,0,0,0,0,0,0.044316877152698046,2,4,0,0
3426,561,25,1,0,0.0,0.017221249270286048,0,0,0,0,0,0,0,0,0.034442498540572096,0,0,0,0
1487,234,11,0,3,0.0,0.03093476798924008,0,0,0,0,0,0,0,0,0.0605245460659045,0,1,0,0
679,96,20,0,0,0.0,0.06921944035346098,0,0,0,0,0,0,0,0,0.12223858615611193,0,2,0,0
569,102,11,0,0,0.0,0.27768014059753954,0,0,0,0,0,0,0,0,0.0421792618629174,1,3,0,0
2100,379,24,7,2,0.07647814910025708,0.021904761904761906,2,0,0,0,0,2,0,0,0.039047619047619046,11,8,0,1
393,53,2,0,0,0.0,0.0,0,0,0,0,0,0,0,0,0.005089058524173028,0,0,0,0
193,31,3,1,0,0.0,0.05699481865284974,0,0,0,0,0,0,0,0,0.015544041450777202,4,5,0,0
3836,603,25,0,1,0.0,0.005474452554744526,0,0,0,0,0,0,0,0,0.025547445255474453,0,0,0,0
231,39,5,1,2,0.06593406593406594,0.0,1,0,0,0,0,0,0,0,0.030303030303030304,1,0,0,1
1242,185,17,0,2,0.0,0.0499194847020934,0,0,0,0,1,0,0,1,0.0821256038647343,2,1,0,1
1766,280,17,0,1,0.0,0.03227633069082673,0,0,0,0,1,0,7,0,0.04077010192525481,2,2,0,0
115,23,1,0,0,0.0,0.043478260869565216,0,0,0,0,0,0,0,0,0.02608695652173913,0,1,0,0
1645,240,14,4,0,0.0,0.050455927051671734,0,0,0,0,0,0,4,0,0.0121580547112462,8,13,0,0
538,65,1,0,0,0.0,0.0,0,0,0,0,0,0,0,0,0.0,1,1,0,0
995,161,6,0,0,0.0,0.02613065326633166,0,0,0,0,0,0,2,0,0.0763819095477387,1,1,0,0
1763,273,11,0,0,0.0,0.009642654566080544,0,0,0,0,0,0,0,0,0.0238230289279637,0,1,0,0
847,126,12,0,1,0.027586206896551724,0.0,2,1,0,0,1,0,0,0,0.16056670602125148,0,0,0,1
30,6,1,0,0,0.0,0.26666666666666666,0,0,0,0,0,0,0,0,0.06666666666666667,0,0,0,0
1167,23,7,0,0,0.04854368932038835,0.009425878320479864,3,0,0,0,0,1,0,0,0.011139674378748929,1,0,1,1
264,42,3,0,0,0.0,0.003787878787878788,0,0,0,0,1,0,0,0,0.015151515151515152,1,2,0,0
1786,260,30,4,15,0.0,0.017357222844344905,0,0,0,0,0,0,0,0,0.04311310190369541,3,4,0,0
379,62,9,0,0,0.0,0.052770448548812667,0,0,0,0,0,0,0,0,0.055408970976253295,0,1,0,0
1808,319,11,0,0,0.0,0.0459070796460177,0,0,0,0,0,1,0,0,0.032079646017699116,0,0,0,0
2061,309,45,10,0,0.0,0.008733624454148471,0,0,0,0,0,1,0,0,0.041242115477923336,9,7,0,0
1198,184,8,4,1,0.0,0.07512520868113523,0,0,0,0,0,0,0,0,0.11769616026711185,1,2,0,0
267,41,2,0,0,0.0,0.0,0,0,0,0,0,0,0,0,0.033707865168539325,1,1,0,0
93,18,1,0,0,0.0,0.10752688172043011,0,0,0,0,0,0,0,0,0.03225806451612903,0,0,0,0
1150,193,16,0,0,0.0,0.0408695652173913,0,0,0,0,0,0,2,0,0.06608695652173913,3,6,0,0
159,27,3,1,0,0.0,0.012578616352201259,0,0,0,0,1,0,0,0,0.025157232704402517,0,0,0,0
749,130,7,0,0,0.0,0.03337783711615487,0,0,0,0,0,0,0,0,0.021361815754339118,0,0,0,0
1258,189,8,0,0,0.0,0.016693163751987282,0,0,0,0,0,0,0,0,0.014308426073131956,1,0,0,0
969,182,10,2,0,0.0,0.009287925696594427,0,0,0,0,0,0,0,0,0.021671826625386997,0,1,0,0
622,113,10,0,1,0.0,0.008038585209003215,0,0,0,0,0,0,0,0,0.03697749196141479,1,1,0,0
845,135,9,1,1,0.0,0.014201183431952662,0,0,0,0,0,0,0,0,0.028402366863905324,0,0,0,0
269,40,1,0,0,0.0,0.022304832713754646,0,0,0,0,0,0,0,0,0.03345724907063197,0,0,0,0
71,18,1,0,0,0.0,0.1267605633802817,0,0,0,0,0,0,0,0,0.028169014084507043,0,0,0,0
321,42,6,0,0,0.0,0.0,0,0,0,0,0,0,0,0,0.024922118380062305,1,1,0,0
2187,371,23,0,2,0.0,0.0361225422953818,0,0,0,0,0,0,0,0,0.054412437128486514,0,3,0,0
1294,209,17,0,0,0.0,0.0865533230293663,0,0,0,0,0,0,0,7,0.02627511591962906,0,0,0,0
762,102,1,0,0,0.0,0.03805774278215223,0,0,0,0,0,0,0,0,0.08923884514435695,0,0,0,0
228,32,4,0,0,0.0,0.0,0,0,0,0,0,0,0,0,0.14473684210526316,0,0,0,0
7271,1128,59,4,1,0.0,0.006876633200385091,0,0,0,0,1,0,0,0,0.022830422225278504,11,11,0,0
4620,698,4,0,0,0.0,0.005194805194805195,0,0,0,0,0,0,0,0,0.03766233766233766,3,6,0,0
1087,187,8,0,0,0.0,0.06807727690892364,0,0,0,0,0,0,0,0,0.03771849126034959,1,1,0,0
927,174,13,0,3,0.0,0.0,0,0,0,0,0,0,0,0,0.021574973031283712,0,0,0,0
373,47,3,0,0,0.0,0.06970509383378017,0,0,0,0,1,0,0,0,0.1769436997319035,0,0,0,0
509,84,5,0,0,0.0,0.06286836935166994,0,0,0,0,1,0,0,0,0.043222003929273084,0,0,0,0
1211,163,5,0,0,0.0,0.04541701073492981,0,0,0,0,0,0,0,0,0.1263418662262593,0,0,0,0
1142,197,9,0,1,0.0,0.010507880910683012,0,0,0,0,0,0,0,0,0.02276707530647986,2,1,0,0
363,62,4,0,0,0.0,0.030303030303030304,0,0,0,0,1,0,0,0,0.02203856749311295,0,1,0,0
361,58,3,0,0,0.0,0.008310249307479225,0,0,0,0,0,0,0,0,0.038781163434903045,0,1,0,0
533,89,6,0,0,0.0,0.0075046904315197,0,0,0,0,0,0,0,0,0.013133208255159476,0,0,0,0
2094,341,36,4,0,0.0,0.03772683858643744,0,0,0,0,0,4,3,2,0.03677172874880611,5,9,0,0
417,65,4,0,0,0.0,0.014388489208633094,0,0,0,0,0,0,0,0,0.011990407673860911,3,4,0,0
1333,218,10,0,0,0.0,0.08627156789197299,0,0,0,0,0,0,11,0,0.06601650412603151,0,1,0,0
210,29,2,0,0,0.0,0.047619047619047616,0,0,0,0,0,0,0,0,0.11428571428571428,0,0,0,0
210,31,13,2,1,0.0,0.0,0,0,0,0,0,1,0,0,0.07142857142857142,2,1,0,0
490,70,2,1,0,0.0,0.05102040816326531,0,0,0,0,0,0,0,0,0.12040816326530612,0,0,0,0
81,16,1,0,0,0.0,0.0,0,0,0,0,0,0,0,0,0.024691358024691357,1,1,0,0
444,74,12,1,0,0.04918032786885246,0.02027027027027027,0,2,0,0,0,0,0,0,0.06981981981981981,0,0,0,1
1097,182,7,0,0,0.0,0.019143117593436645,0,0,0,0,0,0,0,0,0.04831358249772106,0,4,0,0
483,67,9,0,1,0.0,0.08488612836438923,0,0,0,0,0,0,0,2,0.041407867494824016,1,0,0,1
735,136,9,0,0,0.0,0.02040816326530612,0,0,0,0,0,0,1,0,0.021768707482993196,0,1,0,0
1513,234,12,1,0,0.0,0.04230006609385327,0,0,0,0,1,0,0,0,0.08261731658955718,3,5,0,0
1314,190,19,0,2,0.0,0.03729071537290715,0,0,0,0,0,0,0,0,0.07229832572298325,0,1,0,0
753,140,7,0,0,0.0,0.0,0,0,0,0,1,0,0,0,0.017264276228419653,0,2,0,0
150,25,3,0,0,0.0,0.13333333333333333,0,0,0,0,0,0,0,0,0.06,1,2,0,0
376,63,5,0,0,0.0,0.0,0,0,0,0,0,0,0,0,0.018617021276595744,0,0,0,0
712,135,11,2,1,0.0,0.0,0,0,0,0,0,0,0,0,0.026685393258426966,0,1,0,0
988,157,17,1,2,0.0483619344773791,0.019230769230769232,2,1,0,0,0,0,0,0,0.14777327935222673,6,1,0,1
1146,177,19,0,0,0.0,0.014834205933682374,0,0,0,0,0,0,0,0,0.06108202443280977,1,1,0,0
535,89,5,0,0,0.0,0.028037383177570093,0,0,0,0,0,0,0,0,0.029906542056074768,1,1,0,0
1419,227,18,0,0,0.0,0.040169133192389,0,0,0,0,1,0,0,0,0.046511627906976744,1,1,0,0
4558,667,62,0,3,0.0,0.02106186924089513,0,0,0,0,1,0,0,0,0.06406318560772269,3,3,0,0
385,56,7,0,0,0.0,0.023376623376623377,0,0,0,0,0,0,0,0,0.07532467532467532,0,0,0,0
3489,583,49,1,12,0.0,0.010891372886213814,0,0,0,0,0,0,2,0,0.02722843221553454,3,3,0,1
422,74,6,0,0,0.0,0.0,0,0,0,0,0,0,0,0,0.023696682464454975,0,0,0,0
815,134,3,0,0,0.0,0.0036809815950920245,0,0,0,0,0,0,0,0,0.0098159509202454,0,2,0,0
891,137,3,0,0,0.0,0.04489337822671156,0,0,0,0,0,0,0,0,0.07631874298540965,0,0,0,0
1339,213,13,0,0,0.0,0.002987303958177745,0,0,0,0,0,0,0,0,0.01717699775952203,2,3,0,0
1153,207,13,0,0,0.0,0.03469210754553339,0,0,0,0,1,0,0,3,0.01821335646140503,0,0,0,0
2137,383,20,0,0,0.0,0.02901263453439401,0,0,0,0,0,0,0,0,0.029948525970987367,1,3,0,0
970,164,11,0,2,0.0,0.010309278350515464,0,0,0,0,0,0,0,0,0.026804123711340205,0,2,0,0
854,137,27,1,0,0.0,0.00117096018735363,0,0,0,0,0,0,0,0,0.04800936768149883,1,1,0,0
282,59,6,0,1,0.0,0.1276595744680851,0,0,0,0,0,0,0,0,0.02127659574468085,1,3,0,0
496,90,8,0,0,0.0,0.07258064516129033,0,0,0,0,0,0,0,0,0.03024193548387097,0,2,0,0
143,26,1,0,0,0.0,0.0,0,0,0,0,0,0,0,0,0.02097902097902098,1,1,0,0
826,134,18,1,1,0.0,0.0,0,0,0,0,0,0,0,0,0.03026634382566586,1,1,0,0
817,127,8,0,0,0.0,0.0587515299877601,0,0,0,0,0,0,0,0,0.09547123623011015,0,0,0,0
2000,284,26,0,1,0.0,0.028,0,0,0,0,1,0,1,0,0.062,1,1,0,0
519,69,11,7,1,0.0,0.009633911368015413,0,0,0,0,0,0,2,0,0.046242774566473986,0,1,0,0
1321,227,38,0,0,0.0,0.03255109765329296,0,0,0,0,1,0,0,0,0.0757002271006813,5,0,0,0
500,69,2,0,0,0.0,0.09,0,0,0,0,0,0,0,0,0.13,0,0,0,0
300,36,2,0,0,0.0,0.08666666666666667,0,0,0,0,1,0,0,0,0.19333333333333333,0,0,0,0
1451,225,11,0,0,0.0,0.01791867677463818,0,0,0,0,1,0,0,0,0.021364576154376293,3,1,0,0
2633,413,38,0,0,0.0,0.01405241169768325,0,0,0,0,0,0,0,0,0.049753133308013675,2,4,0,0
4976,748,73,0,2,0.0,0.0767684887459807,0,0,0,0,0,0,0,11,0.10691318327974277,1,11,0,0
1122,180,10,0,2,0.0,0.059714795008912656,0,0,0,0,0,0,0,2,0.07308377896613191,1,1,0,0
544,84,4,0,2,0.0,0.034926470588235295,0,0,0,0,0,0,0,0,0.09926470588235294,1,1,0,0
517,91,6,1,0,0.0,0.009671179883945842,0,0,0,0,0,0,0,0,0.019342359767891684,0,1,0,0
1251,200,11,0,1,0.0,0.015187849720223821,0,0,0,0,1,0,0,0,0.03597122302158273,1,0,0,0
417,77,3,0,0,0.0,0.0,0,0,0,0,0,0,0,0,0.009592326139088728,0,2,0,0
79848,12753,971,0,4,0.0,0.018597835888187555,0,0,0,0,1,0,198,0,0.027239254583709047,112,126,0,0
1100,206,18,3,2,0.0,0.00909090909090909,0,0,0,0,0,0,0,0,0.031818181818181815,6,9,0,0
147,23,2,0,0,0.0,0.027210884353741496,0,0,0,0,0,0,0,0,0.034013605442176874,0,0,0,0
473,83,7,0,0,0.0,0.042283298097251586,0,0,0,0,0,0,0,0,0.040169133192389,0,1,0,0
1219,188,17,0,0,0.0,0.04101722723543889,0,0,0,0,0,0,0,2,0.03691550451189499,1,1,0,0
1172,187,19,0,1,0.0743801652892562,0.017064846416382253,3,5,2,1,0,0,0,0,0.05204778156996587,1,0,1,1
633,98,5,0,0,0.0,0.03949447077409163,0,0,0,0,0,0,0,0,0.0315955766192733,1,4,0,0
1328,192,6,0,0,0.0,0.023343373493975902,0,0,0,0,1,0,0,0,0.06325301204819277,0,1,0,0
903,116,2,0,0,0.0,0.036544850498338874,0,0,0,0,0,0,0,0,0.10741971207087486,0,0,0,0
2452,385,27,2,2,0.0,0.02365415986949429,0,0,0,0,1,0,0,0,0.028140293637846654,6,9,0,0
3325,570,31,1,3,0.0,0.0033082706766917294,0,0,0,0,1,0,0,0,0.027669172932330826,3,5,0,0
632,116,4,0,0,0.0,0.07911392405063292,0,0,0,0,0,0,0,0,0.060126582278481014,0,0,0,0
215,37,5,0,0,0.07228915662650602,0.009302325581395349,1,0,0,0,0,0,0,0,0.05116279069767442,0,0,0,0
177,32,9,0,0,0.0,0.04519774011299435,0,0,0,0,1,0,0,0,0.07344632768361582,0,0,0,0
1242,170,30,0,2,0.0,0.04186795491143317,0,0,0,0,0,0,0,0,0.05958132045088567,0,0,0,0
1026,175,4,0,0,0.0,0.0,0,0,0,0,0,0,0,0,0.010721247563352826,1,1,0,0
253,40,3,0,0,0.0,0.015810276679841896,0,0,0,0,1,0,0,0,0.019762845849802372,0,0,0,0
481,69,2,0,0,0.0,0.09563409563409564,0,0,0,0,0,0,0,0,0.060291060291060294,0,0,0,0
3093,538,32,0,0,0.0,0.010345942450695119,0,0,0,0,1,0,1,0,0.02780472033624313,2,13,0,0
1104,166,9,0,0,0.0,0.050724637681159424,0,0,0,0,0,0,0,0,0.08333333333333333,1,1,0,1
4339,725,54,0,1,0.0,0.00944918183913344,0,0,0,0,1,0,0,0,0.0327264346623646,2,4,0,0
550,73,5,0,2,0.0,0.02181818181818182,0,0,0,0,0,0,0,0,0.14727272727272728,1,1,0,0
197,30,2,0,0,0.0,0.050761421319796954,0,0,0,0,1,0,0,0,0.04568527918781726,0,0,0,0
1141,189,15,3,1,0.07627118644067797,0.04294478527607362,0,0,0,0,0,0,3,1,0.05083260297984225,2,0,0,1
35,5,1,0,0,0.0,0.0,0,0,0,0,1,0,0,0,0.02857142857142857,0,0,0,0
2929,431,40,0,1,0.0,0.03277569136223967,0,0,0,0,1,0,0,0,0.041652441106179584,0,1,0,0
3781,609,40,0,0,0.0,0.023009785770960064,0,0,0,0,1,0,0,0,0.03015075376884422,7,9,0,0
580,92,7,1,1,0.05333333333333334,0.0,3,0,0,0,0,0,0,0,0.04482758620689655,0,0,1,0
892,128,16,0,2,0.0,0.0,0,0,0,0,0,0,0,0,0.03923766816143498,0,0,0,0
9762,1515,97,1,2,0.0,0.014648637574267568,0,0,0,0,1,0,14,0,0.022433927473878304,11,12,0,0
2841,458,44,1,1,0.0,0.014783526927138331,0,0,0,0,0,2,5,0,0.03203097500879972,5,7,0,0
2010,314,75,0,61,0.0,0.013432835820895522,0,0,0,0,0,0,0,0,0.0691542288557214,2,2,0,0
1249,224,13,0,0,0.0,0.010408326661329063,0,0,0,0,0,0,0,0,0.03282626100880705,1,1,0,0
2446,428,20,0,2,0.0,0.026573998364677023,0,0,0,0,0,0,0,0,0.047424366312346686,0,4,0,0
299,44,5,0,1,0.07575757575757576,0.0,1,1,1,1,0,0,0,0,0.19732441471571907,0,0,0,1
323,46,2,2,0,0.0,0.04953560371517028,0,0,0,0,0,0,0,0,0.0804953560371517,0,0,0,0
2672,484,32,0,2,0.0,0.005239520958083832,0,0,0,0,0,0,0,0,0.02282934131736527,0,2,0,0
8898,1547,88,6,2,0.07879473758664592,0.009665093279388626,4,1,0,0,1,1,1,3,0.02191503708698584,20,20,1,1
4148,639,38,3,1,0.0810149801284011,0.016875602700096432,0,0,0,0,1,1,0,0,0.03326904532304725,12,12,0,1
423,59,2,0,0,0.0,0.06382978723404255,0,0,0,0,0,0,0,0,0.13947990543735225,0,0,0,0
356,65,7,2,0,0.0,0.07303370786516854,0,0,0,0,0,0,0,0,0.033707865168539325,1,3,0,0
2945,469,39,2,3,0.0,0.022071307300509338,0,0,0,0,0,0,0,0,0.06553480475382004,2,2,0,0
1957,356,14,1,1,0.0,0.01992846193152785,0,0,0,0,0,0,0,0,0.020950434338272865,0,3,0,0
1494,237,9,0,0,0.0,0.06827309236947791,0,0,0,0,0,0,0,0,0.09236947791164658,0,1,0,0
264,50,10,0,2,0.05472636815920398,0.0,1,0,0,0,0,0,0,0,0.04924242424242424,0,0,0,0
3499,559,20,0,1,0.0,0.07030580165761646,0,0,0,0,0,0,1,0,0.07030580165761646,3,6,0,0
3525,624,30,0,1,0.0,0.01276595744680851,0,0,0,0,0,0,0,0,0.03829787234042553,2,7,0,0
900,152,12,2,1,0.09241379310344827,0.005555555555555556,0,0,0,0,0,3,0,0,0.02,7,4,0,0
353,59,7,0,0,0.0,0.17280453257790368,0,0,0,0,0,0,5,0,0.025495750708215296,0,1,0,0
678,111,8,1,0,0.0,0.0,0,0,0,0,1,0,0,0,0.02654867256637168,1,2,0,0
303,56,2,0,0,0.0,0.13861386138613863,0,0,0,0,0,0,0,0,0.019801980198019802,0,4,0,0
1155,171,4,0,0,0.0,0.03896103896103896,0,0,0,0,1,0,0,0,0.0658008658008658,2,5,0,0
823,140,7,0,0,0.0,0.0,0,0,0,0,0,0,0,0,0.014580801944106925,0,3,0,0
277,47,4,0,0,0.0,0.07581227436823104,0,0,0,0,0,0,1,0,0.032490974729241874,0,1,0,1
508,81,1,0,0,0.0,0.007874015748031496,0,0,0,0,0,0,0,0,0.0,0,0,0,0
486,80,9,3,0,0.0,0.03497942386831276,0,0,0,0,0,0,0,0,0.0411522633744856,1,1,0,0
1307,241,40,5,17,0.0,0.006885998469778117,0,0,0,0,0,0,0,0,0.057383320581484314,0,1,0,0
449,66,14,4,0,0.0,0.0,0,0,0,0,1,0,0,0,0.060133630289532294,0,0,0,0
9402,1448,46,0,0,0.0,0.007551584769198043,0,0,0,0,0,0,0,0,0.02616464582003829,11,17,0,0
2004,303,22,1,0,0.06262904335856848,0.03343313373253493,3,2,0,0,1,0,0,3,0.09281437125748503,2,2,1,1
301,53,3,0,0,0.0,0.013289036544850499,0,0,0,0,0,0,0,0,0.03322259136212625,0,0,0,0
1735,290,21,1,2,0.0,0.03342939481268011,0,0,0,0,0,0,0,0,0.0829971181556196,0,3,0,0
275,39,10,0,7,0.0,0.04363636363636364,0,0,0,0,1,0,0,0,0.04363636363636364,0,0,0,0
2017,334,29,1,0,0.0,0.04858701041150223,0,0,0,0,0,0,0,0,0.04561229548834903,1,2,0,0
634,102,8,0,0,0.0,0.031545741324921134,0,0,0,0,1,0,0,0,0.04574132492113565,1,1,0,0
2553,418,22,1,2,0.0,0.005483744614179397,0,0,0,0,0,0,0,0,0.04308656482569526,0,0,0,0
3896,718,35,4,2,0.0,0.017453798767967144,0,0,0,0,0,0,0,0,0.037217659137577006,1,5,0,0
685,135,19,0,1,0.13013698630136986,0.10948905109489052,2,0,0,0,0,0,1,1,0.05547445255474453,1,2,0,0
1086,173,18,0,3,0.0,0.03591160220994475,0,0,0,0,0,0,0,1,0.07734806629834254,1,4,0,0
330,51,6,0,0,0.0,0.0,0,0,0,0,0,0,0,0,0.030303030303030304,0,0,0,0
3815,669,61,2,3,0.0,0.03486238532110092,0,0,0,0,0,0,0,0,0.04954128440366973,3,7,0,0
982,159,14,0,2,0.0,0.038696537678207736,0,0,0,0,0,0,0,0,0.0835030549898167,0,0,0,0
12,3,1,0,0,0.0,0.0,0,0,0,0,0,0,0,0,0.08333333333333333,0,0,0,0
497,92,7,0,0,0.0,0.03219315895372234,0,0,0,0,0,0,0,0,0.03822937625754527,4,1,0,0
321,59,6,0,0,0.0,0.1588785046728972,0,0,0,0,0,0,2,0,0.0529595015576324,0,2,0,0
245,45,4,1,0,0.0,0.04081632653061224,0,0,0,0,0,0,0,0,0.02857142857142857,0,1,0,0
1757,298,13,0,2,0.0,0.0199203187250996,0,0,0,0,0,1,5,0,0.037564029595902104,3,3,0,0
95,17,1,0,0,0.0,0.0,0,0,0,0,0,0,0,0,0.021052631578947368,0,0,0,0
440,87,7,1,1,0.0,0.0,0,0,0,0,0,0,0,0,0.020454545454545454,1,3,0,0
478,63,2,2,0,0.0,0.0,0,0,0,0,0,1,0,0,0.0041841004184100415,0,2,0,0
43,6,1,0,0,0.0,0.23255813953488372,0,0,0,0,0,0,0,0,0.06976744186046512,0,0,0,0
363,67,3,0,0,0.0,0.0,0,0,0,0,0,0,0,0,0.01928374655647383,0,1,0,0
1446,214,19,0,1,0.0,0.03665283540802213,0,0,0,0,0,0,0,0,0.05739972337482711,2,2,0,0
592,89,3,0,1,0.0,0.033783783783783786,0,0,0,0,1,0,0,0,0.05912162162162162,0,1,0,0
1431,245,15,0,0,0.0,0.002795248078266946,0,0,0,0,1,0,0,0,0.023060796645702306,3,3,0,0
1302,227,17,3,0,0.0,0.01152073732718894,0,0,0,0,1,0,0,0,0.028417818740399385,3,4,0,0
816,127,7,0,1,0.0,0.05759803921568627,0,0,0,0,0,0,0,2,0.08333333333333333,0,0,0,0
1570,277,15,0,0,0.0,0.019745222929936305,0,0,0,0,0,0,2,0,0.017834394904458598,3,4,0,0
626,107,11,0,0,0.0,0.01757188498402556,0,0,0,0,0,1,0,0,0.03514376996805112,1,1,0,0
529,86,5,0,0,0.0,0.0,0,0,0,0,0,0,0,0,0.030245746691871456,0,1,0,0
862,138,24,3,3,0.08672566371681416,0.002320185614849188,2,3,1,1,0,0,0,0,0.11948955916473318,1,0,0,1
513,91,6,0,0,0.0,0.011695906432748537,0,0,0,0,1,0,0,0,0.015594541910331383,0,0,0,0
2937,514,35,0,0,0.0,0.018386108273748723,0,0,0,0,1,0,0,0,0.05856315968675519,6,5,0,0
811,119,3,0,0,0.0,0.04932182490752158,0,0,0,0,0,0,0,0,0.06658446362515413,1,1,0,0
1682,266,26,1,1,0.06396989651928504,0.02437574316290131,3,2,2,1,0,0,0,3,0.1629013079667063,2,4,1,1
3245,482,33,0,0,0.0,0.005546995377503852,0,0,0,0,1,0,0,0,0.056394453004622494,1,1,0,0
166,36,3,0,0,0.0,0.07228915662650602,0,0,0,0,0,0,0,0,0.04819277108433735,0,0,0,0
2155,364,19,12,1,0.0,0.01716937354988399,0,0,0,0,0,0,0,2,0.029698375870069606,6,4,0,0
1395,217,10,0,0,0.0,0.03870967741935484,0,0,0,0,0,0,0,0,0.09462365591397849,0,0,0,0
125,18,1,0,0,0.0,0.0,0,0,0,0,1,0,0,0,0.032,0,1,0,0
707,118,5,0,0,0.0,0.019801980198019802,0,0,0,0,0,0,0,0,0.026874115983026876,0,0,0,0
923,144,11,0,0,0.0,0.028169014084507043,0,0,0,0,0,0,0,0,0.07692307692307693,1,1,0,0
3204,548,27,0,0,0.0,0.01435705368289638,0,0,0,0,1,0,10,0,0.025905118601747816,4,9,0,0
1491,249,19,1,3,0.0,0.05700871898054997,0,0,0,0,0,0,1,0,0.06572769953051644,2,9,0,0
2132,339,15,0,0,0.0,0.0323639774859287,0,0,0,0,0,0,0,0,0.04409005628517824,0,3,0,0
1556,249,15,4,1,0.0,0.036632390745501286,0,0,0,0,0,0,1,0,0.033419023136246784,1,3,0,0
682,117,21,0,0,0.045454545454545456,0.1744868035190616,7,0,0,0,0,0,0,1,0.1217008797653959,8,7,1,0
1805,258,21,0,1,0.0,0.010526315789473684,0,0,0,0,1,0,0,0,0.07257617728531857,1,1,0,0
181,34,2,0,0,0.0,0.022099447513812154,0,0,0,0,0,0,0,0,0.022099447513812154,0,0,0,0
83,13,1,0,0,0.0,0.0,0,0,0,0,0,0,0,0,0.012048192771084338,0,0,0,0
3017,491,23,0,0,0.0,0.04540934703347697,0,0,0,0,0,0,0,3,0.04076897580377859,1,3,0,0
310,56,10,0,0,0.0,0.04838709677419355,0,0,0,0,0,0,0,0,0.04516129032258064,0,2,0,0
269,49,2,0,0,0.0,0.007434944237918215,0,0,0,0,0,0,1,0,0.011152416356877323,0,0,0,0
643,96,3,0,0,0.0,0.0,0,0,0,0,0,0,0,0,0.027993779160186624,1,1,0,0
484,81,9,0,2,0.0,0.06198347107438017,0,0,0,0,0,0,0,0,0.045454545454545456,0,0,0,0
772,126,9,0,0,0.0,0.012953367875647668,0,0,0,0,0,0,0,0,0.023316062176165803,4,1,0,0
202,33,2,0,0,0.0,0.0,0,0,0,0,1,0,0,0,0.04950495049504951,0,0,0,0
1167,192,5,0,0,0.0,0.01713796058269066,0,0,0,0,0,0,1,0,0.024850042844901457,4,7,0,0
3366,611,32,0,0,0.0,0.040106951871657755,0,0,0,0,0,0,0,7,0.0243612596553773,5,5,0,0
774,110,13,0,1,0.04597701149425287,0.0012919896640826874,2,2,1,1,0,0,0,0,0.1640826873385013,8,1,0,1
528,96,5,0,0,0.0,0.032196969696969696,0,0,0,0,0,0,1,0,0.028409090909090908,0,0,0,0
1925,357,20,1,0,0.0,0.008311688311688312,0,0,0,0,0,0,0,0,0.02961038961038961,0,5,0,0
1979,316,16,0,0,0.0,0.0055583628094997475,0,0,0,0,0,0,0,0,0.020717534108135423,0,1,0,0
618,107,4,0,1,0.0,0.02750809061488673,0,0,0,0,0,0,0,0,0.021035598705501618,0,1,0,0
139,22,2,0,0,0.0,0.04316546762589928,0,0,0,0,1,0,0,0,0.02158273381294964,0,0,0,0
279,53,4,0,0,0.0,0.04659498207885305,0,0,0,0,0,0,0,0,0.04659498207885305,0,0,0,0
1742,252,14,0,3,0.0,0.07060849598163031,0,0,0,0,1,0,1,0,0.11940298507462686,0,7,0,0
398,63,6,1,0,0.0,0.0728643216080402,0,0,0,0,0,0,0,0,0.04773869346733668,0,0,0,0
160,30,1,0,0,0.0,0.06875,0,0,0,0,0,0,0,0,0.0375,0,0,0,0
341,61,6,0,1,0.0,0.05865102639296188,0,0,0,0,0,0,0,0,0.03519061583577713,0,0,0,0
2562,411,18,1,2,0.14773922187171398,0.05152224824355972,0,1,0,0,1,1,9,0,0.02224824355971897,5,6,0,1
546,94,12,0,0,0.0,0.02564102564102564,0,0,0,0,0,0,0,0,0.04395604395604396,0,1,0,0
686,116,13,0,0,0.0,0.029154518950437316,0,0,0,0,0,0,0,0,0.07434402332361516,4,4,0,0
270,55,6,0,0,0.0,0.037037037037037035,0,0,0,0,0,0,0,0,0.037037037037037035,0,1,0,0
1051,173,21,0,1,0.0,0.058991436726926735,0,0,0,0,0,0,0,0,0.04091341579448145,0,0,0,0
130,22,1,0,0,0.0,0.038461538461538464,0,0,0,0,1,0,0,0,0.007692307692307693,0,0,0,0
198,37,2,0,0,0.0,0.0,0,0,0,0,0,0,0,0,0.015151515151515152,0,2,0,0
2341,361,12,0,0,0.0,0.015378043571123452,0,0,0,0,1,0,0,1,0.04186245194361384,0,1,0,0
2151,362,17,0,0,0.0,0.002789400278940028,0,0,0,0,0,0,1,0,0.013482101348210134,1,4,0,0
179,25,2,0,0,0.0,0.0,0,0,0,0,0,0,0,0,0.01675977653631285,1,1,0,0
890,157,13,0,1,0.0,0.017977528089887642,0,0,0,0,0,0,0,0,0.03707865168539326,0,1,0,0
3304,532,22,0,0,0.0,0.015435835351089588,0,0,0,0,0,0,0,0,0.02391041162227603,1,3,0,0
549,98,8,0,0,0.0,0.018214936247723135,0,0,0,0,0,0,0,1,0.023679417122040074,0,1,0,0
1391,199,16,0,1,0.0,0.058231488138030196,0,0,0,0,0,0,0,0,0.102803738317757,1,1,0,0
72,9,3,0,1,0.0,0.0,0,0,0,0,0,0,0,0,0.05555555555555555,0,0,0,0
1182,167,16,0,2,0.0,0.05668358714043993,0,0,0,0,1,0,0,0,0.09475465313028765,0,0,0,0
62,9,1,0,0,0.0,0.0,0,0,0,0,0,1,0,0,0.11290322580645161,0,0,0,0
4260,609,48,2,1,0.0,0.013145539906103286,0,0,0,0,0,0,0,0,0.051643192488262914,0,2,0,0
651,104,8,0,0,0.0,0.09370199692780339,0,0,0,0,0,0,0,0,0.05837173579109063,0,0,0,0
566,94,7,0,0,0.0,0.038869257950530034,0,0,0,0,0,0,0,0,0.022968197879858657,0,0,0,0
2689,434,24,0,3,0.0,0.022313127556712532,0,0,0,0,1,0,0,0,0.055039047973224245,0,0,0,0
2543,411,36,0,8,0.0,0.030279197797876523,0,0,0,0,0,0,7,0,0.048368069209594966,2,3,0,0
333,54,5,0,0,0.0,0.0,0,0,0,0,0,0,0,0,0.03003003003003003,1,1,0,0
368,63,4,0,1,0.0,0.03260869565217391,0,0,0,0,0,0,0,0,0.03804347826086957,0,1,0,0
376,65,8,0,0,0.0,0.09308510638297872,0,0,0,0,1,0,0,0,0.05585106382978723,0,1,0,0
192,36,5,0,0,0.1391304347826087,0.15625,2,0,0,0,0,0,0,0,0.10416666666666667,0,0,0,0
118,25,1,0,0,0.0,0.03389830508474576,0,0,0,0,0,0,0,0,0.0423728813559322,0,0,0,0
422,76,6,0,0,0.0,0.08293838862559241,0,0,0,0,0,0,0,0,0.052132701421800945,0,1,0,0
680,118,9,0,0,0.0,0.0,0,0,0,0,0,0,0,0,0.025,0,2,0,0
1900,303,29,1,0,0.0,0.02894736842105263,0,0,0,0,1,0,0,0,0.04105263157894737,0,2,0,0
346,63,5,0,0,0.0,0.011560693641618497,0,0,0,0,0,0,0,0,0.02023121387283237,0,5,0,0
420,55,1,0,0,0.0,0.0761904761904762,0,0,0,0,1,0,0,0,0.14285714285714285,0,0,0,0
791,113,19,0,0,0.0,0.07079646017699115,0,0,0,0,0,0,0,0,0.10493046776232617,0,0,0,0
409,68,1,0,0,0.0,0.0024449877750611247,0,0,0,0,0,0,0,0,0.009779951100244499,1,1,0,0
321,38,1,0,0,0.0,0.07476635514018691,0,0,0,0,0,0,0,0,0.17133956386292834,0,0,0,0
670,118,7,0,0,0.0,0.0,0,0,0,0,0,0,0,0,0.01791044776119403,1,3,0,0
463,84,5,1,0,0.0,0.0,0,0,0,0,0,0,0,0,0.019438444924406047,0,0,0,0
2385,385,13,1,1,0.0,0.13165618448637317,0,0,0,0,0,0,0,2,0.06079664570230608,5,4,0,1
1254,208,23,0,0,0.0,0.08532695374800638,0,0,0,0,0,0,0,0,0.04864433811802233,1,1,0,0
551,97,6,0,0,0.0,0.016333938294010888,0,0,0,0,0,0,0,0,0.016333938294010888,0,0,0,0
1700,272,16,0,4,0.0,0.018235294117647058,0,0,0,0,1,0,0,0,0.04352941176470588,2,2,0,0
4181,784,6,0,1,0.0,0.05596747189667543,0,0,0,0,0,0,0,0,0.026787849796699355,1,7,0,0
10,2,1,0,0,0.0,0.0,0,0,0,0,0,0,0,0,0.1,0,0,0,0
1022,182,10,0,1,0.0,0.003913894324853229,0,0,0,0,0,0,0,0,0.019569471624266144,1,2,0,0
1810,285,11,0,0,0.0,0.055248618784530384,0,0,0,0,0,0,2,0,0.049723756906077346,1,1,0,0
187,32,2,1,0,0.0,0.0,0,0,0,0,1,0,0,0,0.0374331550802139,0,1,0,0
1401,242,10,0,0,0.0,0.0014275517487508922,0,0,0,0,0,0,0,0,0.015703069236259814,0,0,0,0
784,134,7,0,0,0.0,0.015306122448979591,0,0,0,0,1,0,0,0,0.016581632653061226,0,0,0,0
1275,205,17,0,10,0.0,0.01803921568627451,0,0,0,0,0,0,0,0,0.02823529411764706,7,4,0,0
629,96,10,0,0,0.0,0.05564387917329094,0,0,0,0,0,0,0,0,0.03656597774244833,2,2,0,0
278,47,4,1,0,0.0,0.03237410071942446,0,0,0,0,0,0,0,0,0.03237410071942446,0,1,0,0
3843,657,62,2,1,0.0,0.02810304449648712,0,0,0,0,0,0,0,0,0.033307311995836586,2,8,0,0
1407,232,21,0,7,0.0,0.030561478322672354,0,0,0,0,0,0,0,0,0.03624733475479744,1,1,0,0
59,11,1,0,0,0.0,0.0,0,0,0,0,0,0,0,0,0.01694915254237288,0,0,0,0
697,112,6,0,2,0.0,0.01721664275466284,0,0,0,0,0,0,0,0,0.02582496413199426,0,1,0,0
112,18,5,0,0,0.0,0.008928571428571428,0,0,0,0,0,0,0,0,0.044642857142857144,1,0,0,0
782,139,9,0,0,0.0,0.0,0,0,0,0,0,0,0,0,0.015345268542199489,1,4,0,0
118,25,2,0,0,0.0,0.13559322033898305,0,0,0,0,0,0,0,0,0.03389830508474576,0,0,0,0
2358,429,21,0,0,0.0,0.005089058524173028,0,0,0,0,0,0,0,0,0.024597116200169637,2,5,0,0
944,152,23,7,0,0.0,0.018008474576271187,0,0,0,0,0,0,0,0,0.037076271186440676,0,0,0,0
230,35,5,0,0,0.0,0.08260869565217391,0,0,0,0,0,0,0,0,0.043478260869565216,0,0,0,0
306,57,4,0,0,0.0,0.0,0,0,0,0,0,0,0,0,0.013071895424836602,0,1,0,0
1838,275,15,0,0,0.0,0.022850924918389554,0,0,0,0,0,0,0,0,0.021218715995647442,0,2,0,0
213,32,5,0,0,0.0,0.056338028169014086,0,0,0,0,0,0,0,0,0.051643192488262914,0,0,0,0
4263,714,64,25,5,0.09994103773584906,0.01055594651653765,0,0,0,0,0,1,2,0,0.024630541871921183,33,18,0,0
718,116,10,0,0,0.0,0.08217270194986072,0,0,0,0,0,0,0,2,0.04735376044568245,2,2,0,0
183,27,2,0,0,0.0,0.03278688524590164,0,0,0,0,1,0,0,0,0.02185792349726776,0,0,0,0
272,48,2,0,0,0.0,0.025735294117647058,0,0,0,0,0,0,3,0,0.025735294117647058,1,0,0,0
371,61,6,0,0,0.0,0.10242587601078167,0,0,0,0,0,0,0,0,0.04851752021563342,0,0,0,0
26,6,1,0,0,0.0,0.0,0,0,0,0,0,0,0,0,0.0,0,0,0,0
417,69,4,0,1,0.0,0.050359712230215826,0,0,0,0,0,0,0,0,0.06474820143884892,0,1,0,0
1132,199,9,0,1,0.0,0.01060070671378092,0,0,0,0,0,0,0,0,0.0176678445229682,4,4,0,0
1149,215,18,3,10,0.0,0.0026109660574412533,0,0,0,0,0,0,0,0,0.02175805047867711,5,10,0,0
1586,232,11,0,0,0.0,0.06746532156368222,0,0,0,0,0,0,0,0,0.09583858764186633,1,2,0,0
559,109,7,1,0,0.06476683937823834,0.028622540250447227,1,0,0,0,0,0,0,0,0.0626118067978533,0,0,0,0
4777,796,42,7,2,0.0,0.027213732468076197,0,0,0,0,0,0,0,0,0.04772870002093364,1,10,0,0
3239,504,22,0,0,0.0,0.006792219820932387,0,0,0,0,1,0,0,0,0.015436863229391787,0,0,0,0
118,16,1,0,0,0.0,0.0,0,0,0,0,1,0,0,0,0.025423728813559324,2,2,0,0
456,52,1,0,0,0.0,0.043859649122807015,0,0,0,0,0,0,0,0,0.02412280701754386,1,2,0,0
1525,232,19,0,1,0.0,0.02622950819672131,0,0,0,0,1,0,0,0,0.06819672131147542,0,1,0,0
236,41,1,0,1,0.0,0.0,0,0,0,0,1,0,0,0,0.03389830508474576,0,2,0,0
839,146,17,2,3,0.0,0.0166865315852205,0,0,0,0,0,0,0,0,0.03694874851013111,0,1,0,0
632,126,7,1,0,0.0,0.0490506329113924,0,0,0,0,0,0,0,0,0.0379746835443038,0,0,0,0
1860,293,18,0,0,0.0,0.004301075268817204,0,0,0,0,1,0,0,0,0.017741935483870968,0,2,0,0
1351,201,9,0,0,0.0,0.007401924500370096,0,0,0,0,0,0,0,0,0.02072538860103627,0,0,0,0
1073,171,16,0,0,0.0,0.010251630941286114,0,0,0,0,0,0,0,0,0.021435228331780055,2,1,0,0
2376,427,23,1,0,0.06973058637083994,0.007575757575757576,1,0,0,0,0,0,1,0,0.01978114478114478,4,1,0,0
384,74,9,6,1,0.0,0.010416666666666666,0,0,0,0,0,0,0,0,0.03125,0,1,0,0
1068,200,7,0,0,0.0,0.26591760299625467,0,0,0,0,0,0,0,0,0.06554307116104868,1,2,0,0
1508,235,12,1,0,0.0,0.004641909814323607,0,0,0,0,0,0,0,0,0.022546419098143235,4,4,0,0
7658,997,333,3,4,0.0,0.00953251501697571,0,0,0,0,0,0,0,0,0.10211543483938365,10,17,0,0
178,20,3,0,0,0.01834862385321101,0.0,1,1,0,0,0,0,0,0,0.28651685393258425,0,0,0,1
1042,173,11,0,0,0.0,0.03166986564299424,0,0,0,0,0,0,0,0,0.045105566218809984,0,2,0,0
849,156,5,0,0,0.0,0.04240282685512368,0,0,0,0,0,0,3,0,0.045936395759717315,2,5,0,0
2016,339,37,2,2,0.040915395284327326,0.006448412698412698,6,1,0,0,0,2,0,0,0.08779761904761904,3,4,1,1
171,33,3,0,0,0.0,0.0,0,0,0,0,0,0,0,0,0.017543859649122806,1,2,0,0
573,99,7,0,1,0.0,0.0,0,0,0,0,0,0,0,0,0.020942408376963352,0,0,0,0
798,142,15,0,0,0.06,0.03508771929824561,3,0,0,0,1,0,1,0,0.05388471177944862,0,1,1,1
1559,256,12,0,1,0.0,0.011545862732520847,0,0,0,0,0,0,0,0,0.042334830019243104,0,1,0,0
572,92,4,0,0,0.0,0.008741258741258742,0,0,0,0,1,0,0,0,0.033216783216783216,0,2,0,0
2563,435,26,0,1,0.0,0.01443620756925478,0,0,0,0,0,0,1,0,0.04057744830277019,3,8,0,0
594,89,12,0,3,0.0,0.10606060606060606,0,0,0,0,0,0,0,3,0.04882154882154882,0,0,0,1
936,151,7,0,1,0.0,0.03311965811965812,0,0,0,0,1,0,0,0,0.07051282051282051,0,1,0,0
283,46,4,0,0,0.0,0.0,0,0,0,0,1,0,0,0,0.024734982332155476,0,1,0,0
654,122,9,0,1,0.0,0.0045871559633027525,0,0,0,0,0,0,0,0,0.019877675840978593,0,0,0,0
120,21,4,0,0,0.0,0.016666666666666666,0,0,0,0,0,0,1,0,0.03333333333333333,0,0,0,0
134332,21912,1400,0,38,0.0,0.017635410773307925,0,0,0,0,1,0,202,1,0.02452877944197957,211,335,0,0
1048,197,16,0,0,0.03488372093023256,0.02194656488549618,1,2,0,0,1,0,0,0,0.04103053435114504,0,0,0,0
1520,251,22,0,0,0.0,0.026973684210526316,0,0,0,0,0,0,0,0,0.031578947368421054,6,6,0,0
1220,175,16,2,0,0.0,0.04344262295081967,0,0,0,0,0,0,0,0,0.07295081967213114,0,0,0,0
1400,253,15,0,0,0.0,0.008571428571428572,0,0,0,0,0,0,0,0,0.018571428571428572,3,4,0,0
495,85,4,0,1,0.0,0.00202020202020202,0,0,0,0,0,0,0,0,0.012121212121212121,1,2,0,0
426,56,5,0,0,0.0,0.06103286384976526,0,0,0,0,1,0,0,0,0.17370892018779344,0,0,0,0
919,129,18,0,2,0.0,0.07072905331882481,0,0,0,0,0,0,0,3,0.055495103373231776,1,0,0,1
438,75,5,0,0,0.0756578947368421,0.07534246575342465,0,0,0,0,0,3,0,2,0.045662100456621,3,1,0,1
310,47,4,4,0,0.0,0.0032258064516129032,0,0,0,0,0,0,0,0,0.025806451612903226,0,0,0,0
1393,176,1,0,0,0.0,0.005025125628140704,0,0,0,0,0,0,1,0,0.002871500358937545,0,0,0,0
971,155,9,0,0,0.0,0.053553038105046344,0,0,0,0,0,0,0,0,0.07518022657054584,0,3,0,0
1808,321,14,1,3,0.0,0.020464601769911505,0,0,0,0,1,0,1,0,0.04922566371681416,1,2,0,0
4714,777,51,1,7,0.09925293489861259,0.010818837505303353,0,1,0,0,0,1,0,0,0.025668222316504032,3,3,0,1
741,118,13,3,1,0.0,0.02699055330634278,0,0,0,0,0,0,0,0,0.03913630229419703,1,1,0,0
2450,440,21,1,0,0.0,0.005306122448979592,0,0,0,0,0,0,0,0,0.010612244897959184,4,4,0,0
1757,343,16,0,0,0.0,0.0,0,0,0,0,0,0,0,0,0.01309049516220831,1,9,0,0
1953,300,82,0,66,0.0,0.05069124423963134,0,0,0,0,1,0,0,3,0.08499743983614952,4,4,0,0
4627,705,40,0,0,0.0,0.01837043440674303,0,0,0,0,0,0,0,1,0.036092500540306896,0,3,0,1
2741,438,28,1,2,0.0,0.012039401678219628,0,0,0,0,0,0,0,0,0.024808464064210143,4,5,0,0
375,50,3,0,0,0.0,0.07466666666666667,0,0,0,0,1,0,0,0,0.176,0,0,0,0
540,90,3,0,1,0.0,0.022222222222222223,0,0,0,0,0,0,0,0,0.024074074074074074,0,1,0,0
2857,488,18,0,0,0.0,0.0021001050052502626,0,0,0,0,0,0,0,0,0.022051102555127756,6,8,0,0
2092,322,22,0,0,0.0,0.007170172084130019,0,0,0,0,1,0,2,0,0.02055449330783939,2,2,0,1
696,128,9,0,0,0.0,0.017241379310344827,0,0,0,0,0,0,0,0,0.02586206896551724,0,0,0,0
122,21,1,0,0,0.0,0.16393442622950818,0,0,0,0,1,0,0,0,0.040983606557377046,0,0,0,0
765,129,8,0,0,0.0,0.03398692810457516,0,0,0,0,0,0,0,0,0.02483660130718954,1,3,0,0
978,172,8,0,1,0.0,0.0,0,0,0,0,1,0,0,0,0.023517382413087935,0,1,0,0
660,119,8,0,0,0.0,0.09242424242424242,0,0,0,0,0,0,2,0,0.05,2,2,0,0
1980,343,29,0,0,0.0,0.024242424242424242,0,0,0,0,0,0,0,0,0.026262626262626262,1,3,0,0
420,71,9,0,1,0.0,0.0,0,0,0,0,0,0,0,0,0.03571428571428571,1,0,0,0
515,87,4,0,0,0.0,0.017475728155339806,0,0,0,0,1,0,0,0,0.05048543689320388,0,2,0,0
385,69,2,0,0,0.08970099667774087,0.025974025974025976,0,0,0,0,0,2,0,0,0.007792207792207792,4,2,0,0
626,110,10,0,1,0.0,0.04153354632587859,0,0,0,0,0,0,0,0,0.04153354632587859,0,0,0,0
988,162,14,0,0,0.0,0.019230769230769232,0,0,0,0,0,0,0,0,0.04149797570850203,0,1,0,0
500,84,9,0,0,0.0,0.048,0,0,0,0,0,0,2,0,0.048,0,1,0,0
1821,350,9,0,0,0.0,0.2097748489840747,0,0,0,0,0,0,9,0,0.04832509610104338,0,7,0,0
4635,784,71,6,6,0.0,0.027184466019417475,0,0,0,0,1,0,0,0,0.04681769147788565,1,8,0,0
570,83,10,0,1,0.04087193460490463,0.0,2,1,0,0,0,0,0,0,0.21052631578947367,0,0,0,1
1207,226,11,0,0,0.0,0.013256006628003313,0,0,0,0,1,0,2,0,0.016570008285004142,1,5,0,0
4220,606,33,0,0,0.0,0.005213270142180095,0,0,0,0,0,2,0,0,0.035071090047393366,0,0,0,0
1208,273,1,0,0,0.0,0.5885761589403974,0,0,0,0,0,0,0,56,0.0016556291390728477,0,0,0,1
295,42,1,0,0,0.0,0.010169491525423728,0,0,0,0,0,0,0,0,0.01694915254237288,1,0,0,0
2117,309,28,0,0,0.0,0.05857345299952763,0,0,0,0,0,0,0,3,0.08974964572508266,1,1,0,0
1892,321,29,0,2,0.0,0.08773784355179703,0,0,0,0,1,0,0,0,0.06712473572938689,2,3,0,0
1013,151,10,0,1,0.0,0.019743336623889437,0,0,0,0,1,0,0,0,0.07403751233958539,0,2,0,0
477,82,5,0,0,0.0,0.050314465408805034,0,0,0,0,0,0,0,0,0.03773584905660377,0,0,0,0
755,136,10,0,0,0.0,0.031788079470198675,0,0,0,0,0,0,0,0,0.030463576158940398,0,0,0,0
5555,930,43,0,1,0.0,0.013141314131413142,0,0,0,0,0,0,6,0,0.033123312331233126,4,9,0,0
1975,339,15,0,1,0.0,0.0060759493670886075,0,0,0,0,0,0,0,0,0.021772151898734177,0,4,0,0
32123,5412,374,0,11,0.0,0.024530710083118017,0,0,0,0,1,0,36,0,0.025900445163901255,43,49,0,0
141,21,2,0,0,0.0,0.07092198581560284,0,0,0,0,0,0,0,0,0.0425531914893617,0,0,0,0
1404,220,8,0,0,0.0,0.0,0,0,0,0,0,0,0,0,0.01282051282051282,3,4,0,0
388,68,7,0,1,0.0,0.020618556701030927,0,0,0,0,0,0,0,0,0.02577319587628866,1,2,0,0
2048,332,11,0,1,0.0,0.01318359375,0,0,0,0,0,0,0,0,0.03125,6,8,0,0
213,40,2,0,0,0.0,0.0,0,0,0,0,0,0,0,0,0.009389671361502348,0,2,0,0
2198,356,30,2,0,0.0,0.018198362147406732,0,0,0,0,0,0,2,0,0.02456778889899909,2,2,0,0
980,155,7,1,0,0.0,0.030612244897959183,0,0,0,0,0,0,0,0,0.07244897959183673,0,3,0,0
801,132,8,0,0,0.0,0.011235955056179775,0,0,0,0,1,0,0,0,0.04244694132334582,0,0,0,0
1445,257,15,0,2,0.0,0.08512110726643599,0,0,0,0,0,0,0,0,0.06505190311418685,0,5,0,0
2412,421,22,0,0,0.0,0.0439469320066335,0,0,0,0,1,0,1,2,0.031923714759535655,5,9,0,0
131,25,5,0,1,0.0,0.11450381679389313,1,0,0,0,0,0,0,1,0.07633587786259542,0,0,0,0
391,69,4,0,0,0.0,0.03836317135549872,0,0,0,0,1,0,0,0,0.020460358056265986,1,1,0,0
6327,1014,52,0,0,0.0,0.010589536905326378,0,0,0,0,0,0,16,0,0.022285443338074917,3,2,0,0
1042,184,13,0,1,0.06658446362515413,0.0009596928982725527,1,2,2,1,0,0,0,0,0.028790786948176585,4,1,0,0
814,134,7,0,0,0.0,0.0,0,0,0,0,0,0,0,0,0.018427518427518427,0,0,0,0
5856,872,15,0,0,0.0,0.004098360655737705,0,0,0,0,0,0,0,0,0.03090846994535519,2,5,0,0
1838,300,21,6,2,0.4688449848024316,0.002176278563656148,0,0,0,0,0,1,2,0,0.07725788900979326,3,8,0,1
1443,253,23,2,1,0.0,0.012474012474012475,0,0,0,0,0,0,1,0,0.03395703395703396,9,6,0,0
3423,559,33,1,0,0.0,0.03856266432953549,0,0,0,0,1,0,1,4,0.025416301489921123,21,27,0,0
125,19,1,0,0,0.0,0.0,0,0,0,0,1,0,0,0,0.024,0,0,0,0
409,59,6,0,0,0.0,0.061124694376528114,0,0,0,0,0,0,0,1,0.04156479217603912,1,0,0,1
240,41,4,1,0,0.0,0.0,0,0,0,0,0,0,0,0,0.025,0,1,0,0
3101,607,81,24,7,0.0,0.0032247662044501773,0,0,0,0,0,0,0,0,0.030957755562721703,2,16,0,1
1013,163,13,0,1,0.0,0.029615004935834157,0,0,0,0,0,0,0,0,0.055281342546890426,0,1,0,0
729,126,7,0,0,0.0,0.0,0,0,0,0,1,0,0,0,0.023319615912208505,0,0,0,0
486,91,5,0,0,0.0,0.0,0,0,0,0,0,0,0,0,0.03497942386831276,0,1,0,0
871,139,13,1,0,0.0589171974522293,0.0,1,0,0,0,0,0,0,0,0.10677382319173363,2,2,0,1
1044,163,7,0,1,0.0,0.02490421455938697,0,0,0,0,1,0,0,0,0.023946360153256706,5,5,0,1
1247,155,3,0,1,0.0,0.0032076984763432237,0,0,0,0,0,0,0,0,0.05292702485966319,0,1,0,0
5214,803,59,1,1,0.0,0.018603759110088224,0,0,0,0,1,0,6,0,0.03049482163406214,5,5,0,0
1871,304,28,1,0,0.0,0.022982362373062535,0,0,0,0,0,0,0,0,0.03367183324425441,1,2,0,0
535,83,5,0,0,0.0,0.052336448598130844,0,0,0,0,1,0,0,1,0.07476635514018691,0,0,0,0
5586,963,36,1,9,0.0,0.00895094880057286,0,0,0,0,0,0,0,0,0.021482277121374866,1,1,0,0
895,144,11,0,0,0.0,0.024581005586592177,0,0,0,0,1,0,0,0,0.02346368715083799,0,0,0,0
673,114,10,3,0,0.0,0.017830609212481426,0,0,0,0,0,1,0,0,0.04606240713224369,2,3,0,0
2897,458,16,0,1,0.0,0.02554366586123576,0,0,0,0,1,0,0,0,0.04349326889886089,1,0,0,0
458,77,5,0,0,0.0,0.03275109170305677,0,0,0,0,0,0,1,0,0.021834061135371178,0,2,0,0
633,105,8,0,0,0.0,0.014218009478672985,0,0,0,0,0,0,0,0,0.05687203791469194,0,1,0,0
575,94,8,0,0,0.0,0.006956521739130435,0,0,0,0,0,0,1,0,0.06434782608695652,0,0,0,0
715,108,18,0,0,0.0,0.023776223776223775,0,0,0,0,1,0,0,0,0.06713286713286713,0,0,0,0
1591,251,17,0,1,0.0,0.0056568196103079825,0,0,0,0,0,0,0,0,0.03834066624764299,4,3,0,0
343,50,3,0,0,0.0,0.08454810495626822,0,0,0,0,1,0,0,2,0.06997084548104957,0,0,0,0
258,42,16,0,8,0.0,0.0,0,0,0,0,0,0,0,0,0.06201550387596899,0,0,0,0
1845,280,18,0,0,0.0,0.054742547425474256,0,0,0,0,0,0,0,0,0.053116531165311655,3,3,0,0
3188,532,38,1,7,0.0,0.06775407779171895,0,0,0,0,1,0,5,0,0.049247176913425346,0,15,0,0
201,41,3,0,0,0.0,0.0,0,0,0,0,0,0,0,0,0.029850746268656716,0,0,0,0
825,145,18,0,0,0.0,0.1103030303030303,0,0,0,0,0,0,0,0,0.06060606060606061,0,0,0,0
3607,576,26,0,1,0.0,0.024674244524535625,0,0,0,0,0,0,0,0,0.050180205156639866,3,6,0,0
1455,216,6,0,0,0.0,0.03917525773195876,0,0,0,0,1,0,0,0,0.08247422680412371,1,1,0,0
538,158,14,0,1,0.0,0.13940520446096655,0,0,0,0,0,0,1,0,0.027881040892193308,0,0,0,0
9849,1601,56,0,6,0.0,0.0035536602700781805,0,0,0,0,1,0,10,0,0.01594070464006498,6,17,0,0
3595,630,34,0,0,0.0,0.030598052851182198,0,0,0,0,0,0,14,0,0.03282336578581363,3,3,0,0
649,114,6,0,0,0.0,0.0,0,0,0,0,0,0,0,0,0.01848998459167951,0,1,0,0
109,19,4,0,1,0.0,0.0,0,0,0,0,0,0,0,0,0.05504587155963303,0,0,0,0
932,146,10,0,0,0.0,0.018240343347639486,0,0,0,0,0,0,1,0,0.023605150214592276,1,1,0,0
2327,345,11,0,0,0.0,0.0,0,0,0,0,0,0,0,0,0.015900300816501935,2,5,0,0
3112,514,27,1,7,0.0,0.043701799485861184,0,0,0,0,0,0,0,0,0.06362467866323908,4,2,0,0
3067,460,33,0,0,0.0,0.013042060645582002,0,0,0,0,0,0,2,2,0.029670687968699056,6,4,0,0
414,79,5,0,0,0.0,0.03864734299516908,0,0,0,0,0,0,0,0,0.028985507246376812,1,1,0,0
2579,402,30,5,1,0.0,0.019387359441644048,0,0,0,0,0,2,2,0,0.017448623497479644,9,8,0,0
920,161,4,0,0,0.0,0.14565217391304347,0,0,0,0,0,0,0,1,0.03804347826086957,2,7,0,0
1217,210,13,0,0,0.0,0.029580936729663106,0,0,0,0,0,0,0,0,0.02875924404272802,2,2,0,0
601,111,7,1,0,0.05236907730673317,0.024958402662229616,0,0,0,0,0,0,0,0,0.03161397670549085,0,0,0,1
446,58,1,0,0,0.0,0.1031390134529148,0,0,0,0,0,0,0,0,0.15695067264573992,0,0,0,0
387,77,5,1,1,0.0,0.03359173126614987,0,0,0,0,0,1,0,0,0.025839793281653745,0,0,0,0
278,54,7,0,0,0.06557377049180328,0.10071942446043165,2,0,0,0,0,0,0,0,0.08273381294964029,0,0,0,0
1096,183,26,0,0,0.0,0.02645985401459854,0,0,0,0,0,0,0,0,0.058394160583941604,1,1,0,0
157,30,2,0,0,0.0,0.01910828025477707,0,0,0,0,1,0,0,0,0.03184713375796178,0,1,0,0
350,44,3,0,0,0.0,0.07428571428571429,0,0,0,0,1,0,0,0,0.18857142857142858,0,0,0,0
612,97,7,0,0,0.0,0.05392156862745098,0,0,0,0,0,0,0,2,0.029411764705882353,0,1,0,0
163,32,3,2,0,0.0,0.018404907975460124,0,0,0,0,0,1,0,0,0.018404907975460124,2,1,0,0
715,124,5,0,1,0.0,0.0,0,0,0,0,0,0,0,0,0.023776223776223775,1,0,0,0
1081,173,11,0,3,0.0,0.05365402405180388,0,0,0,0,0,0,2,0,0.06938020351526364,0,4,0,0
6853,1088,36,0,2,0.0,0.056471618269371075,0,0,0,0,1,0,54,0,0.0296220633299285,7,8,0,0
437,70,6,0,0,0.0,0.018306636155606407,0,0,0,0,0,0,1,0,0.013729977116704805,0,0,0,0
385,75,8,1,0,0.0798611111111111,0.0,0,0,0,0,0,0,0,0,0.04415584415584416,0,0,0,0
5743,896,35,0,0,0.0,0.004353125544140693,0,0,0,0,1,0,0,0,0.023506877938359743,7,9,0,0
1153,194,6,0,1,0.0,0.026886383347788378,0,0,0,0,0,0,0,0,0.06418039895923677,3,3,0,0
897,158,15,0,0,0.0,0.06911928651059086,0,0,0,0,0,0,5,0,0.04793756967670011,0,0,0,0
1572,254,16,0,0,0.0,0.011450381679389313,0,0,0,0,0,0,1,0,0.031170483460559797,2,4,0,0
308,47,2,0,0,0.0,0.06818181818181818,0,0,0,0,0,0,0,1,0.022727272727272728,0,0,0,0
711,109,14,0,1,0.0,0.02109704641350211,0,0,0,0,1,0,0,1,0.08860759493670886,0,0,0,0
1242,206,12,0,1,0.0,0.014492753623188406,0,0,0,0,0,0,0,0,0.050724637681159424,0,2,0,0
501,81,2,0,0,0.0,0.007984031936127744,0,0,0,0,0,0,0,0,0.023952095808383235,0,1,0,0
1413,242,24,0,1,0.0,0.025477707006369428,0,0,0,0,1,0,3,0,0.04529370134465676,0,3,0,0
176,31,1,0,0,0.0,0.028409090909090908,0,0,0,0,0,0,0,0,0.011363636363636364,1,1,0,0
162,38,4,1,0,0.0,0.012345679012345678,0,0,0,0,0,0,0,0,0.037037037037037035,0,0,0,0
2435,434,26,1,0,0.0,0.01273100616016427,0,0,0,0,0,0,1,1,0.018069815195071868,7,2,0,0
518,74,7,0,1,0.0,0.02702702702702703,0,0,0,0,0,0,0,0,0.03474903474903475,0,0,0,0
1207,179,18,1,3,0.0,0.02236951118475559,0,0,0,0,0,0,0,0,0.06628003314001657,1,1,0,0
2158,317,33,0,15,0.0,0.004170528266913809,0,0,0,0,0,0,0,0,0.024096385542168676,1,1,0,0
361,50,8,0,1,0.0,0.0110803324099723,0,0,0,0,0,0,0,0,0.04986149584487535,2,1,0,0
209,37,5,0,2,0.0,0.009569377990430622,0,0,0,0,0,0,0,0,0.04784688995215311,0,0,0,0
2426,358,46,0,0,0.0,0.026380873866446827,0,0,0,0,0,0,0,2,0.06224237427864798,1,2,0,0
634,123,9,3,0,0.0,0.006309148264984227,0,0,0,0,0,0,0,0,0.050473186119873815,1,1,0,0
255,51,7,0,0,0.0,0.0392156862745098,0,0,0,0,1,0,0,0,0.047058823529411764,0,0,0,0
238,40,2,0,0,0.0,0.1134453781512605,0,0,0,0,0,0,0,1,0.01680672268907563,1,3,0,0
734,118,6,0,0,0.0,0.0027247956403269754,0,0,0,0,0,0,0,0,0.01907356948228883,2,2,0,0
352,56,6,0,0,0.0,0.09659090909090909,0,0,0,0,0,0,0,0,0.04261363636363636,0,0,0,0
81,13,2,0,0,0.0,0.0,0,0,0,0,0,0,0,0,0.037037037037037035,0,0,0,0
543,57,7,0,0,0.18045112781954886,0.0718232044198895,2,0,0,0,0,0,0,2,0.034990791896869246,0,0,0,1
431,56,56,1,1,0.0,0.05336426914153132,0,0,0,0,0,0,4,0,0.1345707656612529,3,1,0,0
670,112,5,0,1,0.0,0.005970149253731343,0,0,0,0,0,0,0,0,0.020895522388059702,2,2,0,0
2276,391,44,24,0,0.0,0.0320738137082601,0,0,0,0,1,0,0,1,0.07996485061511424,0,0,0,0
349,44,3,0,0,0.0,0.07449856733524356,0,0,0,0,1,0,0,0,0.18911174785100288,0,0,0,0
4073,652,48,1,4,0.0,0.020623618954087895,0,0,0,0,1,0,0,0,0.060888779769211886,5,3,0,0
1041,179,15,0,1,0.0,0.05763688760806916,0,0,0,0,0,0,0,0,0.07204610951008646,1,3,0,0
884,148,16,0,0,0.0,0.1074660633484163,0,0,0,0,0,0,23,0,0.02262443438914027,1,1,0,0
1243,196,25,0,0,0.0,0.07160096540627514,0,0,0,0,0,0,9,0,0.0418342719227675,2,5,0,0
841,146,12,0,0,0.0,0.005945303210463734,0,0,0,0,1,0,0,0,0.019024970273483946,0,2,0,0
151,28,4,0,0,0.0,0.039735099337748346,0,0,0,0,1,0,0,0,0.052980132450331126,0,0,0,0
3104,536,72,1,3,0.0,0.03608247422680412,0,0,0,0,0,0,0,4,0.04542525773195876,0,2,0,0
786,145,8,0,1,0.0,0.10687022900763359,0,0,0,0,0,0,0,0,0.04198473282442748,0,1,0,0
1630,265,10,0,0,0.0,0.024539877300613498,0,0,0,0,0,0,0,0,0.01901840490797546,0,2,0,0
406,64,9,0,0,0.0,0.06403940886699508,0,0,0,0,0,0,0,0,0.046798029556650245,1,0,0,0
472,65,14,0,0,0.0,0.05084745762711865,0,0,0,0,1,0,0,0,0.1461864406779661,1,2,0,0
164,28,2,0,0,0.0,0.03048780487804878,0,0,0,0,1,0,0,0,0.012195121951219513,0,1,0,0
1393,246,17,0,0,0.05,0.007178750897343862,1,2,0,0,0,0,0,0,0.03732950466618808,0,1,0,0
1912,337,11,0,2,0.0,0.05543933054393305,0,0,0,0,0,0,0,0,0.05543933054393305,1,5,0,0
1072,158,11,0,0,0.0,0.06623134328358209,0,0,0,0,1,0,0,0,0.06343283582089553,0,0,0,0
3162,570,38,0,3,0.0,0.002530044275774826,0,0,0,0,0,0,0,0,0.02530044275774826,1,2,0,0
3001,498,21,0,0,0.0,0.005331556147950683,0,0,0,0,1,0,0,0,0.019993335554815063,2,4,0,0
841,148,7,0,0,0.0,0.0178359096313912,0,0,0,0,0,0,1,0,0.01070154577883472,0,0,0,0
2359,440,52,1,2,0.03896882494004796,0.01738024586689275,3,4,1,1,1,0,2,1,0.07206443408223824,1,0,1,0
1270,206,26,0,8,0.0,0.051181102362204724,0,0,0,0,0,0,0,0,0.06929133858267716,0,1,0,0
626,121,9,3,0,0.0,0.009584664536741214,0,0,0,0,0,0,0,0,0.04153354632587859,1,1,0,0
221,44,9,0,0,0.0,0.0,0,0,0,0,0,0,0,0,0.06334841628959276,1,1,0,0
230,23,41,0,35,0.0,0.0,0,0,0,0,0,0,0,0,0.1826086956521739,0,0,0,0
208,35,2,0,0,0.0,0.03365384615384615,0,0,0,0,1,0,0,0,0.028846153846153848,0,1,0,0
332,59,4,1,0,0.0,0.02108433734939759,0,0,0,0,0,0,0,0,0.0391566265060241,0,1,0,0
835,140,7,0,0,0.0,0.08862275449101796,0,0,0,0,0,0,0,0,0.03952095808383234,1,4,0,0
902,138,7,0,0,0.0,0.0,0,0,0,0,0,0,0,0,0.008869179600886918,2,2,0,0
788,140,7,0,0,0.0,0.0025380710659898475,0,0,0,0,0,0,0,0,0.02284263959390863,4,2,0,0
432,67,14,0,3,0.0,0.020833333333333332,0,0,0,0,0,0,2,0,0.0787037037037037,2,2,0,0
103,17,2,0,0,0.0,0.009708737864077669,0,0,0,0,0,0,0,0,0.04854368932038835,0,0,0,0
765,123,4,0,1,0.0,0.11895424836601307,0,0,0,0,0,0,0,0,0.08496732026143791,0,0,0,0
697,95,2,0,0,0.0,0.043041606886657105,0,0,0,0,0,0,0,0,0.10043041606886657,0,0,0,0
46549,7485,488,0,16,0.0,0.018281810565210853,0,0,0,0,1,0,71,0,0.02330877140217835,81,85,0,0
4731,775,54,0,0,0.0,0.06298879729444092,0,0,0,0,0,0,0,5,0.05115197632635806,4,8,0,0
130,21,1,0,0,0.00909090909090909,0.0,0,0,0,0,0,0,0,0,0.0,0,0,0,0
63,12,2,0,0,0.0,0.19047619047619047,0,0,0,0,0,0,0,0,0.06349206349206349,0,0,0,0
48,5,3,0,0,0.0,0.0,0,0,0,0,0,0,0,0,0.08333333333333333,0,0,0,0
683,119,6,0,0,0.0,0.048316251830161056,0,0,0,0,0,0,0,0,0.032210834553440704,1,2,0,0
943,156,13,0,1,0.0,0.005302226935312832,0,0,0,0,0,0,1,0,0.033934252386002124,0,1,0,0
2707,472,83,2,22,0.0,0.04432951606944958,0,0,0,0,0,0,0,0,0.05060953084595493,1,4,0,0
1336,236,19,0,0,0.0,0.027694610778443114,0,0,0,0,1,0,0,0,0.03293413173652695,0,1,0,0
399,67,4,0,0,0.0,0.012531328320802004,0,0,0,0,1,0,0,0,0.022556390977443608,0,0,0,0
378,74,7,0,1,0.0,0.015873015873015872,0,0,0,0,0,0,0,0,0.026455026455026454,0,1,0,0
659,98,12,5,0,0.0,0.02276176024279211,0,0,0,0,0,0,0,0,0.027314112291350532,1,1,0,0
2402,349,22,0,0,0.0,0.043713572023313906,0,0,0,0,0,0,0,0,0.07452123230641132,2,3,0,0
1955,328,18,0,0,0.0,0.13810741687979539,0,0,0,0,1,0,7,3,0.020971867007672635,2,7,0,0
222,46,10,0,1,0.0,0.14414414414414414,0,0,0,0,0,0,9,0,0.04504504504504504,0,0,0,0
266,54,5,0,0,0.0,0.06390977443609022,0,0,0,0,0,0,1,0,0.02631578947368421,0,1,0,0
3352,496,51,0,4,0.0,0.038782816229116945,0,0,0,0,1,0,0,7,0.050119331742243436,11,14,0,0
159,30,1,0,0,0.0,0.1320754716981132,0,0,0,0,0,0,0,0,0.0440251572327044,0,0,0,0
314,62,2,0,0,0.0,0.0031847133757961785,0,0,0,0,0,0,0,0,0.025477707006369428,2,3,0,0
854,129,7,0,0,0.0,0.03981264637002342,0,0,0,0,1,0,0,0,0.08430913348946135,0,0,0,0
1544,278,16,0,0,0.0,0.06088082901554404,0,0,0,0,0,0,4,0,0.03756476683937824,4,4,0,0
594,112,15,1,6,0.0,0.003367003367003367,0,0,0,0,1,0,0,0,0.03872053872053872,0,0,0,0
241,45,4,0,1,0.0,0.0,0,0,0,0,0,0,0,0,0.029045643153526972,0,4,0,0
474,92,10,0,1,0.0,0.006329113924050633,0,0,0,0,0,0,0,0,0.029535864978902954,0,0,0,0
381,62,11,0,8,0.0,0.005249343832020997,0,0,0,0,0,0,0,0,0.03937007874015748,1,1,0,0
1551,269,20,0,0,0.0,0.009026434558349452,0,0,0,0,0,0,0,0,0.02321083172147002,0,0,0,0
165,27,3,0,0,0.0,0.024242424242424242,0,0,0,0,0,0,0,0,0.024242424242424242,0,0,0,0
569,90,7,1,0,0.0,0.13708260105448156,0,0,0,0,0,0,0,0,0.02460456942003515,1,1,0,0
4163,697,52,0,6,0.0,0.04227720393946673,0,0,0,0,0,0,0,0,0.06581791976939708,14,14,0,0
214,34,2,0,1,0.0,0.0,0,0,0,0,0,0,0,0,0.009345794392523364,0,0,0,0
269,48,3,0,1,0.0,0.04460966542750929,0,0,0,0,0,0,0,0,0.03345724907063197,0,0,0,0
3210,540,15,0,1,0.0,0.04984423676012461,0,0,0,0,0,0,2,0,0.05264797507788162,1,2,0,0
279,44,4,0,0,0.0,0.021505376344086023,0,0,0,0,1,0,0,0,0.02867383512544803,0,0,0,0
1420,238,17,0,0,0.0,0.022535211267605635,0,0,0,0,1,0,0,0,0.02323943661971831,5,6,0,0
21471,1164,15,6,0,0.3545855811672388,0.06366727213450701,3,2,0,0,0,0,0,2,0.01019980438731312,3,0,1,1
302,60,5,0,0,0.0,0.0,0,0,0,0,0,0,0,0,0.023178807947019868,0,0,0,0
2493,455,30,0,0,0.0,0.0048134777376654635,0,0,0,0,1,0,1,0,0.023666265543521862,0,0,0,0
456,87,6,0,0,0.0,0.019736842105263157,0,0,0,0,0,0,1,0,0.02631578947368421,0,0,0,0
808,135,1,0,0,0.0,0.01608910891089109,0,0,0,0,0,0,0,0,0.038366336633663366,0,1,0,0
703,112,6,1,1,0.0,0.02702702702702703,0,0,0,0,0,1,0,0,0.021337126600284494,2,0,0,1
1879,280,18,0,2,0.0,0.041511442256519426,0,0,0,0,1,0,0,0,0.07823310271420969,0,2,0,0
492,77,6,0,0,0.0,0.052845528455284556,0,0,0,0,0,0,0,0,0.13617886178861788,0,0,0,0
435,76,6,0,1,0.0,0.006896551724137931,0,0,0,0,0,0,0,0,0.03218390804597701,0,3,0,0
2209,362,16,0,2,0.0,0.020371208691715707,0,0,0,0,0,0,0,0,0.05658669081032141,4,12,0,0
146,22,5,0,0,0.0,0.00684931506849315,0,0,0,0,0,0,0,0,0.0547945205479452,1,1,0,0
3611,645,43,4,0,0.0,0.03433951813901966,0,0,0,0,0,0,4,0,0.03184713375796178,4,4,0,0
937,137,6,0,0,0.0,0.0,0,0,0,0,1,0,0,0,0.035218783351120594,1,3,0,0
133,23,2,0,0,0.0,0.045112781954887216,0,0,0,0,0,0,0,0,0.022556390977443608,0,1,0,0
2003,344,45,0,4,0.0,0.010484273589615577,0,0,0,0,1,0,0,0,0.044932601098352475,1,2,0,0
123,20,1,0,0,0.04807692307692308,0.0,0,0,0,0,0,0,0,0,0.008130081300813009,0,0,0,0
671,116,8,0,0,0.0,0.0,0,0,0,0,1,0,0,0,0.020864381520119227,1,1,0,0
1790,259,4,0,0,0.0,0.03128491620111732,0,0,0,0,0,0,0,0,0.07709497206703911,2,3,0,0
286,38,3,3,0,0.0,0.0,0,0,0,0,0,0,0,0,0.013986013986013986,0,0,0,0
1319,198,6,0,0,0.0,0.03335860500379075,0,0,0,0,0,0,0,0,0.06520090978013647,0,0,0,0
951,167,11,0,0,0.0,0.004206098843322818,0,0,0,0,0,0,0,0,0.02103049421661409,0,1,0,0
358,59,4,0,0,0.0,0.002793296089385475,0,0,0,0,0,0,0,0,0.01675977653631285,0,0,0,0
873,141,11,0,0,0.0,0.004581901489117984,0,0,0,0,1,0,0,0,0.016036655211912942,1,1,0,0
1808,313,19,3,1,0.1373157486423584,0.023783185840707963,0,0,0,0,0,1,0,1,0.08738938053097345,8,3,0,1
1175,189,17,1,0,0.0,0.05617021276595745,0,0,0,0,0,0,0,0,0.07829787234042553,1,4,0,0
885,151,17,3,2,0.0,0.021468926553672316,0,0,0,0,0,0,0,0,0.0327683615819209,2,2,0,0
2544,380,31,0,1,0.0,0.02790880503144654,0,0,0,0,1,0,0,0,0.05856918238993711,1,1,0,0
759,130,9,0,3,0.0,0.006587615283267457,0,0,0,0,0,0,0,0,0.026350461133069828,0,0,0,0
87,13,1,0,0,0.0,0.0,0,0,0,0,1,0,0,0,0.022988505747126436,0,0,0,0
1043,173,7,0,0,0.0,0.07766059443911794,0,0,0,0,0,0,0,0,0.028763183125599234,1,1,0,0
690,112,21,1,1,0.0,0.014492753623188406,0,0,0,0,0,0,0,0,0.04057971014492753,1,0,0,0
881,148,16,0,0,0.0,0.10783200908059024,0,0,0,0,0,0,23,0,0.022701475595913734,1,1,0,0
1115,200,21,0,0,0.0,0.013452914798206279,0,0,0,0,0,2,0,0,0.03228699551569507,0,0,0,0
10,2,1,1,0,0.0,0.0,0,0,0,0,0,0,0,0,0.1,0,0,0,0
4084,629,51,0,2,0.0,0.019833496571988248,0,0,0,0,1,1,0,0,0.039911851126346716,9,9,0,0
486,78,3,0,0,0.0,0.03292181069958848,0,0,0,0,0,0,0,0,0.024691358024691357,1,1,0,0
59,9,2,1,0,0.0,0.0,0,0,0,0,0,0,0,0,0.03389830508474576,0,0,0,0
2408,412,28,0,5,0.0,0.0049833887043189366,0,0,0,0,0,0,2,0,0.017857142857142856,4,9,0,0
3150,486,23,0,7,0.0,0.015238095238095238,0,0,0,0,0,0,1,0,0.024761904761904763,1,4,0,0
124,21,2,0,0,0.0,0.0,0,0,0,0,1,0,0,0,0.03225806451612903,0,0,0,0
1655,310,16,0,2,0.0,0.024773413897280966,0,0,0,0,0,0,0,0,0.030211480362537766,0,2,0,0
105,16,1,0,0,0.0,0.05714285714285714,0,0,0,0,1,0,0,0,0.02857142857142857,0,0,0,0
144,31,1,0,0,0.0,0.05555555555555555,0,0,0,0,0,0,0,0,0.027777777777777776,0,1,0,0
198,27,2,0,0,0.0,0.06565656565656566,0,0,0,0,0,0,0,0,0.10606060606060606,0,0,0,0
2857,436,10,0,0,0.0,0.10290514525726287,0,0,0,0,0,0,0,2,0.055652782639131954,4,6,0,0
120,16,1,0,0,0.0,0.0,0,0,0,0,0,0,0,0,0.03333333333333333,1,1,0,0
1021,172,8,0,1,0.0,0.014691478942213516,0,0,0,0,0,0,0,0,0.019588638589618023,2,3,0,0
1384,215,9,0,0,0.0,0.005780346820809248,0,0,0,0,0,0,0,0,0.01878612716763006,0,1,0,0
111,16,1,0,0,0.03260869565217391,0.0,0,0,0,0,0,0,0,0,0.018018018018018018,0,0,0,0
694,124,9,0,0,0.0,0.056195965417867436,0,0,0,0,0,0,0,1,0.0345821325648415,1,2,0,0
242,39,4,0,0,0.0,0.0371900826446281,0,0,0,0,0,0,0,0,0.10743801652892562,0,0,0,0
9112,1406,72,0,0,0.0,0.004499561018437226,0,0,0,0,0,0,1,0,0.019205443371378403,5,4,0,0
30,6,1,0,0,0.0,0.0,0,0,0,0,0,0,0,0,0.03333333333333333,0,0,0,0
363,55,3,0,0,0.0,0.05234159779614325,0,0,0,0,1,0,0,0,0.06611570247933884,0,0,0,0
1046,170,12,0,0,0.0,0.04110898661567878,0,0,0,0,0,0,0,1,0.03154875717017208,4,1,0,0
1189,213,31,4,3,0.0,0.0,0,0,0,0,0,0,0,0,0.04289318755256518,3,4,0,0
1329,214,14,0,0,0.0,0.0,0,0,0,0,0,0,0,0,0.015048908954100828,2,8,0,0
585,84,3,0,0,0.0,0.044444444444444446,0,0,0,0,0,0,0,0,0.10085470085470086,0,0,0,0
253,46,5,0,0,0.0,0.0,0,0,0,0,0,0,0,0,0.03162055335968379,0,0,0,0
1443,221,24,0,2,0.0,0.02494802494802495,0,0,0,0,0,0,0,0,0.08246708246708247,0,0,0,0
3493,571,40,1,0,0.033940693104680245,0.017749785284855425,1,2,0,0,0,3,0,0,0.0214715144574864,4,5,0,0
390,58,4,4,0,0.0,0.002564102564102564,0,0,0,0,0,0,0,0,0.04871794871794872,0,0,0,0
520,99,5,0,0,0.0,0.03461538461538462,0,0,0,0,0,0,0,1,0.019230769230769232,0,0,0,0
361,47,4,0,0,0.0,0.07202216066481995,0,0,0,0,1,0,0,0,0.1883656509695291,0,0,0,0
272,30,1,0,0,0.0,0.09558823529411764,0,0,0,0,0,0,0,0,0.20955882352941177,0,0,0,0
251,34,1,0,0,0.0,0.08366533864541832,0,0,0,0,0,0,0,0,0.05976095617529881,0,0,0,0
325,39,3,0,0,0.0,0.07384615384615385,0,0,0,0,0,0,0,0,0.17846153846153845,0,0,0,0
690,114,10,0,1,0.0,0.0536231884057971,0,0,0,0,0,0,3,0,0.09855072463768116,0,1,0,0
3103,511,45,0,5,0.0,0.04640670319046084,0,0,0,0,1,0,0,0,0.06703190460844344,1,7,0,0
1087,189,6,1,0,0.0,0.011039558417663294,0,0,0,0,1,0,0,0,0.019319227230910764,3,2,0,0
1074,177,13,6,3,0.0,0.00558659217877095,0,0,0,0,0,0,0,0,0.024208566108007448,1,1,0,0
148,24,2,0,0,0.0,0.0,0,0,0,0,0,0,0,0,0.013513513513513514,0,0,0,0
1706,252,13,0,0,0.0,0.016412661195779603,0,0,0,0,0,0,0,0,0.023446658851113716,0,1,0,0
3388,519,33,0,1,0.0,0.011806375442739079,0,0,0,0,0,0,0,0,0.06198347107438017,1,2,0,0
1791,294,15,0,0,0.0,0.04243439419318816,0,0,0,0,0,0,0,0,0.03015075376884422,0,2,0,0
458,65,8,3,1,0.0,0.0,0,0,0,0,0,2,0,0,0.024017467248908297,1,1,0,0
709,116,14,3,0,0.0,0.005641748942172073,0,0,0,0,0,0,0,0,0.036671368124118475,4,2,0,0
418,78,5,0,0,0.0,0.0023923444976076554,0,0,0,0,1,0,0,0,0.0215311004784689,0,1,0,0
493,61,6,0,1,0.0,0.0,0,0,0,0,0,0,0,0,0.012170385395537525,0,0,0,1
148,24,6,0,0,0.0,0.20270270270270271,0,0,0,0,0,0,0,0,0.0472972972972973,0,0,0,0
122,24,2,0,0,0.0,0.0,0,0,0,0,1,0,0,0,0.01639344262295082,0,1,0,0
151,30,4,0,1,0.0,0.09933774834437085,0,0,0,0,0,0,0,0,0.033112582781456956,0,2,0,0
234,51,4,0,1,0.0,0.12393162393162394,0,0,0,0,0,0,0,0,0.02564102564102564,0,3,0,0
541,65,7,0,3,0.0,0.033271719038817,0,0,0,0,0,0,0,0,0.10720887245841035,0,0,0,0
1015,171,19,3,4,0.0,0.03251231527093596,0,0,0,0,0,0,1,0,0.04729064039408867,0,7,0,0
402,54,7,0,0,0.0,0.06716417910447761,0,0,0,0,1,0,0,0,0.17661691542288557,0,0,0,0
279,23,3,0,0,0.0,0.0,0,0,0,0,0,2,0,0,0.2114695340501792,1,1,0,0
1118,184,18,0,2,0.0,0.06440071556350627,0,0,0,0,0,0,0,0,0.07155635062611806,0,1,0,0
5497,786,36,0,3,0.0,0.012188466436237949,0,0,0,0,1,0,3,0,0.01928324540658541,2,11,0,0
2783,479,33,0,1,0.0,0.0017966223499820337,0,0,0,0,0,0,0,0,0.01760689902982393,3,9,0,0
741,108,10,0,0,0.0,0.05668016194331984,0,0,0,0,1,0,1,0,0.06882591093117409,0,0,0,0
1039,176,8,2,0,0.0,0.04908565928777671,0,0,0,0,0,0,0,0,0.07314725697786333,1,1,0,0
388,70,8,0,0,0.0,0.18556701030927836,0,0,0,0,0,0,5,0,0.059278350515463915,0,3,0,0
1850,320,20,2,1,0.0,0.011351351351351352,0,0,0,0,0,5,2,0,0.02,2,6,0,0
307,54,1,0,0,0.0,0.08794788273615635,0,0,0,0,0,0,0,0,0.04560260586319218,0,0,0,0
537,90,7,1,0,0.0,0.027932960893854747,0,0,0,0,0,0,0,0,0.0297951582867784,1,1,0,0
515,83,15,0,0,0.0,0.0,0,0,0,0,0,0,0,0,0.06019417475728155,0,2,0,0
489,68,9,0,1,0.0,0.04294478527607362,0,0,0,0,0,0,5,0,0.0408997955010225,0,0,0,0
520,97,6,0,0,0.0,0.03653846153846154,0,0,0,0,0,0,2,0,0.026923076923076925,2,2,0,0
706,130,6,0,0,0.0,0.0,0,0,0,0,0,0,0,0,0.026912181303116147,0,2,0,0
465,79,23,0,4,0.0,0.0064516129032258064,0,0,0,0,0,0,2,0,0.08387096774193549,2,2,0,0
110,16,4,4,0,0.0,0.0,0,0,0,0,0,0,0,0,0.05454545454545454,0,0,0,0
562,85,15,0,0,0.0,0.05338078291814947,0,0,0,0,1,0,0,0,0.037366548042704624,1,1,0,0
2886,447,94,0,31,0.0,0.07207207207207207,0,0,0,0,0,0,0,0,0.08593208593208593,0,2,0,0
1362,239,13,1,0,0.0,0.013215859030837005,0,0,0,0,0,0,8,0,0.021292217327459617,1,3,0,0
75,15,3,0,0,0.0,0.2,0,0,0,0,0,0,0,0,0.05333333333333334,0,0,0,0
210,34,3,0,0,0.0,0.15714285714285714,0,0,0,0,0,0,0,0,0.06666666666666667,0,0,0,0
1005,152,13,0,0,0.0,0.013930348258706468,0,0,0,0,0,0,0,0,0.07661691542288557,0,0,0,0
102,18,1,0,0,0.0,0.0784313725490196,0,0,0,0,0,0,0,0,0.029411764705882353,1,2,0,0
1173,197,14,0,0,0.0,0.026427962489343565,0,0,0,0,1,0,1,0,0.03154305200341006,0,0,0,0
1236,194,19,3,7,0.0,0.009708737864077669,0,0,0,0,0,0,2,0,0.02912621359223301,9,11,0,0
6625,829,52,0,1,0.0,0.044830188679245285,0,0,0,0,0,0,0,2,0.0369811320754717,6,3,0,0
5208,742,8,0,0,0.0,0.004800307219662059,0,0,0,0,0,0,0,0,0.032642089093702,1,2,0,0
250,51,5,0,0,0.0,0.02,0,0,0,0,0,0,0,0,0.024,0,0,0,0
842,134,12,7,0,0.08503937007874016,0.043942992874109264,0,0,0,0,0,1,4,0,0.04275534441805225,1,0,0,0
2428,435,31,0,0,0.0,0.004118616144975288,0,0,0,0,0,0,0,0,0.01688632619439868,4,4,0,0
1250,185,8,1,0,0.0,0.0256,0,0,0,0,0,0,0,0,0.0872,0,8,0,0
233,32,1,0,0,0.0,0.0,0,0,0,0,0,0,0,0,0.0,0,0,0,0
351,57,4,1,0,0.0,0.0,0,0,0,0,0,0,0,0,0.017094017094017096,0,0,0,0
950,169,11,1,1,0.0,0.02,0,0,0,0,0,0,0,0,0.04421052631578947,0,3,0,0
186,31,2,0,0,0.0,0.026881720430107527,0,0,0,0,0,0,0,0,0.016129032258064516,0,0,0,0
194,40,5,0,2,0.0,0.0,0,0,0,0,0,0,0,0,0.02577319587628866,0,1,0,0
2847,507,27,3,3,0.0,0.01966982788900597,0,0,0,0,0,0,5,0,0.02845100105374078,5,11,0,0
899,167,16,0,12,0.0,0.008898776418242492,0,0,0,0,0,0,0,0,0.030033370411568408,4,6,0,0
835,112,12,0,2,0.0,0.04910179640718563,0,0,0,0,0,0,0,0,0.08622754491017964,0,0,0,0
141,28,1,1,0,0.0,0.06382978723404255,0,0,0,0,0,0,0,0,0.03546099290780142,0,0,0,0
1013,125,14,0,0,0.0,0.024679170779861797,0,0,0,0,0,0,0,0,0.09378084896347483,0,0,0,0
596,114,6,0,1,0.0,0.0,0,0,0,0,0,0,0,0,0.013422818791946308,0,0,0,0
2131,348,27,0,0,0.0,0.08212106992022525,0,0,0,0,0,0,0,0,0.06335053965274519,0,3,0,0
757,128,4,0,0,0.0,0.1083223249669749,0,0,0,0,0,0,0,0,0.035667107001321,2,6,0,0
85,17,2,0,0,0.0,0.0,0,0,0,0,0,0,0,0,0.023529411764705882,0,0,0,0
736,132,5,0,2,0.0,0.002717391304347826,0,0,0,0,0,0,0,0,0.014945652173913044,2,2,0,0
755,99,13,0,0,0.0,0.022516556291390728,0,0,0,0,0,0,0,0,0.08344370860927153,0,0,0,0
3645,623,41,0,1,0.0,0.018655692729766804,0,0,0,0,1,0,0,0,0.05130315500685871,2,5,0,0
3784,656,45,0,2,0.03458697112155809,0.006342494714587738,5,0,0,0,1,1,0,1,0.03144820295983087,2,5,1,0
3973,658,51,0,0,0.0,0.010067958721369242,0,0,0,0,1,0,0,0,0.04127863075761389,1,4,0,0
1248,214,22,0,3,0.04536082474226804,0.0,1,3,4,1,0,0,0,0,0.04006410256410257,1,2,0,1
121,24,3,0,0,0.0,0.01652892561983471,0,0,0,0,0,0,0,0,0.04132231404958678,0,0,0,0
233,31,5,0,0,0.0,0.012875536480686695,0,0,0,0,0,0,0,0,0.14163090128755365,1,1,0,0
3050,494,18,0,0,0.0,0.014754098360655738,0,0,0,0,0,0,0,0,0.04557377049180328,2,7,0,0
2037,314,18,0,0,0.0,0.06136475208640157,0,0,0,0,0,0,0,0,0.052037309769268535,5,4,0,0
3718,556,53,0,6,0.0,0.036847767616998386,0,0,0,0,0,0,0,0,0.036847767616998386,1,2,0,0
665,91,5,0,0,0.0,0.06616541353383458,0,0,0,0,0,0,1,0,0.09473684210526316,2,2,0,0
97,10,1,0,0,0.0,0.0,0,0,0,0,0,0,0,0,0.26804123711340205,0,0,0,0
212,37,4,1,0,0.0,0.0,0,0,0,0,0,0,0,0,0.018867924528301886,0,1,0,0
919,153,17,0,0,0.08368200836820083,0.002176278563656148,1,4,0,0,0,0,0,0,0.04787812840043525,1,1,0,0
2384,402,21,0,0,0.0,0.015100671140939598,0,0,0,0,1,0,0,0,0.040687919463087245,0,3,0,0
1574,241,34,0,0,0.0,0.08449809402795426,0,0,0,0,0,0,0,0,0.08322744599745871,1,2,0,0
1235,168,23,0,3,0.051451187335092345,0.012955465587044534,5,2,0,0,1,0,0,0,0.20728744939271254,2,0,1,1
125,24,6,0,0,0.0,0.264,0,0,0,0,0,0,0,0,0.072,0,0,0,0
2114,333,6,0,0,0.0,0.05061494796594134,0,0,0,0,0,0,0,0,0.0695364238410596,1,7,0,0
531,91,5,0,0,0.0,0.04519774011299435,0,0,0,0,0,0,0,0,0.02824858757062147,0,1,0,0
1112,166,11,7,0,0.0,0.0035971223021582736,0,0,0,0,0,0,0,0,0.01618705035971223,1,1,0,0
1815,318,9,0,0,0.0,0.02809917355371901,0,0,0,0,0,0,1,1,0.022589531680440773,5,3,0,0
1821,333,21,0,0,0.0,0.010982976386600769,0,0,0,0,0,0,0,0,0.018671059857221308,0,0,0,0
269,36,1,0,0,0.0,0.0,0,0,0,0,0,1,0,0,0.0,0,0,0,0
322,44,2,0,0,0.0,0.11490683229813664,0,0,0,0,1,0,0,0,0.20496894409937888,0,0,0,0
305,48,3,1,1,0.0,0.0,0,0,0,0,0,0,0,0,0.02622950819672131,2,2,0,0
52,9,1,0,0,0.0,0.0,0,0,0,0,1,0,0,0,0.019230769230769232,0,0,0,0
588,99,8,0,1,0.0,0.0,0,0,0,0,0,0,0,0,0.030612244897959183,0,1,0,0
2092,366,21,1,2,0.0,0.022944550669216062,0,0,0,0,0,0,0,0,0.049235181644359464,0,7,0,0
408,59,6,0,0,0.0,0.061274509803921566,0,0,0,0,0,0,0,1,0.041666666666666664,1,0,0,1
220,34,2,0,0,0.0,0.00909090909090909,0,0,0,0,1,0,0,0,0.01818181818181818,0,0,0,0
168,28,2,0,0,0.0,0.0,0,0,0,0,1,0,0,0,0.02976190476190476,0,1,0,0
1340,227,19,0,2,0.07075962539021852,0.011194029850746268,2,1,3,1,0,0,0,0,0.0791044776119403,0,2,0,1
223,39,2,0,0,0.0,0.02242152466367713,0,0,0,0,1,0,1,0,0.03587443946188341,0,0,0,0
688,113,10,0,0,0.0,0.06686046511627906,0,0,0,0,0,0,0,0,0.0436046511627907,0,0,0,0
504,84,9,0,0,0.0,0.047619047619047616,0,0,0,0,0,0,2,0,0.047619047619047616,0,1,0,0
335,53,4,0,0,0.0,0.0,0,0,0,0,0,0,0,0,0.023880597014925373,0,0,0,0
487,74,7,0,0,0.0,0.002053388090349076,0,0,0,0,0,0,0,0,0.07186858316221766,0,0,0,0
601,94,18,1,2,0.0,0.04492512479201331,0,0,0,0,0,0,0,0,0.051580698835274545,2,2,0,0
1455,240,12,0,0,0.0,0.021993127147766325,0,0,0,0,0,0,0,0,0.02611683848797251,3,6,0,0
244,44,3,0,0,0.0,0.08196721311475409,0,0,0,0,0,0,0,0,0.045081967213114756,1,0,0,0
1538,234,18,0,0,0.0,0.04226267880364109,0,0,0,0,0,0,0,0,0.055916775032509754,2,2,0,0
450,70,6,0,0,0.0,0.022222222222222223,0,0,0,0,1,0,0,0,0.022222222222222223,0,0,0,0
794,130,14,0,1,0.05194805194805195,0.055415617128463476,2,2,0,0,0,0,0,4,0.10075566750629723,1,2,0,1
2530,381,39,0,0,0.0,0.019762845849802372,0,0,0,0,0,0,0,0,0.03596837944664032,14,15,0,0
715,123,13,0,0,0.0,0.02097902097902098,0,0,0,0,1,0,0,0,0.04895104895104895,0,0,0,0
120,19,2,0,0,0.0,0.016666666666666666,0,0,0,0,0,0,0,0,0.041666666666666664,0,0,0,0
2537,407,25,0,0,0.0,0.017343318880567598,0,0,0,0,0,0,0,0,0.023649980291683092,5,4,0,0
1144,195,9,1,0,0.0,0.01048951048951049,0,0,0,0,0,0,0,0,0.03146853146853147,0,2,0,0
1142,178,8,0,0,0.0,0.01838879159369527,0,0,0,0,0,0,0,0,0.02626970227670753,1,1,0,0
2002,335,29,1,2,0.0,0.028971028971028972,0,0,0,0,0,0,0,0,0.04395604395604396,1,3,0,0
517,71,8,0,1,0.0,0.1218568665377176,0,0,0,0,0,0,4,0,0.061895551257253385,0,0,0,0
3054,460,35,1,0,0.0,0.029469548133595286,0,0,0,0,1,0,0,0,0.06450556647020302,0,3,0,0
4169,715,45,0,0,0.0,0.012233149436315663,0,0,0,0,0,0,1,0,0.026864955624850084,3,4,0,0
1637,254,10,0,0,0.0,0.032987171655467315,0,0,0,0,1,0,0,0,0.08002443494196701,0,5,0,0
1820,309,27,1,2,0.06970954356846473,0.03296703296703297,2,5,0,0,0,0,0,0,0.05054945054945055,3,2,0,1
298,37,1,0,0,0.0,0.0,0,0,0,0,0,0,0,0,0.0,0,0,0,0
108,22,2,1,0,0.0,0.009259259259259259,0,0,0,0,0,0,0,0,0.05555555555555555,0,0,0,0
256,36,3,3,0,0.0,0.0,0,0,0,0,0,0,0,0,0.015625,0,0,0,0
2890,418,40,1,13,0.0,0.014878892733564015,0,0,0,0,0,0,0,0,0.03944636678200692,8,9,0,0
335,62,3,0,0,0.0,0.04477611940298507,0,0,0,0,0,0,1,0,0.020895522388059702,0,0,0,0
18,3,1,0,0,0.0,0.0,0,0,0,0,0,0,0,0,0.05555555555555555,0,0,0,0
384,74,9,6,1,0.0,0.010416666666666666,0,0,0,0,0,0,0,0,0.03125,0,1,0,0
4014,624,49,0,0,0.0,0.014947683109118086,0,0,0,0,1,0,0,0,0.032137518684603884,3,5,0,0
271,49,4,1,3,0.0330188679245283,0.0,0,0,0,0,0,0,0,0,0.04428044280442804,1,2,0,0
455,83,5,0,0,0.0,0.0,0,0,0,0,0,0,0,0,0.026373626373626374,0,0,0,0
364,57,5,0,0,0.0,0.04120879120879121,0,0,0,0,1,0,0,0,0.03296703296703297,0,0,0,0
4355,650,47,0,1,0.0,0.027554535017221583,0,0,0,0,1,0,0,1,0.05855338691159587,20,22,0,0
1834,296,21,0,0,0.0,0.021264994547437296,0,0,0,0,1,0,0,0,0.05234460196292257,2,6,0,0
1046,179,19,2,1,0.0,0.03537284894837476,0,0,0,0,0,0,0,2,0.045889101338432124,0,0,0,0
2300,382,22,0,0,0.0,0.006956521739130435,0,0,0,0,0,0,0,0,0.024782608695652172,3,3,0,0
4841,751,46,0,0,0.0,0.008262755629002272,0,0,0,0,1,0,0,0,0.031398471390208633,5,8,0,0
110,20,1,0,0,0.0,0.19090909090909092,0,0,0,0,0,0,0,0,0.045454545454545456,0,0,0,0
421,69,2,0,0,0.0,0.004750593824228029,0,0,0,0,0,0,0,0,0.011876484560570071,1,2,0,0
862,146,6,2,1,0.0,0.027842227378190254,0,0,0,0,0,0,0,0,0.018561484918793503,1,3,0,0
167,30,3,0,0,0.0,0.011976047904191617,0,0,0,0,0,0,0,0,0.029940119760479042,0,0,0,0
624,98,7,0,0,0.0,0.0,0,0,0,0,0,0,0,0,0.027243589743589744,1,1,0,0
295,47,4,0,0,0.0,0.03389830508474576,0,0,0,0,1,0,0,0,0.02711864406779661,0,0,0,0
1906,305,20,3,1,0.07568653717347622,0.012591815320041973,1,5,0,0,0,2,0,1,0.02098635886673662,4,7,0,1
3077,9,6,0,2,0.0,0.0025999350016249595,1,0,0,0,0,0,0,0,0.004549886252843679,0,0,0,1
1645,304,23,0,1,0.0,0.011550151975683891,0,0,0,0,0,0,0,0,0.038905775075987845,1,2,0,0
1276,215,29,2,9,0.0,0.022727272727272728,0,0,0,0,0,0,0,0,0.06661442006269593,0,0,0,0
3619,579,48,0,2,0.0,0.04697430229345123,0,0,0,0,1,0,1,0,0.05111909367228516,5,6,0,0
330,51,8,2,4,0.0,0.048484848484848485,0,0,0,0,0,0,2,0,0.08484848484848485,0,0,0,0
633,104,9,0,0,0.0,0.0315955766192733,0,0,0,0,0,0,0,0,0.037914691943127965,0,3,0,0
1255,201,11,0,0,0.0,0.0199203187250996,0,0,0,0,0,0,0,0,0.02151394422310757,1,2,0,0
384,50,5,0,0,0.0,0.044270833333333336,0,0,0,0,1,0,0,1,0.036458333333333336,0,1,0,0
235,42,2,0,0,0.0,0.00425531914893617,0,0,0,0,1,0,0,0,0.01702127659574468,0,0,0,0
1434,261,10,0,0,0.0,0.012552301255230125,0,0,0,0,0,0,0,0,0.0299860529986053,0,2,0,0
5192,854,84,0,0,0.0,0.036787365177195684,0,0,0,0,0,1,0,0,0.048728813559322036,3,3,0,0
191,37,3,0,0,0.0,0.07329842931937172,0,0,0,0,0,0,0,0,0.02617801047120419,1,2,0,0
231,35,3,0,0,0.0,0.0,0,0,0,0,1,0,0,0,0.012987012987012988,0,1,0,0
155,32,4,1,0,0.0,0.025806451612903226,0,0,0,0,0,0,0,0,0.025806451612903226,0,0,0,0
724,132,9,2,0,0.0,0.029005524861878452,0,0,0,0,0,0,0,0,0.03038674033149171,0,1,0,0
1328,231,19,0,0,0.0,0.016566265060240965,0,0,0,0,0,1,1,0,0.02635542168674699,1,0,0,0
1061,169,6,0,0,0.0,0.051837888784165884,0,0,0,0,1,1,0,0,0.0763430725730443,0,0,0,0
3060,517,30,0,1,0.0,0.014705882352941176,0,0,0,0,1,0,0,0,0.040522875816993466,0,9,0,0
1281,198,18,0,0,0.0,0.0351288056206089,0,0,0,0,1,0,0,1,0.04215456674473068,1,0,0,0
1367,214,15,0,2,0.0,0.026335040234089245,0,0,0,0,1,0,0,0,0.036576444769568395,1,2,0,0
291,45,3,1,0,0.0,0.0,0,0,0,0,0,0,0,0,0.01718213058419244,1,1,0,0
58,10,2,0,0,0.0,0.15517241379310345,0,0,0,0,0,0,0,0,0.05172413793103448,0,0,0,0
3165,533,60,0,0,0.0,0.04486571879936809,0,0,0,0,1,0,2,1,0.054976303317535544,1,3,0,0
408,47,2,0,0,0.0,0.058823529411764705,0,0,0,0,0,0,0,0,0.02696078431372549,0,0,0,0
2156,358,68,0,0,0.0,0.09693877551020408,0,0,0,0,0,0,0,1,0.07560296846011132,0,2,0,0
1031,140,8,0,0,0.0,0.006789524733268671,0,0,0,0,0,0,0,0,0.04267701260911736,1,1,0,0
852,128,17,10,0,0.0,0.07276995305164319,0,0,0,0,0,0,13,0,0.01995305164319249,4,8,0,1
362,60,4,0,1,0.0,0.0,0,0,0,0,0,0,0,0,0.022099447513812154,0,0,0,0
3771,560,29,0,1,0.0,0.03235216123044286,0,0,0,0,0,0,0,0,0.07372049854150092,1,3,0,0
323,53,8,2,1,0.0,0.009287925696594427,0,0,0,0,0,0,2,0,0.043343653250773995,3,3,0,0
790,124,10,0,0,0.0,0.005063291139240506,0,0,0,0,0,0,0,0,0.017721518987341773,1,0,0,0
309,42,1,0,0,0.0,0.03559870550161812,0,0,0,0,0,0,5,0,0.038834951456310676,0,1,0,0
809,159,14,0,1,0.0,0.0012360939431396785,0,0,0,0,0,0,0,0,0.029666254635352288,1,2,0,0
2336,325,22,1,0,0.0,0.0547945205479452,0,0,0,0,1,1,0,0,0.11215753424657535,0,0,0,0
821,115,5,0,0,0.0,0.0,0,0,0,0,0,0,0,0,0.018270401948842874,0,0,0,0
1447,231,40,1,3,0.06987951807228916,0.06565307532826538,9,1,0,0,0,1,0,4,0.15065653075328264,0,0,1,1
691,117,13,1,0,0.0,0.04341534008683068,0,0,0,0,0,0,5,0,0.04052098408104197,1,2,0,0
154,30,4,0,0,0.0,0.07142857142857142,0,0,0,0,0,0,0,0,0.045454545454545456,0,0,0,0
531,74,6,0,1,0.0,0.04896421845574388,0,0,0,0,0,0,0,0,0.1224105461393597,0,0,0,0
8161,1345,137,0,9,0.0,0.0323489768410734,0,0,0,0,1,0,0,2,0.06580075971081975,4,10,0,0
65,10,1,0,0,0.0,0.07692307692307693,0,0,0,0,0,0,0,0,0.046153846153846156,0,0,0,0
1577,277,22,5,0,0.0,0.02663284717818643,0,0,0,0,0,0,2,0,0.05009511731135067,0,9,0,0
353,71,5,0,0,0.0,0.0,0,0,0,0,0,0,0,0,0.014164305949008499,0,2,0,0
753,117,8,0,1,0.0,0.033200531208499334,0,0,0,0,0,0,0,0,0.05843293492695883,0,1,0,0
1143,163,6,0,2,0.0,0.03762029746281715,0,0,0,0,0,0,0,0,0.0699912510936133,0,0,0,0
3657,607,50,0,0,0.0,0.062346185397867106,0,0,0,0,0,0,0,2,0.045118949958982774,3,6,0,0
696,120,3,0,0,0.0,0.034482758620689655,0,0,0,0,0,0,0,0,0.031609195402298854,0,1,0,0
4398,762,31,0,0,0.0,0.005684402000909504,0,0,0,0,0,0,0,0,0.01409731696225557,4,8,0,0
506,78,8,0,0,0.0,0.02766798418972332,0,0,0,0,1,0,0,0,0.045454545454545456,0,2,0,0
44,6,8,0,0,0.0,0.0,0,0,0,0,0,0,0,0,0.18181818181818182,0,0,0,0
2412,380,18,0,0,0.0,0.07172470978441128,0,0,0,0,0,0,0,0,0.0505804311774461,5,4,0,0
850,156,11,2,0,0.0,0.02823529411764706,0,0,0,0,1,0,0,0,0.02,0,0,0,0
261,43,4,0,0,0.0,0.10344827586206896,0,0,0,0,0,0,0,0,0.06896551724137931,0,1,0,0
538,73,12,1,6,0.0,0.07434944237918216,0,0,0,0,0,0,0,0,0.1412639405204461,0,0,0,0
988,157,15,1,0,0.0,0.020242914979757085,0,0,0,0,1,2,0,0,0.038461538461538464,1,0,0,0
66,10,3,0,1,0.0,0.0,0,0,0,0,0,0,0,0,0.06060606060606061,1,1,0,0
575,85,4,0,0,0.0,0.008695652173913044,0,0,0,0,0,0,0,0,0.02608695652173913,2,2,0,0
168,27,7,1,0,0.0,0.0,0,0,0,0,0,0,0,0,0.041666666666666664,0,0,0,0
902,168,15,0,1,0.04923076923076923,0.028824833702882482,2,2,0,0,0,1,0,0,0.04212860310421286,1,2,0,1
975,157,18,0,0,0.0,0.033846153846153845,0,0,0,0,0,0,0,0,0.028717948717948718,1,1,0,0
113,18,2,0,0,0.0,0.0,0,0,0,0,0,0,0,0,0.02654867256637168,0,0,0,0
3411,555,35,0,0,0.0,0.022867194371152155,0,0,0,0,0,0,0,0,0.03136909997068309,2,4,0,0
3202,488,27,0,0,0.0,0.02061211742660837,0,0,0,0,1,0,0,0,0.034041224234853215,10,5,0,0
1494,228,11,0,0,0.0,0.018741633199464525,0,0,0,0,0,0,0,0,0.05488621151271754,0,1,0,0
287,46,3,0,1,0.0,0.18466898954703834,0,0,0,0,0,0,0,0,0.05574912891986063,0,3,0,0
4066,702,47,0,0,0.0,0.01819970486965076,0,0,0,0,0,0,0,1,0.02631578947368421,8,13,0,0
178,26,1,0,0,0.0,0.0,0,0,0,0,1,0,0,0,0.028089887640449437,0,1,0,0
365,63,2,0,0,0.0,0.057534246575342465,0,0,0,0,0,0,0,0,0.030136986301369864,0,0,0,0
438,91,5,0,0,0.0,0.2054794520547945,0,0,0,0,0,0,0,2,0.0365296803652968,0,1,0,0
1189,191,18,0,1,0.0,0.04709840201850295,0,0,0,0,1,0,0,0,0.05214465937762826,0,0,0,0
1193,202,10,2,0,0.0,0.010058675607711651,0,0,0,0,1,0,0,0,0.01592623637887678,0,1,0,0
1740,249,21,0,1,0.0,0.04482758620689655,0,0,0,0,0,0,0,0,0.08045977011494253,0,0,0,0
282,49,5,0,0,0.0,0.07092198581560284,0,0,0,0,0,0,0,0,0.031914893617021274,0,3,0,0
607,97,11,0,1,0.0,0.036243822075782535,0,0,0,0,0,0,0,0,0.08731466227347612,0,1,0,0
249,44,3,0,0,0.0,0.0,0,0,0,0,0,0,0,0,0.024096385542168676,0,1,0,0
887,147,5,0,0,0.0,0.08004509582863585,0,0,0,0,0,0,0,0,0.036076662908680945,2,6,0,0
953,172,11,0,0,0.0,0.024134312696747113,0,0,0,0,0,0,0,0,0.022035676810073453,1,2,0,0
775,135,15,1,0,0.03770491803278689,0.015483870967741935,3,1,0,0,0,0,0,0,0.03225806451612903,2,3,1,0
4177,721,36,6,5,0.0,0.011491501077328227,0,0,0,0,0,0,0,0,0.04022025377064879,1,7,0,0
353,61,5,0,2,0.0,0.0056657223796034,0,0,0,0,0,0,0,0,0.0169971671388102,0,0,0,0
361,62,3,0,1,0.0,0.0,0,0,0,0,0,0,0,0,0.0110803324099723,0,1,0,0
360,62,4,0,0,0.0,0.005555555555555556,0,0,0,0,0,0,0,0,0.016666666666666666,0,0,0,0
368,62,4,0,0,0.0,0.03804347826086957,0,0,0,0,0,0,0,0,0.029891304347826088,1,1,0,0
1781,317,19,0,0,0.0,0.005614823133071308,0,0,0,0,0,0,0,0,0.018528916339135316,4,8,0,0
569,107,4,0,0,0.0,0.0773286467486819,0,0,0,0,0,0,0,0,0.05799648506151142,1,2,0,0
537,90,10,4,0,0.0,0.0446927374301676,0,0,0,0,0,0,1,0,0.04283054003724395,5,5,0,0
421,72,4,0,0,0.0,0.07125890736342043,0,0,0,0,0,0,0,0,0.03800475059382423,0,0,0,0
117,19,1,0,0,0.0,0.0,0,0,0,0,0,0,0,0,0.02564102564102564,0,0,0,0
820,129,10,0,0,0.0,0.03902439024390244,0,0,0,0,1,0,8,0,0.03170731707317073,1,1,0,0
1414,216,7,2,0,0.0,0.019801980198019802,0,0,0,0,0,0,0,0,0.03606789250353607,0,3,0,0
83,16,1,0,0,0.0,0.0,0,0,0,0,1,0,0,0,0.012048192771084338,0,1,0,0
690,127,10,0,3,0.05639097744360902,0.013043478260869565,1,1,0,0,0,0,0,0,0.03188405797101449,0,1,0,0
3499,553,43,0,0,0.0,0.02314947127750786,0,0,0,0,0,0,1,0,0.06230351529008288,2,3,0,0
2079,354,22,0,1,0.0,0.027898027898027897,0,0,0,0,0,0,0,0,0.055796055796055795,6,1,0,0
125,20,5,3,0,0.0,0.0,0,0,0,0,0,0,0,0,0.056,0,0,0,0
60,9,1,0,0,0.0,0.06666666666666667,0,0,0,0,1,0,0,0,0.016666666666666666,1,0,0,0
2992,486,44,0,0,0.0,0.026737967914438502,0,0,0,0,1,0,0,0,0.035762032085561495,1,2,0,0
36,5,1,0,0,0.0625,0.0,0,0,0,0,0,0,0,0,0.0,1,0,0,0
524,77,5,0,1,0.0,0.01717557251908397,0,0,0,0,0,0,0,0,0.10114503816793893,0,2,0,0
873,162,10,0,0,0.0,0.044673539518900345,0,0,0,0,0,0,5,0,0.045819014891179836,3,4,0,0
1637,292,13,0,0,0.0,0.010384850335980453,0,0,0,0,1,0,1,0,0.02626756261453879,1,3,0,0
3222,540,16,0,4,0.0,0.027312228429546864,0,0,0,0,1,0,0,0,0.06641837368094351,5,3,0,1
2869,498,26,0,1,0.0,0.027884280237016383,0,0,0,0,0,0,0,0,0.044266294876263504,1,6,0,0
1894,390,5,2,0,0.0,0.11246040126715945,0,0,0,0,1,0,0,0,0.028511087645195353,6,5,0,0
1738,459,15,2,1,0.0,0.020138089758342925,0,0,0,0,1,2,2,0,0.1616800920598389,5,2,0,0
4002,606,38,0,0,0.0,0.016741629185407298,0,0,0,0,1,0,0,0,0.027736131934032984,0,3,0,0
3936,587,33,1,2,0.0,0.009654471544715448,0,0,0,0,1,0,1,0,0.022103658536585365,0,3,0,0
1668,261,18,0,2,0.0,0.015587529976019185,0,0,0,0,0,0,0,0,0.05455635491606715,1,1,0,0
10247,1671,107,0,2,0.0,0.016687811066653655,0,0,0,0,1,0,20,0,0.02322631013955304,16,17,0,0
92,8,1,0,0,0.0,0.0,0,0,0,0,0,0,0,0,0.29347826086956524,0,0,0,0
924,171,10,1,0,0.0,0.03896103896103896,0,0,0,0,1,0,0,0,0.03463203463203463,0,2,0,0
1015,179,5,2,0,0.0,0.20689655172413793,0,0,0,0,0,0,0,20,0.03251231527093596,0,0,0,0
485,76,4,0,0,0.0,0.10103092783505155,0,0,0,0,0,0,0,0,0.13195876288659794,0,0,0,0
323,58,5,0,0,0.0,0.07120743034055728,0,0,0,0,0,0,0,0,0.034055727554179564,0,0,0,0
260,45,4,0,0,0.0,0.06153846153846154,0,0,0,0,0,0,0,0,0.04230769230769231,0,0,0,0
482,83,4,0,0,0.0,0.04979253112033195,0,0,0,0,0,0,0,0,0.016597510373443983,0,0,0,0
1917,281,16,0,4,0.0,0.007303077725612937,0,0,0,0,1,0,0,0,0.036515388628064686,5,2,0,0
1167,185,24,1,0,0.04050632911392405,0.02056555269922879,3,3,0,0,1,0,0,0,0.14481576692373607,1,1,1,1
1714,283,8,1,1,0.0,0.08459743290548424,0,0,0,0,0,0,3,0,0.012252042007001166,15,14,0,0
649,96,1,0,0,0.0,0.05546995377503852,0,0,0,0,0,0,0,0,0.1016949152542373,0,0,0,0
481,87,7,0,1,0.0,0.0,0,0,0,0,0,0,0,0,0.02702702702702703,0,0,0,0
346,55,9,0,0,0.0,0.057803468208092484,0,0,0,0,0,0,0,2,0.06069364161849711,2,2,0,0
1815,321,35,3,9,0.13567362428842505,0.03085399449035813,4,2,6,1,0,5,2,0,0.0765840220385675,5,2,1,1
1501,230,16,0,3,0.0,0.018654230512991338,0,0,0,0,1,0,0,0,0.0626249167221852,0,3,0,0
1344,242,23,1,1,0.0,0.002976190476190476,0,0,0,0,0,0,0,0,0.029017857142857144,1,2,0,0
1729,294,28,0,1,0.0,0.03759398496240601,0,0,0,0,0,0,0,0,0.03932909196067091,0,3,0,0
3148,514,27,0,0,0.0,0.004764930114358323,0,0,0,0,0,1,0,0,0.021918678526048285,1,2,0,0
534,93,3,0,0,0.0,0.0149812734082397,0,0,0,0,0,0,0,0,0.02247191011235955,0,1,0,0
551,99,6,0,0,0.0,0.0,0,0,0,0,1,0,0,0,0.016333938294010888,0,1,0,0
582,91,5,0,0,0.0,0.0,0,0,0,0,0,0,0,0,0.018900343642611683,1,1,0,0
908,121,1,0,0,0.0,0.05286343612334802,0,0,0,0,1,0,0,0,0.10352422907488987,6,5,0,0
306,51,2,0,0,0.0,0.0,0,0,0,0,1,0,0,0,0.0196078431372549,0,0,0,0
166,28,4,1,0,0.0,0.0,0,0,0,0,0,0,0,0,0.030120481927710843,0,1,0,0
6017,987,51,0,3,0.0,0.010802725610769486,0,0,0,0,1,1,8,0,0.03240817683230846,2,3,0,0
399,70,5,0,0,0.0,0.020050125313283207,0,0,0,0,0,0,0,0,0.02506265664160401,0,0,0,0
73,14,1,0,0,0.0,0.0410958904109589,0,0,0,0,0,0,1,0,0.0410958904109589,0,0,0,0
1963,330,20,0,0,0.0,0.010188487009679063,0,0,0,0,1,0,0,0,0.023433520122261846,1,5,0,0
5201,822,56,0,3,0.0,0.026917900403768506,0,0,0,0,1,0,0,3,0.039800038454143434,0,1,0,0
430,70,2,0,0,0.0,0.011627906976744186,0,0,0,0,1,0,0,0,0.023255813953488372,0,0,0,0
976,134,5,0,0,0.0,0.06454918032786885,0,0,0,0,0,0,1,0,0.1260245901639344,2,1,0,0
6091,1083,66,3,1,0.0,0.019701198489574783,0,0,0,0,0,0,0,0,0.036775570513872924,3,6,0,0
2794,416,35,1,3,0.0,0.024695776664280602,0,0,0,0,1,0,0,0,0.045454545454545456,4,5,0,0
8718,1368,82,4,3,0.0,0.0182381280110117,0,0,0,0,0,0,9,0,0.03808212892865336,22,11,0,0
1443,250,30,0,2,0.0,0.018711018711018712,0,0,0,0,0,0,6,0,0.04643104643104643,0,1,0,0
481,76,13,1,1,0.06596306068601583,0.012474012474012475,3,0,0,0,0,0,0,0,0.058212058212058215,0,0,1,0
376,54,4,0,0,0.0,0.02925531914893617,0,0,0,0,0,0,0,0,0.09308510638297872,0,0,0,0
773,121,7,0,0,0.0,0.02457956015523933,0,0,0,0,1,0,0,0,0.047865459249676584,0,2,0,0
1962,312,24,2,3,0.0,0.014271151885830785,0,0,0,0,0,0,0,0,0.021916411824668705,6,8,0,0
836,155,7,0,0,0.0,0.014354066985645933,0,0,0,0,0,0,0,0,0.01555023923444976,0,0,0,0
389,62,1,0,0,0.0,0.04113110539845758,0,0,0,0,0,0,0,0,0.038560411311053984,0,1,0,0
284,48,5,0,0,0.0,0.035211267605633804,0,0,0,0,0,0,0,0,0.028169014084507043,0,2,0,0
2043,393,40,1,1,0.03787878787878788,0.005873715124816446,4,0,2,1,1,1,0,0,0.027900146842878122,6,10,1,0
335,54,3,0,0,0.0,0.005970149253731343,0,0,0,0,0,0,0,0,0.011940298507462687,0,0,0,0
101,16,1,0,0,0.0,0.0,0,0,0,0,1,0,0,0,0.009900990099009901,0,0,0,0
235,30,4,0,0,0.0,0.08085106382978724,0,0,0,0,0,0,0,0,0.07659574468085106,0,0,0,0
2083,322,18,0,2,0.0,0.040326452232357174,0,0,0,0,1,0,0,0,0.05184829572731637,0,1,0,0
3714,584,19,0,0,0.0,0.01884760366182014,0,0,0,0,0,0,0,0,0.04577275175013463,3,5,0,0
338,52,4,0,0,0.0,0.07988165680473373,0,0,0,0,0,0,0,1,0.03254437869822485,1,0,0,1
4440,669,72,0,2,0.0,0.07725225225225225,0,0,0,0,0,0,0,10,0.10540540540540541,1,10,0,0
545,92,6,0,0,0.0,0.08990825688073395,0,0,0,0,1,0,0,0,0.045871559633027525,0,1,0,0
261,45,4,0,0,0.03684210526315789,0.05747126436781609,1,0,0,0,0,0,0,0,0.04597701149425287,1,1,0,0
427,68,3,0,0,0.0,0.0,0,0,0,0,0,0,0,0,0.02107728337236534,0,0,0,0
3636,662,35,0,1,0.0,0.007700770077007701,0,0,0,0,0,1,0,0,0.022552255225522552,2,5,0,0
334,63,3,0,0,0.0,0.02694610778443114,0,0,0,0,0,0,0,0,0.02694610778443114,1,2,0,0
773,151,12,0,1,0.0,0.037516170763260026,0,0,0,0,0,0,0,0,0.027166882276843468,0,7,0,0
673,131,10,0,0,0.0,0.020802377414561663,0,0,0,0,0,0,0,0,0.02823179791976226,4,3,0,0
458,97,5,0,0,0.0,0.08733624454148471,0,0,0,0,0,0,0,0,0.13537117903930132,0,1,0,0
4863,687,85,0,0,0.0,0.024059222702035782,0,0,0,0,0,0,0,1,0.04050997326753033,2,6,0,0
3366,604,40,5,2,0.051921504497138185,0.0142602495543672,0,2,0,0,0,2,1,0,0.03238265002970885,16,16,0,1
149,31,3,0,0,0.0,0.14093959731543623,0,0,0,0,0,0,0,1,0.03355704697986577,1,2,0,0
3904,604,20,0,0,0.0,0.04943647540983607,0,0,0,0,1,0,0,0,0.0466188524590164,5,12,0,1
2640,426,25,1,0,0.0,0.023863636363636365,0,0,0,0,1,0,0,0,0.02196969696969697,11,12,0,0
603,105,6,1,0,0.0,0.008291873963515755,0,0,0,0,0,0,0,0,0.01824212271973466,1,2,0,0
868,134,14,1,2,0.0,0.029953917050691243,0,0,0,0,0,0,0,0,0.08870967741935484,0,0,0,0
201,37,3,0,0,0.0,0.01990049751243781,0,0,0,0,0,0,0,0,0.029850746268656716,0,1,0,0
1810,314,25,2,1,0.10993975903614457,0.020441988950276244,3,2,0,0,0,2,1,1,0.045303867403314914,1,2,1,0
645,116,9,0,0,0.08847736625514403,0.020155038759689922,0,0,0,0,0,0,2,0,0.021705426356589147,6,4,0,1
1314,230,13,0,1,0.042222222222222223,0.060882800608828,0,1,0,0,0,0,3,2,0.0745814307458143,4,0,0,1
117,18,1,0,0,0.052083333333333336,0.0,0,0,0,0,0,0,0,0,0.017094017094017096,0,0,0,0
878,120,15,0,1,0.0,0.05922551252847381,0,0,0,0,0,0,0,1,0.09567198177676538,1,0,0,1
276,54,3,0,0,0.0,0.043478260869565216,0,0,0,0,0,0,0,0,0.018115942028985508,0,2,0,0
81,15,1,0,0,0.0,0.012345679012345678,0,0,0,0,0,0,0,0,0.024691358024691357,0,0,0,0
659,114,3,0,0,0.0,0.007587253414264037,0,0,0,0,0,0,0,0,0.019726858877086494,0,0,0,0
5403,877,35,0,0,0.0,0.0075883768276883215,0,0,0,0,0,0,0,0,0.022394965759763096,3,10,0,0
498,77,6,0,0,0.0,0.07028112449799197,0,0,0,0,1,0,0,2,0.08032128514056225,0,0,0,0
2789,484,26,1,4,0.0,0.016493366798135532,0,0,0,0,0,0,0,0,0.04266762280387235,0,2,0,0
419,84,7,0,0,0.0,0.10501193317422435,0,0,0,0,0,0,0,0,0.01909307875894988,0,0,0,0
117,18,2,0,0,0.0,0.2564102564102564,0,0,0,0,0,0,0,0,0.09401709401709402,0,0,0,0
1590,268,21,0,3,0.0,0.025157232704402517,0,0,0,0,0,0,0,0,0.031446540880503145,0,3,0,0
822,129,11,0,0,0.0,0.0413625304136253,0,0,0,0,1,0,0,0,0.057177615571776155,0,0,0,0
1237,215,12,0,0,0.0,0.02263540824575586,0,0,0,0,0,0,0,0,0.021827000808407437,0,2,0,0
491,86,22,0,1,0.0,0.026476578411405296,0,0,0,0,0,0,0,0,0.059063136456211814,0,1,0,0
490,91,6,0,1,0.0,0.01020408163265306,0,0,0,0,0,0,0,0,0.022448979591836733,0,4,0,0
763,135,3,0,0,0.0,0.03145478374836173,0,0,0,0,1,0,0,0,0.020969855832241154,2,2,0,0
37,6,5,0,0,0.0,0.0,0,0,0,0,0,0,0,0,0.13513513513513514,0,0,0,0
547,84,11,0,0,0.056265984654731455,0.005484460694698354,2,1,1,1,1,0,0,0,0.13711151736745886,0,0,0,1
3072,576,29,0,0,0.0,0.013346354166666666,0,0,0,0,0,0,0,0,0.0283203125,1,5,0,0
119,18,2,0,0,0.0,0.08403361344537816,0,0,0,0,0,0,0,0,0.04201680672268908,0,0,0,0
6060,1015,57,3,1,0.0,0.00825082508250825,0,0,0,0,1,0,2,0,0.019306930693069307,1,3,0,0
4132,640,17,0,0,0.0,0.017666989351403678,0,0,0,0,0,0,0,0,0.04888673765730881,5,11,0,0
2120,375,22,0,2,0.052307692307692305,0.014622641509433962,0,0,0,0,0,0,0,0,0.03632075471698113,1,3,0,0
132,24,2,0,0,0.0,0.12121212121212122,0,0,0,0,1,0,0,0,0.045454545454545456,0,1,0,0
63,11,1,0,0,0.0,0.07936507936507936,0,0,0,0,0,0,0,0,0.047619047619047616,0,0,0,0
227,40,3,0,0,0.0,0.01762114537444934,0,0,0,0,0,0,0,0,0.030837004405286344,0,1,0,0
1403,219,22,0,2,0.0,0.011404133998574484,0,0,0,0,0,1,0,0,0.03349964362081254,2,4,0,0
1020,185,9,0,0,0.0,0.025490196078431372,0,0,0,0,0,0,0,2,0.024509803921568627,4,9,0,0
2244,444,17,0,0,0.0,0.23440285204991088,0,0,0,0,0,0,17,0,0.06417112299465241,0,7,0,0
3856,666,62,0,1,0.0,0.07028008298755187,0,0,0,0,0,0,23,0,0.04849585062240664,3,6,0,0
132,23,1,0,0,0.0,0.0,0,0,0,0,0,0,0,0,0.022727272727272728,0,1,0,0
194,35,4,0,0,0.0,0.030927835051546393,0,0,0,0,0,0,0,0,0.030927835051546393,0,0,0,0
417,72,6,1,0,0.0,0.016786570743405275,0,0,0,0,0,0,0,0,0.023980815347721823,0,1,0,0
206,33,2,0,0,0.0392156862745098,0.05825242718446602,1,0,0,0,0,0,0,1,0.04854368932038835,2,1,0,0
2119,347,18,1,0,0.0,0.01793298725814063,0,0,0,0,1,0,0,0,0.048607833883907506,1,3,0,0
487,97,7,0,1,0.0,0.028747433264887063,0,0,0,0,0,0,0,0,0.018480492813141684,0,0,0,0
502,94,8,1,0,0.0,0.00199203187250996,0,0,0,0,0,0,0,0,0.02390438247011952,1,0,0,0
1420,242,12,0,1,0.0,0.0,0,0,0,0,0,0,0,0,0.02676056338028169,0,2,0,0
1133,214,13,1,0,0.0,0.01412180052956752,0,0,0,0,0,0,0,0,0.02824360105913504,0,2,0,0
1543,263,11,0,0,0.0,0.0829552819183409,0,0,0,0,0,0,0,0,0.057679844458846406,2,3,0,0
1606,275,19,0,0,0.0,0.0448318804483188,0,0,0,0,0,0,5,0,0.055417185554171855,3,4,0,0
867,132,6,0,1,0.0,0.010380622837370242,0,0,0,0,0,0,0,0,0.04267589388696655,0,3,0,0
2505,404,23,0,2,0.0,0.0375249500998004,0,0,0,0,0,0,10,0,0.058283433133732535,3,2,0,0
2089,346,20,0,3,0.0,0.01723312589755864,0,0,0,0,1,0,0,0,0.04068932503590235,0,0,0,0
1353,258,21,0,1,0.0,0.007390983000739098,0,0,0,0,0,0,0,0,0.031042128603104215,0,2,0,0
161,25,3,2,0,0.0,0.0,0,0,0,0,0,0,0,0,0.031055900621118012,0,0,0,0
714,101,12,0,0,0.0,0.06162464985994398,0,0,0,0,1,0,0,0,0.1134453781512605,0,2,0,0
2075,323,44,0,15,0.0,0.006746987951807229,0,0,0,0,1,0,0,0,0.04048192771084337,0,10,0,0
3937,672,46,0,0,0.0,0.0381000762001524,0,0,0,0,0,0,2,0,0.03505207010414021,8,9,0,0
348,62,5,0,0,0.0,0.005747126436781609,0,0,0,0,0,0,0,0,0.02586206896551724,1,1,0,0
93,15,2,0,0,0.0,0.0,0,0,0,0,0,0,0,0,0.03225806451612903,0,0,0,0
1253,226,12,0,0,0.0,0.0031923383878691143,0,0,0,0,0,0,0,0,0.03830806065442937,1,3,0,0
827,204,9,0,0,0.0,0.0,0,0,0,0,0,0,0,0,0.14631197097944376,1,2,0,0
3824,658,35,1,1,0.0,0.01752092050209205,0,0,0,0,0,0,2,0,0.052039748953974896,4,6,0,0
1290,175,2,0,0,0.0,0.046511627906976744,0,0,0,0,0,0,0,0,0.07209302325581396,1,2,0,0
653,124,7,1,0,0.0,0.004594180704441042,0,0,0,0,0,0,0,0,0.015313935681470138,0,0,0,0
2340,375,25,3,3,0.0,0.039316239316239315,0,0,0,0,1,0,1,3,0.02606837606837607,6,8,0,0
520,70,15,0,0,0.20714285714285716,0.03076923076923077,0,1,2,1,0,0,0,0,0.038461538461538464,0,0,0,1
11297,1879,111,2,2,0.0,0.025582012923785077,0,0,0,0,0,0,24,0,0.03230946268920953,20,43,0,0
1223,207,12,0,1,0.0,0.016353229762878167,0,0,0,0,0,0,0,0,0.04006541291905151,1,3,0,0
4763,802,68,1,8,0.0,0.027293722443837917,0,0,0,0,1,0,0,0,0.045769473021205126,7,8,0,0
906,115,46,39,0,0.0,0.06622516556291391,0,0,0,0,0,0,0,0,0.13024282560706402,0,0,0,0
5399,862,66,0,0,0.0,0.02685682533802556,0,0,0,0,1,0,1,0,0.018707167994072977,1,2,0,0
82,14,2,0,0,0.0,0.0,0,0,0,0,1,0,0,0,0.036585365853658534,0,1,0,0
107,19,4,0,1,0.0,0.0,0,0,0,0,0,0,0,0,0.056074766355140186,0,0,0,0
1246,196,5,0,0,0.0,0.06982343499197431,0,0,0,0,0,0,0,0,0.06340288924558588,1,1,0,0
694,132,9,0,0,0.0,0.07204610951008646,0,0,0,0,0,0,5,0,0.03025936599423631,4,5,0,0
1049,166,13,0,1,0.05620915032679739,0.019065776930409915,1,1,3,1,0,0,0,0,0.06768350810295519,0,0,0,1
8337,1373,67,0,3,0.0,0.008276358402302987,0,0,0,0,1,0,13,0,0.021470552956699054,6,36,0,0
1047,159,5,0,0,0.0,0.044890162368672396,0,0,0,0,0,0,0,0,0.06208213944603629,5,3,0,0
628,93,2,0,0,0.0,0.052547770700636945,0,0,0,0,0,0,0,0,0.01910828025477707,0,1,0,0
1957,245,5,4,0,0.0,0.0030659172202350538,0,0,0,0,0,0,1,0,0.005620848237097598,0,1,0,0
2139,332,18,0,0,0.0,0.06404862085086489,0,0,0,0,0,0,0,0,0.051425899953249185,5,4,0,0
362,48,5,0,3,0.0,0.0,0,0,0,0,0,0,0,0,0.027624309392265192,0,0,0,0
253,49,8,0,1,0.10810810810810811,0.16600790513833993,2,0,0,0,0,0,0,1,0.10276679841897234,0,0,0,0
15833,2819,294,31,1,0.0,0.025390008210699172,0,0,0,0,0,1,47,0,0.03164277142676688,27,28,0,0
1185,164,4,0,0,0.0,0.0016877637130801688,0,0,0,0,0,0,0,0,0.005063291139240506,1,1,0,0
267,51,4,0,0,0.0,0.0,0,0,0,0,0,0,0,0,0.0149812734082397,0,0,0,0
933,142,8,0,1,0.0,0.03858520900321544,0,0,0,0,1,0,0,0,0.07502679528403002,0,1,0,0
1158,188,17,0,9,0.0,0.047495682210708115,0,0,0,0,0,0,0,2,0.039723661485319514,0,2,0,0
1745,278,13,2,2,0.0,0.027507163323782235,0,0,0,0,0,0,0,0,0.07736389684813753,0,3,0,0
249,47,4,0,0,0.0,0.01606425702811245,0,0,0,0,0,0,0,0,0.024096385542168676,0,0,0,0
278,58,3,0,0,0.029556650246305417,0.02158273381294964,0,0,0,0,0,0,0,0,0.02158273381294964,0,0,0,0
383,69,8,0,0,0.0,0.0,0,0,0,0,1,0,0,0,0.031331592689295036,1,1,0,0
428,60,24,0,0,0.0,0.11448598130841121,0,0,0,0,0,0,0,0,0.1378504672897196,1,4,0,0
5121,821,43,0,0,0.0,0.008396797500488187,0,0,0,0,1,0,0,0,0.026947861745752782,8,8,0,0
77,13,2,0,0,0.0,0.0,0,0,0,0,1,0,0,0,0.025974025974025976,0,0,0,0
658,115,6,0,1,0.0,0.0,0,0,0,0,0,0,0,0,0.019756838905775075,0,1,0,0
1682,267,13,1,0,0.0,0.04280618311533888,0,0,0,0,1,0,0,0,0.058858501783590964,0,0,0,0
328,55,2,0,0,0.0,0.03048780487804878,0,0,0,0,0,0,0,0,0.01524390243902439,0,0,0,0
3057,536,21,1,0,0.0,0.04285246974157671,0,0,0,0,1,1,0,0,0.02551521099116781,0,2,0,0
3844,587,50,1,0,0.0,0.03043704474505723,0,0,0,0,1,0,0,0,0.07023933402705515,2,3,0,0
2081,365,20,1,0,0.0,0.071119654012494,0,0,0,0,0,0,1,0,0.05045651129264776,0,2,0,0
554,105,7,0,0,0.0,0.05595667870036101,0,0,0,0,0,0,4,0,0.04151624548736462,1,1,0,0
73,15,1,0,0,0.0,0.2191780821917808,0,0,0,0,0,0,0,0,0.0410958904109589,0,0,0,0
6492,1067,60,0,0,0.0,0.004467036352433764,0,0,0,0,0,0,3,0,0.02048675292667899,3,8,0,0
500,82,4,0,0,0.0,0.016,0,0,0,0,0,0,0,0,0.026,1,4,0,0
433,65,8,0,0,0.0,0.06004618937644342,0,0,0,0,0,0,4,0,0.050808314087759814,3,2,0,0
2246,368,16,3,0,0.0,0.020926090828138913,0,0,0,0,0,0,0,0,0.029385574354407838,0,0,0,0
811,121,5,0,0,0.0,0.0012330456226880395,0,0,0,0,0,0,0,0,0.018495684340320593,1,2,0,0
556,102,7,0,0,0.0,0.0017985611510791368,0,0,0,0,0,0,0,0,0.014388489208633094,0,0,0,0
1023,168,7,0,0,0.0,0.008797653958944282,0,0,0,0,0,0,0,0,0.03519061583577713,1,2,0,0
576,94,5,0,0,0.0,0.015625,0,0,0,0,0,0,0,0,0.078125,0,1,0,0
626,105,6,0,0,0.0,0.019169329073482427,0,0,0,0,0,0,2,0,0.023961661341853034,0,0,0,0
698,127,9,0,1,0.0,0.13753581661891118,0,0,0,0,0,0,0,2,0.02865329512893983,0,2,0,0
547,84,7,0,0,0.0,0.027422303473491772,0,0,0,0,0,0,0,0,0.06581352833638025,0,2,0,0
603,97,8,0,0,0.0,0.0,0,0,0,0,0,0,0,0,0.01990049751243781,0,0,0,0
456,80,10,0,6,0.0,0.08114035087719298,0,0,0,0,0,0,0,0,0.04824561403508772,0,0,0,0
2039,369,28,0,8,0.0,0.029916625796959292,0,0,0,0,0,0,0,0,0.0358018636586562,0,3,0,0
466,72,7,0,0,0.0,0.07725321888412018,0,0,0,0,1,0,0,0,0.055793991416309016,0,0,0,0
239,44,5,0,0,0.0,0.07531380753138076,0,0,0,0,0,0,0,1,0.029288702928870293,0,0,0,0
314,43,6,0,2,0.0,0.06050955414012739,0,0,0,0,0,0,0,0,0.054140127388535034,0,0,0,0
8291,1278,122,1,61,0.0,0.0050657339283560485,0,0,0,0,0,0,0,0,0.02629357134241949,7,10,0,0
470,88,10,0,4,0.0,0.0,0,0,0,0,1,0,0,0,0.027659574468085105,0,1,0,0
479,79,4,0,0,0.0,0.010438413361169102,0,0,0,0,0,0,0,0,0.025052192066805846,0,0,0,0
27,5,1,0,0,0.0,0.0,0,0,0,0,0,0,0,0,0.0,0,0,0,0
1568,240,9,1,0,0.0,0.03188775510204082,0,0,0,0,1,0,0,0,0.05739795918367347,1,4,0,0
543,92,6,0,0,0.0,0.022099447513812154,0,0,0,0,0,0,0,0,0.03130755064456722,0,0,0,0
355,55,5,0,0,0.0,0.014084507042253521,0,0,0,0,1,0,0,0,0.03380281690140845,0,0,0,0
1271,203,10,0,1,0.0,0.043273013375295044,0,0,0,0,0,0,0,0,0.06530291109362707,0,2,0,0
753,129,4,0,0,0.0,0.09694555112881806,0,0,0,0,1,0,0,0,0.03718459495351926,2,7,0,0
1077,180,19,0,1,0.0,0.05385329619312906,0,0,0,0,1,0,0,0,0.0584958217270195,0,0,0,0
8062,1260,76,4,1,0.0,0.016373108409823867,0,0,0,0,0,0,8,0,0.03919622922351774,20,11,0,0
1234,200,11,0,0,0.0,0.018638573743922204,0,0,0,0,0,0,0,0,0.02188006482982172,1,3,0,0
3321,476,37,5,0,0.0,0.004215597711532671,0,0,0,0,0,2,0,0,0.024691358024691357,7,4,0,0
324,49,4,0,0,0.0,0.08333333333333333,0,0,0,0,0,0,0,1,0.033950617283950615,1,0,0,1
1689,259,6,0,0,0.0,0.053878034339846066,0,0,0,0,0,0,2,0,0.08407341622261694,3,4,0,0
444,84,5,0,0,0.0,0.10135135135135136,0,0,0,0,0,0,0,0,0.024774774774774775,0,0,0,0
2834,392,29,0,1,0.0,0.005998588567395907,0,0,0,0,0,2,0,0,0.05010585744530699,1,0,0,0
1174,185,8,0,0,0.0,0.011073253833049404,0,0,0,0,1,0,0,0,0.05110732538330494,0,0,0,0
1051,169,23,1,4,0.04437869822485207,0.01807802093244529,3,1,0,0,1,0,0,0,0.17126546146527116,1,1,1,1
280,48,3,0,0,0.0,0.0,0,0,0,0,0,0,0,0,0.02142857142857143,0,0,0,0
428,74,6,1,0,0.0,0.0397196261682243,0,0,0,0,0,0,0,0,0.02570093457943925,0,0,0,0
2892,358,13,0,0,0.0,0.02627939142461964,0,0,0,0,0,0,0,0,0.02731673582295989,3,4,0,0
878,153,16,0,0,0.0,0.05353075170842825,0,0,0,0,0,0,4,0,0.06378132118451026,0,2,0,0
1587,217,8,0,0,0.0,0.048519218651543794,0,0,0,0,0,0,0,2,0.09010712035286704,0,0,0,0
718,137,7,0,1,0.0,0.08913649025069638,0,0,0,0,0,0,0,0,0.03899721448467967,0,3,0,0
239,35,1,0,0,0.0,0.03765690376569038,0,0,0,0,0,0,0,0,0.09205020920502092,0,0,0,0
194,33,2,0,0,0.0,0.07216494845360824,0,0,0,0,0,0,0,0,0.020618556701030927,0,0,0,0
853,139,13,2,1,0.0,0.010550996483001172,0,0,0,0,0,0,2,0,0.04806565064478312,4,3,0,0
58,10,1,0,0,0.0,0.0,0,0,0,0,0,0,0,0,0.05172413793103448,0,0,0,0
5741,954,64,0,2,0.0,0.014109040236892528,0,0,0,0,1,0,0,0,0.0384950357080648,4,6,0,0
102,19,1,0,0,0.0,0.14705882352941177,0,0,0,0,0,0,0,0,0.058823529411764705,0,0,0,0
368,66,9,0,4,0.0,0.005434782608695652,0,0,0,0,0,0,1,0,0.03804347826086957,0,1,0,0
228,40,5,0,0,0.0,0.008771929824561403,0,0,0,0,0,1,0,0,0.03070175438596491,0,0,0,0
617,98,6,0,2,0.0,0.014586709886547812,0,0,0,0,1,0,0,0,0.04376012965964344,1,2,0,0
1087,189,17,0,0,0.0,0.045078196872125116,0,0,0,0,0,0,0,0,0.03771849126034959,2,2,0,0
2163,401,18,0,0,0.0,0.00878409616273694,0,0,0,0,1,0,2,0,0.019879796578825704,2,4,0,0
616,104,5,2,0,0.0,0.01461038961038961,0,0,0,0,0,1,0,0,0.06168831168831169,1,1,0,0
3132,446,19,3,2,0.0,0.01756066411238825,0,0,0,0,0,0,0,0,0.04374201787994891,0,0,0,0
186,31,2,0,0,0.0,0.026881720430107527,0,0,0,0,1,0,0,0,0.021505376344086023,0,0,0,0
69,10,1,0,0,0.0,0.0,0,0,0,0,0,0,0,0,0.014492753623188406,0,0,0,0
267,48,3,0,0,0.0,0.12359550561797752,0,0,0,0,0,0,0,3,0.033707865168539325,0,0,0,0
919,122,41,0,0,0.0,0.002176278563656148,0,0,0,0,0,0,0,0,0.08705114254624592,0,0,0,0
42,6,1,1,0,0.0,0.0,0,0,0,0,0,0,0,0,0.09523809523809523,0,0,0,0
2703,450,14,0,1,0.0,0.004069552349241583,0,0,0,0,0,0,1,0,0.022567517573066964,1,10,0,0
292,35,1,0,0,0.0,0.05136986301369863,0,0,0,0,0,0,0,0,0.1643835616438356,0,0,0,0
61,10,1,0,0,0.0,0.0,0,0,0,0,0,0,0,0,0.04918032786885246,0,0,0,0
2332,370,25,0,0,0.0,0.034734133790737566,0,0,0,0,1,0,6,0,0.03516295025728988,10,9,0,0
879,159,11,0,0,0.0,0.004550625711035267,0,0,0,0,0,0,0,0,0.022753128555176336,0,3,0,0
1078,171,10,0,0,0.0,0.012987012987012988,0,0,0,0,0,0,0,0,0.05194805194805195,3,4,0,0
4568,787,56,1,3,0.0,0.013791593695271453,0,0,0,0,1,0,0,0,0.08515761821366025,6,6,0,0
1108,174,19,0,0,0.0,0.09747292418772563,0,0,0,0,0,0,0,0,0.0631768953068592,0,0,0,0
941,173,9,0,1,0.0,0.005313496280552604,0,0,0,0,0,0,0,0,0.02763018065887354,6,6,0,0
1074,176,8,0,1,0.0,0.030726256983240222,0,0,0,0,0,0,0,0,0.05307262569832402,1,0,0,0
521,88,3,0,0,0.0,0.007677543186180422,0,0,0,0,0,0,0,0,0.015355086372360844,0,1,0,0
320,45,3,0,0,0.0,0.025,0,0,0,0,0,0,0,0,0.025,0,0,0,0
896,146,14,0,0,0.0,0.03125,0,0,0,0,0,0,0,0,0.033482142857142856,0,1,0,0
197,29,1,0,0,0.0,0.050761421319796954,0,0,0,0,0,0,0,0,0.10152284263959391,0,0,0,0
2606,425,18,1,1,0.0,0.044512663085188024,0,0,0,0,0,0,0,1,0.06408288564850345,0,3,0,0
46,7,2,0,0,0.0,0.0,0,0,0,0,1,0,0,0,0.043478260869565216,0,0,0,0
1867,267,15,0,0,0.0,0.023567220139260846,0,0,0,0,0,0,0,0,0.06909480449919657,1,3,0,0
2336,394,39,0,0,0.07591480065537957,0.018407534246575343,0,1,0,0,1,1,0,0,0.03339041095890411,0,4,0,1
84,14,1,0,0,0.0,0.0,0,0,0,0,1,0,0,0,0.03571428571428571,1,1,0,0
1978,266,18,0,1,0.0,0.009605662285136502,0,0,0,0,1,0,0,0,0.037917087967644085,2,6,0,0
348,62,3,0,0,0.0,0.0,0,0,0,0,0,0,0,0,0.017241379310344827,1,1,0,0
2564,451,44,0,1,0.0,0.044851794071762874,0,0,0,0,0,0,0,2,0.0405616224648986,0,0,0,0
1764,273,17,0,0,0.0,0.030612244897959183,0,0,0,0,0,0,0,0,0.05328798185941043,0,1,0,0
2484,359,17,1,0,0.0,0.006038647342995169,0,0,0,0,0,0,0,0,0.043478260869565216,7,5,0,0
3032,513,27,1,0,0.0,0.005606860158311346,0,0,0,0,0,0,1,0,0.016490765171503958,5,6,0,0
1406,285,10,0,0,0.0,0.0021337126600284497,0,0,0,0,0,0,0,0,0.09317211948790896,1,1,0,0
2029,320,32,3,0,0.0,0.004435682602267127,0,0,0,0,1,0,0,0,0.03844258255298177,4,3,0,0
396,60,4,0,0,0.0,0.04040404040404041,0,0,0,0,0,0,0,0,0.027777777777777776,0,0,0,0
1474,241,14,0,0,0.0,0.017639077340569877,0,0,0,0,1,0,0,0,0.05359565807327001,0,4,0,0
1318,216,7,0,0,0.0,0.010622154779969651,0,0,0,0,0,0,0,0,0.03566009104704097,0,0,0,0
548,98,7,0,0,0.0,0.0,0,0,0,0,0,0,0,0,0.025547445255474453,1,1,0,0
356,64,5,0,0,0.0,0.06741573033707865,0,0,0,0,0,0,1,0,0.016853932584269662,0,0,0,0
1682,263,7,0,0,0.0,0.019619500594530322,0,0,0,0,1,0,0,0,0.029726516052318668,1,1,0,0
1352,218,9,0,0,0.0,0.028846153846153848,0,0,0,0,0,0,0,0,0.07026627218934911,1,6,0,0
378,67,6,0,0,0.0,0.042328042328042326,0,0,0,0,0,0,0,0,0.03968253968253968,0,1,0,0
5472,858,63,0,2,0.0,0.02887426900584795,0,0,0,0,0,1,3,2,0.02448830409356725,7,6,0,0
1146,165,6,0,1,0.0,0.020942408376963352,0,0,0,0,0,0,0,0,0.059336823734729496,1,0,0,0
731,111,8,0,0,0.0,0.047879616963064295,0,0,0,0,0,0,0,0,0.06976744186046512,0,0,0,0
505,71,3,0,1,0.0,0.07326732673267326,0,0,0,0,0,0,0,0,0.12475247524752475,0,1,0,0
1070,179,11,0,0,0.0,0.014953271028037384,0,0,0,0,0,0,0,0,0.02336448598130841,5,7,0,0
245,44,4,0,0,0.0,0.0163265306122449,0,0,0,0,1,0,0,0,0.02040816326530612,0,0,0,0
777,115,13,0,0,0.0,0.01287001287001287,0,0,0,0,0,0,0,0,0.055341055341055344,0,1,0,0
164,24,1,0,0,0.0,0.03048780487804878,0,0,0,0,0,0,0,0,0.03048780487804878,0,0,0,0
536,92,10,1,1,0.16397228637413394,0.0,1,3,0,0,0,3,0,0,0.03171641791044776,3,2,0,0
1758,269,9,0,0,0.0,0.023321956769055744,0,0,0,0,0,0,0,0,0.04323094425483504,6,5,0,0
562,99,9,0,0,0.0,0.008896797153024912,0,0,0,0,0,0,0,0,0.028469750889679714,0,1,0,0
1181,198,20,1,2,0.0,0.013547840812870448,0,0,0,0,0,0,0,0,0.03386960203217612,0,2,0,0
1328,241,17,5,0,0.0,0.006024096385542169,0,0,0,0,0,0,0,0,0.02033132530120482,0,2,0,0
2189,370,22,0,1,0.0,0.009136592051164915,0,0,0,0,1,0,2,0,0.02284148012791229,0,2,0,0
44092,7088,463,0,10,0.0,0.022838610178717227,0,0,0,0,1,0,86,0,0.02580967068856028,52,67,0,0
3639,550,78,0,19,0.0,0.00494641384995878,0,0,0,0,1,0,0,0,0.03242649079417422,0,21,0,0
1459,230,24,0,8,0.0,0.004797806716929404,0,0,0,0,1,0,0,0,0.03427004797806717,0,6,0,0
1751,346,40,11,5,0.0,0.003997715591090805,0,0,0,0,0,0,0,0,0.0336950314106225,1,5,0,0
840,127,10,0,0,0.0,0.04047619047619048,0,0,0,0,1,0,0,0,0.07857142857142857,0,2,0,0
663,116,13,0,3,0.038461538461538464,0.01809954751131222,1,2,0,0,1,0,2,0,0.05429864253393665,0,0,0,0
46,7,1,0,0,0.0,0.0,0,0,0,0,0,0,0,0,0.021739130434782608,0,0,0,0
2385,365,14,0,0,0.0,0.03563941299790356,0,0,0,0,0,0,8,0,0.06289308176100629,2,3,0,0
417,57,7,0,0,0.0,0.07673860911270983,0,0,0,0,0,0,0,3,0.047961630695443645,0,0,0,0
878,167,24,0,1,0.0449438202247191,0.030751708428246014,4,3,0,0,0,0,0,1,0.06719817767653759,1,1,1,0
903,146,10,0,1,0.0,0.006644518272425249,0,0,0,0,0,0,0,0,0.029900332225913623,0,0,0,0
2630,385,27,1,0,0.0,0.028517110266159697,0,0,0,0,1,0,0,0,0.06692015209125475,3,5,0,0
51,10,1,0,1,0.0,0.0,0,0,0,0,0,0,0,0,0.0196078431372549,0,1,0,0
1249,216,12,0,0,0.015544041450777202,0.01120896717373899,2,0,1,1,0,0,0,0,0.02722177742193755,3,2,0,0
312,59,3,0,1,0.0,0.02564102564102564,0,0,0,0,0,0,0,0,0.028846153846153848,0,1,0,0
3827,656,25,1,1,0.0,0.009406846093545859,0,0,0,0,0,0,0,0,0.042330807420956365,7,9,0,0
222,19,1,0,0,0.0,0.0,0,0,0,0,0,0,0,0,0.0,0,0,0,0
3859,586,27,0,0,0.0,0.0,0,0,0,0,0,0,0,0,0.017362010883648613,2,7,0,0
158,25,4,0,0,0.0,0.02531645569620253,0,0,0,0,0,0,0,0,0.056962025316455694,1,0,0,0
242,42,5,0,0,0.0,0.15702479338842976,0,0,0,0,0,0,0,2,0.024793388429752067,0,1,0,0
696,127,5,0,1,0.0,0.01293103448275862,0,0,0,0,0,0,0,0,0.01867816091954023,0,1,0,0
992,166,8,0,1,0.0,0.012096774193548387,0,0,0,0,0,0,0,0,0.023185483870967742,0,0,0,0
1669,293,16,0,0,0.0,0.01737567405632115,0,0,0,0,0,0,0,0,0.02396644697423607,7,7,0,0
1435,245,22,0,0,0.0,0.010452961672473868,0,0,0,0,0,0,0,0,0.0445993031358885,0,0,0,0
687,112,6,1,0,0.0,0.03784570596797671,0,0,0,0,0,0,0,0,0.050946142649199416,0,0,0,0
2866,449,28,1,2,0.0,0.018143754361479414,0,0,0,0,1,0,0,2,0.04501046755059316,2,4,0,0
754,114,3,0,0,0.0,0.11007957559681697,0,0,0,0,0,0,0,0,0.05702917771883289,1,1,0,0
5186,830,86,0,1,0.0,0.029695333590435788,0,0,0,0,1,0,0,1,0.050134978789047435,4,5,0,0
5720,932,53,0,3,0.0,0.01730769230769231,0,0,0,0,0,0,2,0,0.023426573426573425,0,5,0,0
1640,271,26,0,1,0.0,0.03231707317073171,0,0,0,0,0,0,0,0,0.04085365853658537,0,1,0,0
133,28,1,0,0,0.0,0.0,0,0,0,0,0,0,0,0,0.015037593984962405,0,0,0,0
86,15,2,0,0,0.0,0.0,0,0,0,0,1,0,0,0,0.023255813953488372,0,0,0,0
380,72,3,0,0,0.0,0.07631578947368421,0,0,0,0,0,0,0,0,0.02631578947368421,0,0,0,0
2064,325,24,0,0,0.0,0.008236434108527133,0,0,0,0,1,0,2,0,0.022286821705426358,1,2,0,1
838,124,5,0,0,0.0,0.08233890214797136,0,0,0,0,0,0,0,0,0.050119331742243436,0,1,0,0
72949,12052,832,2,32,0.0,0.018588328832472002,0,0,0,0,1,0,104,0,0.026168967360758886,101,89,0,0
744,126,7,0,0,0.0,0.033602150537634407,0,0,0,0,0,0,0,0,0.01881720430107527,1,1,0,0
165933,27120,1995,2,36,0.0,0.014608305761964166,0,0,0,0,1,2,179,1,0.026287718536999873,207,261,0,0
412,68,5,0,0,0.0,0.04611650485436893,0,0,0,0,0,0,0,0,0.08009708737864078,0,0,0,0
1149,174,14,0,4,0.0,0.0034812880765883376,0,0,0,0,0,0,0,0,0.020017406440382943,2,1,0,0
933,134,6,0,0,0.0,0.023579849946409433,0,0,0,0,0,0,0,0,0.08896034297963558,0,1,0,0
635,108,3,1,0,0.0,0.0,0,0,0,0,0,0,0,0,0.028346456692913385,1,1,0,0
1245,197,15,1,2,0.0,0.024096385542168676,0,0,0,0,0,0,0,0,0.06345381526104418,4,5,0,0
934,175,6,0,0,0.0,0.017130620985010708,0,0,0,0,0,0,0,0,0.020342612419700215,2,4,0,0
723,126,9,0,1,0.0,0.024896265560165973,0,0,0,0,0,0,0,0,0.0318118948824343,0,0,0,0
3132,500,29,0,1,0.0,0.016602809706257982,0,0,0,0,0,0,4,0,0.04980842911877394,1,3,0,0
701,136,16,0,1,0.05687203791469194,0.14122681883024252,0,1,1,1,0,0,0,1,0.07845934379457917,8,0,0,0
2317,421,22,0,0,0.0,0.012516184721622789,0,0,0,0,0,0,0,0,0.021148036253776436,3,3,0,0
1075,152,2,0,0,0.0,0.06325581395348837,0,0,0,0,0,0,0,0,0.1172093023255814,0,0,0,0
357,68,7,0,0,0.09433962264150944,0.022408963585434174,2,0,0,0,0,0,0,0,0.058823529411764705,0,0,0,0
1095,173,4,0,0,0.0,0.028310502283105023,0,0,0,0,0,0,0,0,0.038356164383561646,1,1,0,0
1720,214,6,0,4,0.0,0.004651162790697674,0,0,0,0,0,0,0,0,0.005232558139534884,1,0,0,0
711,118,10,0,0,0.0,0.004219409282700422,0,0,0,0,0,0,0,0,0.02390998593530239,1,2,0,0
4192,700,29,0,1,0.0,0.026479007633587785,0,0,0,0,0,0,7,0,0.049379770992366415,7,12,0,0
1235,212,12,0,0,0.0,0.01700404858299595,0,0,0,0,0,0,0,1,0.01862348178137652,0,1,0,0
1022,184,11,0,3,0.0,0.011741682974559686,0,0,0,0,0,0,0,0,0.018590998043052837,0,1,0,0
2013,506,29,5,3,0.0,0.027819175360158967,0,0,0,0,1,2,3,0,0.15548931942374566,2,1,0,0
893,143,10,0,3,0.0,0.0,0,0,0,0,0,0,0,0,0.020156774916013438,0,1,0,0
69475,11292,697,1,26,0.0,0.015142137459517813,0,0,0,0,1,3,104,1,0.022900323857502698,68,106,0,0
318,54,3,0,0,0.0,0.0,0,0,0,0,0,0,0,0,0.018867924528301886,0,0,0,0
6024,1010,51,0,0,0.0,0.014608233731739707,0,0,0,0,1,0,13,0,0.020750332005312084,4,9,0,0
4640,775,75,1,4,0.05234159779614325,0.026077586206896552,1,1,4,1,1,3,0,0,0.0665948275862069,0,3,0,1
335,55,7,0,0,0.0,0.023880597014925373,0,0,0,0,1,0,0,0,0.04477611940298507,0,1,0,0
2675,431,23,1,0,0.0,0.026542056074766354,0,0,0,0,1,0,2,0,0.028037383177570093,13,17,0,0
1248,186,11,0,0,0.0,0.0625,0,0,0,0,0,0,0,0,0.11217948717948718,0,0,0,0
333,40,3,0,0,0.0,0.0,0,0,0,0,0,0,0,0,0.009009009009009009,0,0,0,0
754,135,8,0,0,0.0,0.017241379310344827,0,0,0,0,0,0,5,0,0.03183023872679045,0,2,0,0
492,70,6,0,0,0.0,0.10975609756097561,0,0,0,0,1,0,0,0,0.1483739837398374,0,0,0,1
834,120,11,1,1,0.0,0.04196642685851319,0,0,0,0,1,0,0,0,0.08633093525179857,0,0,0,0
1211,169,20,1,1,0.0,0.05615194054500413,0,0,0,0,0,0,0,0,0.1263418662262593,0,0,0,0
131,24,4,0,0,0.0,0.1984732824427481,0,0,0,0,0,0,0,0,0.061068702290076333,0,0,0,0
3216,489,70,0,0,0.0,0.036069651741293535,0,0,0,0,0,0,0,2,0.03296019900497513,0,0,0,0
1416,219,12,0,0,0.0,0.06073446327683616,0,0,0,0,0,0,0,0,0.07274011299435028,1,2,0,0
1080,183,15,0,4,0.0,0.022222222222222223,0,0,0,0,0,0,0,0,0.028703703703703703,2,3,0,0
557,94,5,0,0,0.0,0.02154398563734291,0,0,0,0,1,0,0,0,0.01615798922800718,0,0,0,0
2093,359,32,1,1,0.0,0.026278069756330624,0,0,0,0,0,0,0,0,0.029622551361681796,2,4,0,0
1269,202,10,0,0,0.0,0.01182033096926714,0,0,0,0,1,0,0,0,0.03467297084318361,0,2,0,0
300,53,8,7,1,0.0,0.0033333333333333335,0,0,0,0,0,0,0,0,0.03,4,5,0,0
526,79,11,0,0,0.0,0.034220532319391636,0,0,0,0,1,0,0,0,0.04182509505703422,0,0,0,0
88,15,1,0,0,0.0,0.056818181818181816,0,0,0,0,0,0,0,0,0.022727272727272728,0,0,0,0
470,67,1,0,0,0.0,0.0,0,0,0,0,0,0,0,0,0.05319148936170213,1,1,0,0
253,34,5,0,1,0.0,0.0,0,0,0,0,0,1,0,0,0.023715415019762844,0,0,0,0
1683,276,20,0,0,0.0,0.06060606060606061,0,0,0,0,0,0,0,0,0.0659536541889483,1,2,0,0
353,44,3,0,0,0.0,0.07365439093484419,0,0,0,0,1,0,0,0,0.18696883852691218,0,0,0,0
438,75,12,1,1,0.10543130990415335,0.05707762557077625,3,0,0,0,0,0,0,0,0.08447488584474885,0,0,1,0
905,140,3,0,2,0.0,0.057458563535911604,0,0,0,0,0,0,0,0,0.1005524861878453,0,0,0,0
449,72,3,2,0,0.0,0.028953229398663696,0,0,0,0,0,1,0,0,0.022271714922048998,2,2,0,0
187,34,4,1,0,0.0,0.0,0,0,0,0,0,0,0,0,0.0213903743315508,0,1,0,0
519,81,10,0,0,0.0,0.08477842003853564,0,0,0,0,0,0,4,0,0.06551059730250482,2,1,0,0
412,46,1,0,0,0.0,0.04854368932038835,0,0,0,0,0,0,0,0,0.024271844660194174,0,0,0,0
1849,282,19,0,0,0.0,0.03244997295835587,0,0,0,0,1,0,0,0,0.051379123850730124,0,1,0,0
91,18,1,0,1,0.0,0.0,0,0,0,0,0,0,0,0,0.01098901098901099,0,0,0,0
1210,216,18,6,1,0.0,0.00743801652892562,0,0,0,0,0,0,0,0,0.04462809917355372,0,0,0,0
1127,198,14,1,0,0.0,0.011535048802129548,0,0,0,0,0,0,0,0,0.031055900621118012,0,1,0,0
596,81,6,2,0,0.0,0.06375838926174497,0,0,0,0,0,0,0,0,0.04865771812080537,0,0,0,0
676,114,10,0,0,0.0,0.011834319526627219,0,0,0,0,0,0,0,0,0.023668639053254437,1,1,0,0
3047,463,35,0,1,0.0,0.024286183130948474,0,0,0,0,0,0,8,0,0.059074499507712507,2,2,0,0
721,118,5,0,0,0.08041237113402062,0.02912621359223301,1,1,1,1,0,0,0,0,0.11927877947295423,0,0,0,1
1290,168,4,3,0,0.0,0.0015503875968992248,0,0,0,0,0,1,0,0,0.004651162790697674,2,3,0,0
261,45,3,0,0,0.0,0.034482758620689655,0,0,0,0,1,0,0,0,0.01532567049808429,0,0,0,0
213,41,3,0,0,0.1038961038961039,0.046948356807511735,0,0,0,0,0,0,0,0,0.03286384976525822,0,0,0,0
1857,303,16,5,2,0.08641975308641975,0.007000538502961767,0,0,0,0,1,0,0,0,0.031771674744211095,8,4,0,1
323,52,8,0,4,0.0,0.034055727554179564,0,0,0,0,1,0,0,0,0.04953560371517028,0,0,0,0
4113,630,25,1,8,0.0,0.03112083637247751,0,0,0,0,1,0,5,0,0.049841964502796016,2,6,0,0
616,93,5,0,0,0.0,0.0,0,0,0,0,0,0,0,0,0.016233766233766232,1,4,0,0
19,3,1,0,0,0.0,0.0,0,0,0,0,1,0,0,0,0.0,0,0,0,0
1204,170,11,3,0,0.0,0.007475083056478406,0,0,0,0,0,0,0,0,0.08803986710963455,1,4,0,0
68196,10877,780,0,24,0.0,0.02504545721156666,0,0,0,0,1,1,74,2,0.027934189688544782,108,98,0,0
2327,381,39,0,0,0.0,0.04941985388912763,0,0,0,0,0,0,26,0,0.05199828104856038,0,0,0,0
670,122,4,0,0,0.0,0.026865671641791045,0,0,0,0,1,0,0,0,0.023880597014925373,1,1,0,0
1427,254,20,1,0,0.0,0.03854239663629993,0,0,0,0,0,0,0,0,0.030133146461107218,2,2,0,0
3428,442,9,1,0,0.0,0.007876312718786464,0,0,0,0,0,0,0,0,0.1102683780630105,0,0,0,0
688,113,7,0,0,0.0,0.005813953488372093,0,0,0,0,0,0,0,0,0.0377906976744186,1,2,0,0
3804,603,26,5,0,0.0,0.023396424815983176,0,0,0,0,1,0,0,0,0.05231335436382755,2,2,0,0
177,36,3,0,0,0.0,0.03389830508474576,0,0,0,0,0,0,2,0,0.02824858757062147,0,1,0,0
194,37,4,0,2,0.0,0.010309278350515464,0,0,0,0,0,0,0,0,0.041237113402061855,0,0,0,0
813,131,12,0,0,0.0,0.006150061500615006,0,0,0,0,0,0,0,0,0.023370233702337023,2,3,0,0
8197,1341,107,0,0,0.0,0.016347444186897646,0,0,0,0,0,0,14,0,0.02793705014029523,7,14,0,0
1265,195,12,0,0,0.0,0.015810276679841896,0,0,0,0,0,0,3,0,0.019762845849802372,8,6,0,0
527,93,5,0,0,0.0,0.03225806451612903,0,0,0,0,0,0,0,0,0.015180265654648957,1,1,0,0
10042,1464,175,0,15,0.0749569213095922,0.024995020912168892,30,11,0,0,0,2,5,9,0.14060944035052778,9,12,1,1
3591,609,48,1,9,0.0,0.02756892230576441,0,0,0,0,0,2,1,0,0.039543302701197436,4,4,0,0
139,24,2,0,0,0.0,0.1366906474820144,0,0,0,0,1,0,0,0,0.04316546762589928,0,1,0,0
508,91,7,0,0,0.0,0.0,0,0,0,0,0,0,0,0,0.017716535433070866,2,3,0,0
412,59,6,0,0,0.0,0.06310679611650485,0,0,0,0,0,0,0,1,0.0412621359223301,1,0,0,1
16845,2871,151,28,8,0.056214582546278806,0.010923122588305136,2,1,0,0,0,0,19,0,0.032353814188186406,101,69,0,1
3223,571,59,0,0,0.0,0.06981073533974558,0,0,0,0,0,0,22,0,0.03878374185541421,2,3,0,0
160,28,3,0,0,0.0,0.0,0,0,0,0,0,0,0,0,0.01875,1,0,0,0
2079,325,17,0,2,0.0,0.017316017316017316,0,0,0,0,0,0,0,0,0.040885040885040885,2,4,0,0
3117,522,25,0,2,0.0,0.009624639076034648,0,0,0,0,1,0,4,0,0.01668270773179339,3,3,0,0
981,155,18,1,1,0.0,0.011213047910295617,0,0,0,0,0,1,0,0,0.023445463812436288,4,5,0,0
8490,1007,63,0,2,0.0,0.04228504122497055,0,0,0,0,0,0,0,2,0.03521790341578328,7,3,0,0
118,20,2,0,0,0.0,0.0,0,0,0,0,1,1,0,0,0.03389830508474576,0,1,0,0
335,43,3,2,1,0.0,0.0,0,0,0,0,0,0,0,0,0.008955223880597015,0,0,0,0
158,27,5,0,0,0.13793103448275862,0.189873417721519,2,0,0,0,0,0,0,1,0.1518987341772152,3,2,0,0
1541,260,14,0,1,0.0,0.045425048669695,0,0,0,0,0,0,0,0,0.04412719013627515,0,4,0,0
262,42,8,0,0,0.0,0.04198473282442748,0,0,0,0,0,0,0,0,0.03816793893129771,0,0,0,0
493,83,1,0,0,0.0,0.4056795131845842,0,0,0,0,0,0,0,0,0.08113590263691683,0,0,0,0
1284,204,24,2,0,0.10623556581986143,0.09190031152647975,4,2,0,0,0,0,3,0,0.04205607476635514,3,4,1,1
1657,306,17,0,0,0.05358550039401103,0.016294508147254073,0,1,1,1,1,0,0,0,0.022329511164755584,8,0,0,0
1960,250,9,5,1,0.0,0.0035714285714285713,0,0,0,0,0,0,0,0,0.006122448979591836,0,2,0,0
83,14,1,0,0,0.0,0.0,0,0,0,0,1,0,0,0,0.012048192771084338,0,0,0,0
439,71,14,0,0,0.0,0.04555808656036447,0,0,0,0,0,0,0,0,0.07517084282460136,0,0,0,0
2793,420,29,0,2,0.0,0.03150733977801647,0,0,0,0,1,0,0,1,0.03580379520229144,1,4,0,0
2768,428,17,0,0,0.0,0.05130057803468208,0,0,0,0,0,1,0,0,0.07695086705202313,1,8,0,0
1446,258,19,0,0,0.0,0.013831258644536652,0,0,0,0,1,0,0,0,0.02351313969571231,2,3,0,0
356,60,4,0,0,0.0,0.016853932584269662,0,0,0,0,0,0,0,0,0.02247191011235955,0,2,0,0
2833,463,23,0,2,0.0,0.03812213201553124,0,0,0,0,0,0,0,0,0.057183198023296855,2,2,0,0
1635,237,22,0,0,0.0,0.02691131498470948,0,0,0,0,0,1,5,0,0.04220183486238532,1,1,0,0
1985,342,31,1,4,0.04654346338124572,0.00654911838790932,2,3,0,0,1,0,0,0,0.08614609571788413,2,2,0,1
1472,241,14,0,0,0.0,0.006114130434782609,0,0,0,0,0,0,0,0,0.03736413043478261,0,4,0,0
1725,272,17,0,0,0.0,0.007536231884057971,0,0,0,0,0,0,0,0,0.02666666666666667,2,2,0,0
380,63,3,0,0,0.0,0.0,0,0,0,0,0,0,0,0,0.015789473684210527,0,0,0,0
2820,489,43,0,1,0.0,0.05035460992907802,0,0,0,0,0,0,4,0,0.039361702127659576,4,6,0,0
868,158,7,0,0,0.0,0.013824884792626729,0,0,0,0,1,0,0,0,0.013824884792626729,0,1,0,0
72,14,1,0,0,0.0,0.1527777777777778,0,0,0,0,1,0,0,0,0.027777777777777776,0,0,0,0
619,117,7,0,0,0.0,0.022617124394184167,0,0,0,0,0,0,0,0,0.029079159935379646,1,0,0,0
1116,183,9,0,0,0.0,0.05555555555555555,0,0,0,0,1,0,1,2,0.02956989247311828,2,8,0,0
174,24,14,12,0,0.0,0.0,0,0,0,0,0,0,0,0,0.08045977011494253,0,0,0,0
833,108,5,1,1,0.0,0.009603841536614645,0,0,0,0,0,0,0,0,0.009603841536614645,1,0,0,0
1649,277,18,0,2,0.0,0.013947847180109158,0,0,0,0,0,0,1,0,0.041237113402061855,2,0,0,0
563,100,2,0,0,0.0,0.0763765541740675,0,0,0,0,0,0,0,0,0.019538188277087035,1,2,0,0
1105,181,7,0,0,0.0,0.013574660633484163,0,0,0,0,0,0,0,0,0.019004524886877826,2,2,0,0
3593,677,26,0,0,0.0,0.2048427497912608,0,0,0,0,0,0,20,0,0.07236292791539103,0,10,0,0
225,36,4,0,0,0.0,0.06222222222222222,0,0,0,0,0,0,0,0,0.057777777777777775,0,0,0,0
363,55,3,0,0,0.0,0.05785123966942149,0,0,0,0,1,0,0,0,0.0743801652892562,0,0,0,0
1598,248,14,0,1,0.0,0.017521902377972465,0,0,0,0,0,0,0,0,0.05444305381727159,0,1,0,0
142,22,2,0,0,0.0,0.0,0,0,0,0,1,0,0,0,0.035211267605633804,0,1,0,0
97,16,2,1,1,0.0,0.0,0,0,0,0,0,0,0,0,0.07216494845360824,0,0,0,0
165,31,3,0,0,0.0,0.11515151515151516,0,0,0,0,0,0,1,0,0.04242424242424243,0,0,0,0
224,46,2,0,0,0.0,0.044642857142857144,0,0,0,0,0,0,0,0,0.013392857142857142,0,2,0,0
757,112,16,0,0,0.0,0.09114927344782034,0,0,0,0,0,0,0,0,0.08850726552179657,0,0,0,0
1309,186,7,0,0,0.0,0.026737967914438502,0,0,0,0,0,0,0,0,0.03132161955691368,1,2,0,0
539,82,6,0,0,0.0,0.0,0,0,0,0,0,0,0,0,0.027829313543599257,3,1,0,0
547,99,13,0,1,0.0,0.054844606946983544,0,0,0,0,0,0,0,0,0.051188299817184646,1,8,0,0
164,27,2,0,0,0.0,0.0,0,0,0,0,0,0,0,0,0.036585365853658534,0,0,0,0
494,89,10,0,1,0.0,0.06275303643724696,0,0,0,0,0,0,3,0,0.0728744939271255,0,0,0,0
1681,278,45,0,3,0.0,0.06067816775728733,0,0,0,0,0,0,0,3,0.07674003569303986,0,1,0,0
349,45,1,0,0,0.0,0.02865329512893983,0,0,0,0,0,0,0,0,0.14040114613180515,0,0,0,0
684,112,13,1,0,0.0,0.017543859649122806,0,0,0,0,0,0,0,0,0.03070175438596491,0,0,0,0
100,18,1,1,0,0.0,0.02,0,0,0,0,0,0,0,0,0.02,0,1,0,0
1010,174,16,0,1,0.08174386920980926,0.0504950495049505,2,3,0,0,1,1,0,4,0.03663366336633663,0,0,0,1
1495,242,15,0,0,0.0,0.010033444816053512,0,0,0,0,1,0,1,0,0.018060200668896322,2,3,0,0
323,62,6,2,0,0.039525691699604744,0.006191950464396285,1,0,0,0,0,0,0,0,0.02786377708978328,2,3,0,0
4610,517,255,0,0,0.0,0.002386117136659436,0,0,0,0,0,0,0,0,0.057917570498915404,1,3,0,1
234,36,9,2,4,0.0,0.004273504273504274,0,0,0,0,0,0,0,0,0.05555555555555555,0,0,0,0
506,84,12,1,1,0.0,0.015810276679841896,0,0,0,0,0,0,0,0,0.02766798418972332,0,2,0,0
976,163,12,0,2,0.0,0.0,0,0,0,0,0,0,0,0,0.0194672131147541,0,2,0,0
901,117,15,0,1,0.09090909090909091,0.041065482796892344,3,2,2,1,0,0,0,3,0.2563817980022198,0,0,1,1
1260,221,17,0,0,0.0,0.11349206349206349,0,0,0,0,0,0,0,0,0.05476190476190476,2,3,0,0
3217,492,26,0,1,0.0,0.031084861672365557,0,0,0,0,1,0,1,1,0.06807584706248057,4,9,0,0
6094,975,38,0,0,0.0,0.005251066622907778,0,0,0,0,0,0,4,0,0.01706596652445028,11,9,0,0
1395,248,21,2,1,0.09555984555984556,0.03799283154121864,3,0,0,0,0,0,0,2,0.04659498207885305,4,8,1,0
2405,378,27,0,1,0.0,0.004158004158004158,0,0,0,0,1,0,0,0,0.04449064449064449,5,4,0,0
597,93,6,0,0,0.0,0.10050251256281408,0,0,0,0,0,0,0,1,0.10720268006700168,0,1,0,0
475,85,8,1,0,0.0,0.037894736842105266,0,0,0,0,0,0,0,0,0.05894736842105263,1,1,0,0
429,80,9,0,3,0.0,0.06993006993006994,0,0,0,0,0,0,0,0,0.02564102564102564,0,2,0,0
4161,701,23,0,4,0.0,0.037010334054313865,0,0,0,0,0,0,0,0,0.06080269166065849,1,2,0,0
2495,407,25,0,0,0.0,0.043286573146292584,0,0,0,0,1,0,0,2,0.029258517034068135,9,15,0,0
569,94,1,0,0,0.0,0.022847100175746926,0,0,0,0,0,0,0,0,0.04569420035149385,0,1,0,0
868,154,15,1,0,0.0,0.0034562211981566822,0,0,0,0,0,0,0,0,0.024193548387096774,0,2,0,0
1292,201,18,0,1,0.0,0.010835913312693499,0,0,0,0,0,0,0,0,0.03637770897832817,1,1,0,0
1622,278,36,5,3,0.0,0.025893958076448828,0,0,0,0,0,0,0,0,0.04932182490752158,0,1,0,0
1099,169,27,0,7,0.0,0.050955414012738856,0,0,0,0,0,0,0,0,0.05004549590536852,1,1,0,0
851,134,10,0,0,0.0,0.0881316098707403,0,0,0,0,0,0,4,3,0.08930669800235018,2,2,0,1
4839,837,92,0,20,0.0,0.026658400495970243,0,0,0,0,0,0,0,0,0.052490183922298,3,10,0,0
451,73,5,0,0,0.0,0.013303769401330377,0,0,0,0,0,0,0,0,0.022172949002217297,0,0,0,0
129,16,3,0,0,0.0,0.0,0,0,0,0,1,0,0,0,0.046511627906976744,0,0,0,0
45,8,1,0,0,0.0,0.0,0,0,0,0,0,0,0,0,0.08888888888888889,0,0,0,0
246,51,7,0,0,0.0,0.21544715447154472,0,0,0,0,0,0,0,0,0.044715447154471545,0,0,0,0
159,28,3,1,0,0.0,0.0440251572327044,0,0,0,0,0,0,0,0,0.031446540880503145,0,1,0,0
1009,194,14,0,3,0.0,0.015857284440039643,0,0,0,0,0,0,0,0,0.022794846382556987,1,1,0,0
333,61,6,0,0,0.0,0.1021021021021021,0,0,0,0,0,0,0,0,0.03303303303303303,0,1,0,0
789,135,18,0,0,0.0,0.10519645120405577,0,0,0,0,0,0,0,0,0.060836501901140684,0,0,0,0
259,43,4,2,0,0.0,0.11583011583011583,0,0,0,0,0,0,0,0,0.06563706563706563,0,0,0,0
968,172,12,2,0,0.0,0.0640495867768595,0,0,0,0,1,0,0,0,0.03305785123966942,1,1,0,0
745,124,6,0,0,0.0,0.012080536912751677,0,0,0,0,0,0,0,0,0.038926174496644296,0,0,0,0
2120,334,24,0,2,0.0,0.0009433962264150943,0,0,0,0,0,2,0,0,0.01839622641509434,4,6,0,0
1997,290,11,0,0,0.0,0.014521782674011016,0,0,0,0,1,0,0,0,0.10866299449173761,4,4,0,0
4599,745,35,0,7,0.0,0.04827136333985649,0,0,0,0,0,0,0,0,0.07871276364427049,0,3,0,0
3235,468,45,0,0,0.05861526357199056,0.0071097372488408035,7,13,7,1,0,1,0,0,0.05811437403400309,7,1,1,1
842,150,14,2,1,0.0,0.021377672209026127,0,0,0,0,0,0,0,0,0.030878859857482184,0,1,0,0
369,69,4,0,0,0.0,0.02981029810298103,0,0,0,0,0,0,0,0,0.03523035230352303,0,2,0,0
2418,410,19,0,0,0.0,0.009925558312655087,0,0,0,0,0,0,0,0,0.01943755169561621,0,2,0,0
1118,179,7,0,0,0.0,0.017889087656529516,0,0,0,0,0,0,0,0,0.02146690518783542,1,1,0,0
115,18,4,0,0,0.0,0.06956521739130435,0,0,0,0,1,0,0,0,0.10434782608695652,0,0,0,0
8537,1314,98,0,0,0.0,0.004802623872554762,0,0,0,0,0,0,0,0,0.02272461051891765,10,10,0,0
223,48,4,0,1,0.0,0.07623318385650224,0,0,0,0,0,0,0,0,0.026905829596412557,0,3,0,0
846,130,5,0,0,0.0,0.03309692671394799,0,0,0,0,0,0,0,0,0.0768321513002364,4,1,0,0
1292,211,8,0,0,0.0,0.039473684210526314,0,0,0,0,1,0,0,0,0.0696594427244582,1,2,0,0
703,112,8,0,0,0.0,0.06685633001422475,0,0,0,0,0,0,6,0,0.02702702702702703,1,1,0,0
588,108,6,0,0,0.0,0.025510204081632654,0,0,0,0,0,0,6,0,0.022108843537414966,0,0,0,0
1625,290,19,5,0,0.12579113924050633,0.01353846153846154,0,0,0,0,0,0,2,0,0.025846153846153845,6,5,0,0
287,55,5,0,0,0.0,0.09059233449477352,0,0,0,0,0,0,0,0,0.03484320557491289,0,1,0,0
758,134,10,1,2,0.0,0.08839050131926121,0,0,0,0,0,0,0,0,0.03825857519788918,0,4,0,0
112,21,2,0,0,0.0,0.0,0,0,0,0,0,0,0,0,0.017857142857142856,1,2,0,0
998,149,14,1,0,0.3081155433287483,0.01603206412825651,1,2,0,0,0,1,0,0,0.06713426853707415,2,5,0,0
874,142,9,0,0,0.0,0.029748283752860413,0,0,0,0,0,0,0,0,0.08123569794050343,2,2,0,0
655,92,11,3,0,0.2300194931773879,0.051908396946564885,0,0,0,0,0,0,0,0,0.025954198473282442,3,1,0,0
432,79,5,0,0,0.0,0.032407407407407406,0,0,0,0,0,0,0,0,0.018518518518518517,0,0,0,0
72,10,1,0,0,0.06779661016949153,0.0,0,0,0,0,0,0,0,0,0.027777777777777776,0,0,0,0
3678,637,38,2,3,0.0,0.07422512234910278,0,0,0,0,1,0,0,3,0.06389342033713975,0,23,0,0
837,145,7,0,0,0.0,0.016726403823178016,0,0,0,0,0,0,0,0,0.025089605734767026,1,0,0,0
110,23,3,0,0,0.0,0.08181818181818182,0,0,0,0,0,0,1,0,0.03636363636363636,0,0,0,0
37820,6039,429,0,4,0.0,0.0186409307244844,0,0,0,0,1,1,62,0,0.02749867794817557,54,60,0,0
384,74,9,6,1,0.0,0.010416666666666666,0,0,0,0,0,0,0,0,0.03125,0,1,0,0
523,92,14,0,8,0.0,0.045889101338432124,0,0,0,0,0,0,0,0,0.04780114722753346,3,4,0,0
1876,296,17,1,1,0.0,0.02931769722814499,0,0,0,0,1,0,0,0,0.054371002132196165,0,2,0,0
52200,8311,587,0,18,0.0,0.023697318007662834,0,0,0,0,1,1,65,2,0.029808429118773946,79,54,0,0
892,137,17,0,4,0.0,0.002242152466367713,0,0,0,0,0,0,0,0,0.032511210762331835,1,1,0,0
329,53,11,0,0,0.0,0.0,0,0,0,0,0,0,0,0,0.0547112462006079,0,0,0,0
3599,511,20,0,0,0.0,0.0013892747985551543,0,0,0,0,0,0,0,0,0.021950541817171435,8,4,0,0
511,88,9,0,0,0.0469208211143695,0.023483365949119372,2,1,0,0,0,0,0,0,0.136986301369863,0,0,0,1
327,61,3,1,0,0.0,0.0061162079510703364,0,0,0,0,0,0,0,0,0.01834862385321101,0,1,0,0
1070,152,10,0,0,0.0,0.027102803738317756,0,0,0,0,0,0,0,0,0.07570093457943926,1,1,0,0
835,139,5,1,2,0.0,0.0407185628742515,0,0,0,0,0,0,0,0,0.058682634730538925,0,0,0,0
197,33,3,0,0,0.0,0.0,0,0,0,0,0,0,0,0,0.025380710659898477,2,1,0,0
365,65,3,0,0,0.0,0.005479452054794521,0,0,0,0,1,0,0,0,0.01643835616438356,0,0,0,0
1873,317,26,0,1,0.0,0.022423918846769888,0,0,0,0,0,0,0,1,0.034703683929524824,2,3,0,0
3106,561,39,0,0,0.0,0.07147456535737283,0,0,0,0,0,0,13,0,0.04410817772054089,3,13,0,0
8016,1366,43,0,9,0.0,0.008483033932135729,0,0,0,0,0,1,0,2,0.017340319361277445,4,6,0,0
1528,248,12,0,0,0.0,0.009162303664921465,0,0,0,0,0,0,0,1,0.01767015706806283,1,2,0,0
2294,345,27,3,5,0.0,0.04010462074978204,0,0,0,0,1,0,2,0,0.05100261551874455,4,3,0,1
400,64,3,0,0,0.0,0.0425,0,0,0,0,0,0,0,0,0.0225,0,1,0,0
469,77,7,0,0,0.0,0.0021321961620469083,0,0,0,0,0,0,0,0,0.07462686567164178,1,3,0,0
1063,217,19,1,1,0.0,0.011288805268109126,0,0,0,0,0,0,0,0,0.02634054562558796,0,4,0,0
377,51,6,1,0,0.0,0.0,0,0,0,0,0,0,0,0,0.058355437665782495,1,1,0,0
912,158,6,0,2,0.0,0.03728070175438596,0,0,0,0,0,0,0,0,0.07675438596491228,0,1,0,0
3223,421,8,0,0,0.0,0.016134036611852313,0,0,0,0,0,0,0,0,0.07973937325473161,0,0,0,0
1189,221,17,0,3,0.0,0.030277544154751892,0,0,0,0,0,0,0,0,0.030277544154751892,0,2,0,0
589,102,6,0,2,0.0,0.003395585738539898,0,0,0,0,0,0,0,0,0.027164685908319185,0,0,0,0
37782,5991,503,0,26,0.0,0.03581070350960775,0,0,0,0,1,1,36,3,0.03252871737864592,70,78,0,0
3103,482,21,0,0,0.0,0.021269738962294553,0,0,0,0,1,0,0,0,0.05220754108926845,0,2,0,0
685,106,6,1,0,0.0,0.029197080291970802,0,0,0,0,1,0,0,0,0.072992700729927,0,4,0,0
2822,443,34,0,0,0.0,0.032955350815024806,0,0,0,0,0,0,2,0,0.0446491849751949,2,7,0,0
6272,960,46,0,0,0.0,0.007653061224489796,0,0,0,0,1,1,0,0,0.02072704081632653,7,3,0,0
3152,528,39,0,12,0.0,0.0015862944162436548,0,0,0,0,0,0,1,0,0.021573604060913704,4,9,0,0
700,115,8,0,0,0.0,0.014285714285714285,0,0,0,0,0,0,0,1,0.02142857142857143,0,0,0,0
1821,316,19,0,0,0.0,0.027457440966501923,0,0,0,0,1,0,5,0,0.04228445908841296,0,3,0,0
3350,557,37,0,8,0.0,0.01701492537313433,0,0,0,0,1,0,1,0,0.0408955223880597,3,5,0,0
1550,297,19,1,0,0.04526046114432109,0.014838709677419355,3,0,0,0,0,0,0,1,0.04129032258064516,5,3,1,0
166,33,1,0,1,0.0,0.0,0,0,0,0,0,0,0,0,0.012048192771084338,1,0,0,0
382,62,7,0,0,0.0,0.02356020942408377,0,0,0,0,0,0,2,0,0.034031413612565446,1,2,0,0
1031,187,25,6,0,0.0,0.009699321047526674,0,0,0,0,0,0,2,0,0.030067895247332686,1,2,0,0
57,8,3,0,0,0.0,0.0,0,0,0,0,0,0,0,0,0.07017543859649122,0,0,0,0
1378,214,19,0,0,0.0,0.07474600870827286,0,0,0,0,0,0,0,1,0.055152394775036286,2,2,0,0
1408,204,12,0,0,0.0,0.05042613636363636,0,0,0,0,0,0,0,0,0.06534090909090909,1,4,0,0
143,26,1,0,1,0.0,0.0,0,0,0,0,0,0,0,0,0.02097902097902098,1,0,0,0
699,117,12,0,0,0.0,0.07010014306151645,0,0,0,0,0,0,0,0,0.044349070100143065,1,1,0,0
1906,313,23,0,0,0.0,0.008394543546694649,0,0,0,0,0,1,0,0,0.0236096537250787,0,3,0,0
1149,165,9,0,1,0.0,0.06788511749347259,0,0,0,0,0,0,0,0,0.12706701479547433,0,1,0,1
226,43,3,0,0,0.04678362573099415,0.008849557522123894,0,0,0,0,0,0,0,0,0.03982300884955752,0,0,0,0
544,106,5,0,0,0.0,0.03860294117647059,0,0,0,0,0,0,0,0,0.02022058823529412,0,0,0,0
1141,180,19,0,0,0.0,0.09202453987730061,0,0,0,0,0,0,0,0,0.05959684487291849,0,0,0,0
625,118,5,0,2,0.0,0.024,0,0,0,0,0,0,0,0,0.024,0,2,0,0
1639,254,5,0,0,0.0,0.020134228187919462,0,0,0,0,0,0,0,0,0.026845637583892617,1,1,0,0
1119,158,9,0,1,0.0,0.04289544235924933,0,0,0,0,0,0,0,0,0.11349419124218052,0,0,0,0
611,94,6,0,1,0.0,0.03436988543371522,0,0,0,0,0,0,0,0,0.03764320785597381,0,0,0,0
493,69,3,0,0,0.0,0.0486815415821501,0,0,0,0,1,0,0,0,0.11967545638945233,0,0,0,0
388,71,5,0,1,0.0,0.010309278350515464,0,0,0,0,0,0,0,0,0.023195876288659795,1,1,0,0
959,173,11,0,1,0.0,0.0364963503649635,0,0,0,0,0,0,3,1,0.049009384775808136,0,1,0,0
595,100,5,1,0,0.0,0.008403361344537815,0,0,0,0,0,0,0,0,0.020168067226890758,0,1,0,0
2398,363,23,3,0,0.0,0.03336113427856547,0,0,0,0,1,0,3,0,0.06213511259382819,10,8,0,0
524,98,6,0,0,0.0,0.0019083969465648854,0,0,0,0,0,0,0,0,0.019083969465648856,0,1,0,0
89,14,2,0,0,0.0,0.06741573033707865,0,0,0,0,1,0,0,0,0.02247191011235955,0,0,0,0
2423,382,18,0,0,0.0,0.07139909203466777,0,0,0,0,0,0,0,0,0.05035080478745357,5,4,0,0
1476,236,9,0,0,0.0,0.0,0,0,0,0,0,0,0,0,0.01964769647696477,0,0,0,0
4125,665,41,3,1,0.0,0.00703030303030303,0,0,0,0,0,0,1,0,0.025212121212121213,5,4,0,0
3498,667,30,0,0,0.0,0.005145797598627788,0,0,0,0,0,0,1,0,0.010291595197255575,1,4,0,0
7981,1439,86,1,0,0.0,0.019421125172284174,0,0,0,0,0,0,0,13,0.02267886229795765,1,9,0,0
925,147,8,0,1,0.0,0.0,0,0,0,0,0,0,0,0,0.022702702702702703,0,0,0,0
747,138,15,0,0,0.07334525939177101,0.0107095046854083,2,2,0,0,1,0,0,0,0.04819277108433735,0,1,0,0
949,167,12,0,1,0.0,0.018967334035827187,0,0,0,0,0,0,0,0,0.03898840885142255,1,3,0,0
4296,673,39,3,2,0.0,0.006284916201117319,0,0,0,0,1,0,2,0,0.021182495344506516,1,5,0,0
770,104,5,0,1,0.0,0.01948051948051948,0,0,0,0,0,0,0,0,0.11428571428571428,0,0,0,0
81,12,1,0,0,0.0,0.25925925925925924,0,0,0,0,0,0,0,0,0.037037037037037035,0,0,0,0
308,57,4,1,0,0.0,0.0,0,0,0,0,0,0,0,0,0.022727272727272728,1,0,0,0
1898,279,13,0,0,0.0,0.006322444678609062,0,0,0,0,1,0,0,0,0.014752370916754479,1,1,0,0
130,19,1,0,0,0.0,0.03076923076923077,0,0,0,0,1,0,0,0,0.015384615384615385,0,0,0,0
288,52,7,0,0,0.0,0.0,0,0,0,0,0,0,0,0,0.034722222222222224,0,0,0,0
114,18,1,0,0,0.0,0.0,0,0,0,0,0,0,0,0,0.05263157894736842,0,0,0,0
663,109,12,2,0,0.0,0.03469079939668175,0,0,0,0,0,0,0,0,0.03619909502262444,0,0,0,0
2095,351,18,1,2,0.0,0.020047732696897375,0,0,0,0,0,0,4,0,0.03054892601431981,1,3,0,0
460,89,4,0,1,0.0,0.0,0,0,0,0,0,0,0,0,0.02826086956521739,0,1,0,0
1704,263,19,0,0,0.0,0.061619718309859156,0,0,0,0,0,0,3,0,0.08157276995305164,1,4,0,0
547,90,12,0,1,0.0,0.04753199268738574,0,0,0,0,0,0,2,0,0.04936014625228519,0,1,0,0
2000,345,23,0,2,0.0,0.008,0,0,0,0,0,0,0,0,0.045,2,4,0,0
2418,384,16,0,0,0.0,0.009925558312655087,0,0,0,0,1,0,0,0,0.04094292803970223,1,5,0,0
601,103,6,0,0,0.0,0.0,0,0,0,0,0,0,0,0,0.016638935108153077,0,0,0,0
234,41,3,0,0,0.0,0.0,0,0,0,0,0,0,0,0,0.02564102564102564,0,0,0,0
2029,340,16,0,0,0.0,0.008871365204534253,0,0,0,0,0,0,0,0,0.02168555938886151,2,1,0,0
56,8,1,0,0,0.0,0.21428571428571427,0,0,0,0,0,0,0,0,0.05357142857142857,0,1,0,0
777,118,8,0,0,0.0,0.01673101673101673,0,0,0,0,0,0,0,0,0.05019305019305019,2,2,0,0
442,56,4,1,0,0.0,0.0022624434389140274,0,0,0,0,0,0,0,0,0.00904977375565611,0,0,0,1
2882,587,173,0,0,0.0,0.12664816099930604,0,0,0,0,0,0,0,0,0.1054823039555864,2,3,0,0
956,180,13,7,0,0.0,0.016736401673640166,0,0,0,0,0,0,0,0,0.02510460251046025,0,1,0,0
222,39,12,0,0,0.0,0.0045045045045045045,0,0,0,0,0,0,0,0,0.05855855855855856,0,0,0,0
1367,236,5,0,0,0.0,0.05047549378200439,0,0,0,0,0,0,0,0,0.029992684711046085,2,2,0,0
243,35,5,5,0,0.0,0.0,0,0,0,0,0,1,0,0,0.0205761316872428,1,2,0,0
6716,1183,111,1,1,0.0,0.04020250148898154,0,0,0,0,0,0,0,1,0.05524121500893389,5,12,0,0
1363,247,14,0,0,0.0,0.016874541452677916,0,0,0,0,0,1,0,0,0.022743947175348497,0,0,0,0
500,79,5,0,0,0.0,0.022,0,0,0,0,0,0,1,0,0.062,0,0,0,0
1100,199,10,0,0,0.0,0.00909090909090909,0,0,0,0,0,0,0,0,0.02,0,8,0,0
656,125,5,0,0,0.0,0.0,0,0,0,0,0,0,0,0,0.01524390243902439,0,3,0,0
158,25,3,0,0,0.0,0.08227848101265822,0,0,0,0,0,0,0,0,0.0379746835443038,0,0,0,0
694,114,7,0,0,0.0,0.01440922190201729,0,0,0,0,0,0,0,0,0.024495677233429394,0,1,0,0
1318,247,14,0,0,0.0,0.026555386949924126,0,0,0,0,0,0,7,0,0.03717754172989378,2,3,0,0
671,97,4,0,0,0.0,0.013412816691505217,0,0,0,0,0,0,0,0,0.037257824143070044,1,0,0,0
847,141,8,6,0,0.0,0.010625737898465172,0,0,0,0,0,1,2,0,0.01770956316410862,8,5,0,0
436,87,6,0,1,0.0,0.0,0,0,0,0,0,0,0,0,0.020642201834862386,0,0,0,0
858,138,5,0,0,0.02318840579710145,0.006993006993006993,0,0,0,0,0,0,0,0,0.019813519813519812,0,0,0,0
435,68,2,1,0,0.0,0.013793103448275862,0,0,0,0,0,0,0,0,0.01839080459770115,0,1,0,1
664,99,5,0,0,0.0,0.0015060240963855422,0,0,0,0,0,0,0,0,0.016566265060240965,0,1,0,0
1308,229,17,5,2,0.0,0.0191131498470948,0,0,0,0,1,0,0,0,0.03058103975535168,0,0,0,1
1216,218,14,11,1,0.08324661810613944,0.006578947368421052,0,0,0,0,0,1,0,0,0.02138157894736842,7,5,0,1
1755,298,23,1,1,0.0,0.0245014245014245,0,0,0,0,1,0,1,0,0.05014245014245014,0,4,0,0
1928,304,12,0,4,0.0,0.012448132780082987,0,0,0,0,0,0,0,0,0.052385892116182574,1,3,0,0
1477,207,8,0,3,0.0,0.08869329722410291,0,0,0,0,0,0,0,0,0.12051455653351388,2,4,0,0
2560,384,34,0,0,0.0,0.02578125,0,0,0,0,0,0,0,0,0.048828125,1,1,0,0
1360,204,10,0,0,0.0,0.016176470588235296,0,0,0,0,0,0,1,0,0.019852941176470587,0,0,0,0
931,148,14,2,0,0.0,0.023630504833512353,0,0,0,0,1,2,0,0,0.04403866809881848,3,1,0,0
670,109,10,0,2,0.03413654618473896,0.014925373134328358,0,0,0,0,1,0,0,0,0.05522388059701493,5,0,0,0
18,3,1,0,0,0.0,0.0,0,0,0,0,0,0,0,0,0.16666666666666666,0,0,0,0
777,132,5,0,0,0.0,0.02574002574002574,0,0,0,0,0,0,0,0,0.06692406692406692,0,3,0,0
882,136,26,0,0,0.0,0.12244897959183673,0,0,0,0,0,0,0,0,0.09863945578231292,0,0,0,0
683,116,8,0,0,0.0,0.0,0,0,0,0,0,0,0,0,0.020497803806734993,0,6,0,0
844,142,8,0,0,0.0,0.022511848341232227,0,0,0,0,0,0,0,2,0.018957345971563982,1,5,0,0
310,54,1,0,0,0.0,0.0935483870967742,0,0,0,0,0,0,0,0,0.04516129032258064,1,1,0,0
978,140,10,0,0,0.0,0.03374233128834356,0,0,0,0,0,0,0,2,0.03987730061349693,0,0,0,0
301,52,6,0,0,0.05699481865284974,0.12292358803986711,2,0,0,0,0,0,0,0,0.08637873754152824,0,0,0,0
159,27,2,0,0,0.0,0.11949685534591195,0,0,0,0,0,0,0,0,0.03773584905660377,0,0,0,0
846,150,11,0,0,0.0410958904109589,0.0591016548463357,1,2,0,0,0,0,0,0,0.04609929078014184,1,1,0,0
225,38,4,1,0,0.0,0.035555555555555556,0,0,0,0,0,0,0,0,0.035555555555555556,0,0,0,0
1398,213,14,0,0,0.0,0.0536480686695279,0,0,0,0,1,0,4,0,0.09728183118741059,2,4,0,0
1999,321,14,0,0,0.0,0.014507253626813406,0,0,0,0,0,0,0,0,0.018009004502251125,0,0,0,0
241,32,3,3,0,0.0,0.0,0,0,0,0,0,0,0,0,0.016597510373443983,0,0,0,0
171,33,4,0,1,0.0,0.005847953216374269,0,0,0,0,0,0,0,0,0.04678362573099415,0,1,0,0
196,30,2,0,0,0.0,0.05102040816326531,0,0,0,0,0,0,0,0,0.14795918367346939,0,0,0,0
4096,647,32,1,3,0.0,0.00537109375,0,0,0,0,0,0,0,0,0.016845703125,2,2,0,0
5318,891,57,0,9,0.0,0.012786761940579166,0,0,0,0,1,0,0,0,0.034035351635953365,2,15,0,0
411,85,5,0,0,0.01592356687898089,0.0,0,0,0,0,0,0,0,0,0.021897810218978103,0,1,0,0
2446,394,25,1,0,0.0,0.03311529026982829,0,0,0,0,1,0,0,0,0.06663941128372854,1,3,0,0
1678,256,14,0,0,0.0,0.03933253873659118,0,0,0,0,1,0,0,0,0.045887961859356376,2,1,0,0
13466,2188,251,7,13,0.08058781701825077,0.09809891578791029,19,15,165,1,1,11,5,6,0.08606861725828012,26,33,1,1
3888,637,31,0,4,0.0,0.02700617283950617,0,0,0,0,0,1,1,0,0.06378600823045268,2,5,0,0
864,128,6,0,0,0.0,0.10532407407407407,0,0,0,0,0,0,0,0,0.09606481481481481,0,0,0,1
1165,192,14,3,0,0.0,0.03862660944206009,0,0,0,0,0,0,0,0,0.07210300429184549,0,1,0,0
45,9,1,0,0,0.0,0.1111111111111111,0,0,0,0,1,0,0,0,0.044444444444444446,0,0,0,0
346,60,4,0,0,0.0,0.0,0,0,0,0,1,0,0,0,0.02023121387283237,0,1,0,0
1763,267,14,0,0,0.0,0.0005672149744753262,0,0,0,0,0,0,0,0,0.018150879183210438,0,0,0,0
368,66,1,0,0,0.0,0.057065217391304345,0,0,0,0,0,0,0,0,0.03260869565217391,1,2,0,0
792,137,4,0,0,0.0,0.023989898989898988,0,0,0,0,0,0,0,0,0.020202020202020204,0,0,0,0
37794,6262,445,0,15,0.0,0.02614171561623538,0,0,0,0,1,1,76,0,0.028258453722813145,81,89,0,0
577,100,5,0,0,0.0,0.0034662045060658577,0,0,0,0,0,0,0,0,0.01386481802426343,0,0,0,0
967,153,8,1,0,0.0,0.0,0,0,0,0,0,0,0,0,0.015511892450879007,0,0,0,0
391,57,7,0,1,0.0,0.0,0,0,0,0,0,1,0,0,0.02557544757033248,1,0,0,0
1442,247,11,1,1,0.0,0.04299583911234397,0,0,0,0,0,0,0,0,0.029819694868238558,2,4,0,0
139343,4942,22,0,8,0.5044010219152928,0.13546428597059057,3,3,0,0,1,0,0,9,0.0007391831667180986,6,3,1,1
798,127,10,0,0,0.054770318021201414,0.020050125313283207,1,2,2,1,0,0,0,0,0.09899749373433583,0,0,0,1
898,153,7,0,0,0.0,0.004454342984409799,0,0,0,0,1,1,0,0,0.017817371937639197,0,1,0,0
4411,714,26,0,0,0.0,0.0034005894355021537,0,0,0,0,0,0,0,0,0.020630242575379733,2,5,0,0
1108,182,53,0,44,0.0,0.0036101083032490976,0,0,0,0,0,0,0,0,0.05685920577617329,1,2,0,0
332,51,3,0,0,0.0,0.02710843373493976,0,0,0,0,1,0,0,0,0.07228915662650602,0,1,0,0
421,74,9,1,2,0.0,0.021377672209026127,0,0,0,0,0,0,0,0,0.035629453681710214,0,1,0,0
786,130,9,0,2,0.0,0.021628498727735368,0,0,0,0,1,0,0,0,0.017811704834605598,1,1,0,0
1367,233,13,0,1,0.10177404295051354,0.018288222384784197,0,1,0,0,1,1,0,0,0.027066569129480616,1,1,0,1
1727,312,8,0,0,0.0,0.009264620729588882,0,0,0,0,0,0,0,0,0.013896931094383324,0,1,0,0
1800,282,31,0,4,0.0,0.0038888888888888888,0,0,0,0,0,0,0,0,0.02277777777777778,1,1,0,0
1186,169,15,0,0,0.0,0.04131534569983136,0,0,0,0,0,0,0,0,0.07251264755480608,0,0,0,0
2655,418,28,3,1,0.0,0.022222222222222223,0,0,0,0,0,0,0,0,0.045951035781544254,2,5,0,0
1643,310,22,2,0,0.0,0.006086427267194157,0,0,0,0,0,0,1,0,0.02251978088861838,2,4,0,0
166,27,2,0,0,0.0,0.18072289156626506,0,0,0,0,0,0,0,0,0.09036144578313253,0,0,0,0
311,73,21,0,0,0.0,0.14469453376205788,0,0,0,0,0,0,0,0,0.06752411575562701,0,0,0,0
507,64,2,0,0,0.0,0.06903353057199212,0,0,0,0,1,0,0,0,0.13214990138067062,0,0,0,0
601,83,9,0,0,0.05138339920948617,0.0033277870216306157,0,0,0,0,0,0,0,0,0.014975041597337771,0,0,0,0
115,19,2,0,0,0.0,0.06956521739130435,0,0,0,0,0,0,0,0,0.05217391304347826,0,1,0,0
1736,297,29,10,1,0.13367052023121387,0.002304147465437788,1,3,0,0,0,3,1,0,0.02707373271889401,15,12,0,1
6464,1050,61,0,2,0.0,0.01036509900990099,0,0,0,0,0,0,0,0,0.055228960396039604,6,6,0,0
429,76,8,0,0,0.0,0.0,0,0,0,0,0,0,0,0,0.02097902097902098,0,1,0,0
1313,242,11,0,2,0.0,0.027418126428027417,0,0,0,0,0,0,0,0,0.026656511805026657,1,3,0,0
2288,351,18,1,0,0.0,0.0388986013986014,0,0,0,0,0,0,0,0,0.033216783216783216,6,7,0,0
529,91,8,0,0,0.0,0.003780718336483932,0,0,0,0,0,0,0,0,0.026465028355387523,0,0,0,0
747,120,14,0,0,0.0,0.10441767068273092,0,0,0,0,0,0,0,0,0.06827309236947791,0,0,0,0
454,76,24,2,15,0.0,0.0,0,0,0,0,0,0,2,0,0.07048458149779736,2,2,0,0
1054,177,10,0,1,0.0,0.03320683111954459,0,0,0,0,1,0,0,0,0.06925996204933586,0,1,0,0
2020,339,11,0,0,0.0,0.01782178217821782,0,0,0,0,0,0,0,0,0.024752475247524754,0,2,0,0
1287,218,21,0,1,0.0,0.02641802641802642,0,0,0,0,0,0,0,1,0.057498057498057496,1,2,0,0
603,78,4,4,0,0.22381930184804927,0.03482587064676617,0,0,0,0,0,1,0,0,0.01658374792703151,6,5,0,1
599,102,8,0,0,0.0,0.041736227045075125,0,0,0,0,0,0,2,0,0.03672787979966611,0,1,0,0
389,51,6,1,0,0.0,0.0,0,0,0,0,0,0,0,0,0.056555269922879174,1,1,0,0
718,111,4,0,0,0.0,0.08356545961002786,0,0,0,0,0,0,0,0,0.09192200557103064,0,2,0,0
108,17,2,0,0,0.0,0.046296296296296294,0,0,0,0,1,0,0,0,0.027777777777777776,0,0,0,0
303,45,2,0,0,0.0,0.0627062706270627,0,0,0,0,0,0,0,0,0.08250825082508251,0,0,0,0
52,8,1,0,0,0.0,0.0,0,0,0,0,0,0,0,0,0.038461538461538464,0,0,0,0
192,35,7,0,0,0.08823529411764706,0.19270833333333334,2,0,0,0,0,0,0,0,0.140625,0,0,0,0
3652,588,29,0,1,0.0,0.02656078860898138,0,0,0,0,1,0,0,0,0.03970427163198247,1,4,0,0
704,125,8,0,0,0.0,0.06818181818181818,0,0,0,0,0,0,0,0,0.041193181818181816,2,3,0,0
1321,220,11,0,2,0.0,0.028009084027252083,0,0,0,0,0,0,0,0,0.04844814534443603,5,5,0,0
551,96,11,0,0,0.0,0.045372050816696916,0,0,0,0,1,0,0,0,0.041742286751361164,1,0,0,0
483,67,1,0,0,0.0,0.049689440993788817,0,0,0,0,0,0,0,0,0.11801242236024845,0,0,0,0
360,52,6,0,0,0.0,0.07222222222222222,0,0,0,0,0,0,0,1,0.03611111111111111,1,0,0,1
91,14,3,0,0,0.0,0.054945054945054944,0,0,0,0,1,0,0,0,0.054945054945054944,0,0,0,0
877,137,6,0,0,0.0,0.0,0,0,0,0,0,0,0,0,0.013683010262257697,1,1,0,0
603,109,11,0,0,0.0,0.03814262023217247,0,0,0,0,0,0,0,0,0.04145936981757877,0,1,0,0
222,29,9,0,0,0.0,0.04504504504504504,0,0,0,0,0,0,0,0,0.04504504504504504,0,0,0,0
147,25,4,0,0,0.0,0.0,0,0,0,0,0,0,0,0,0.027210884353741496,0,0,0,0
134,23,1,0,0,0.0,0.0,0,0,0,0,0,0,0,0,0.014925373134328358,0,0,0,0
719,128,15,0,8,0.01652892561983471,0.10987482614742698,0,0,0,0,0,0,0,1,0.059805285118219746,0,0,0,0
978,146,6,0,0,0.0,0.013292433537832311,0,0,0,0,0,0,0,0,0.018404907975460124,1,1,0,0
222,42,3,0,0,0.0,0.05855855855855856,0,0,0,0,0,0,0,0,0.03153153153153153,0,1,0,0
1680,251,12,0,0,0.0,0.030952380952380953,0,0,0,0,0,0,0,0,0.052976190476190475,3,3,0,0
3100,520,25,0,3,0.0,0.004838709677419355,0,0,0,0,0,0,0,0,0.02129032258064516,24,2,0,0
288,58,3,0,0,0.0,0.09375,0,0,0,0,0,0,0,0,0.024305555555555556,0,0,0,0
1363,220,24,0,1,0.0,0.01760821716801174,0,0,0,0,0,0,54,1,0.025678650036683785,2,2,0,0
3281,462,90,0,1,0.0,0.005486132276744895,0,0,0,0,0,0,0,0,0.08076805851874429,4,3,0,0
689,124,8,0,0,0.0,0.0,0,0,0,0,1,0,0,0,0.020319303338171262,0,1,0,0
3626,544,52,0,2,0.0,0.01516822945394374,0,0,0,0,1,0,3,0,0.035024820739106455,6,6,0,0
1171,179,12,0,0,0.0,0.017079419299743808,0,0,0,0,0,0,0,0,0.030742954739538857,1,2,0,0
3898,678,30,1,1,0.0,0.01564905079527963,0,0,0,0,0,0,0,0,0.024371472550025655,1,6,0,0
577,89,7,1,1,0.0,0.0,0,0,0,0,0,0,0,0,0.036395147313691506,0,1,0,0
99,15,1,0,0,0.0,0.04040404040404041,0,0,0,0,1,0,0,0,0.020202020202020204,0,0,0,0
871,128,10,0,0,0.0,0.0539609644087256,0,0,0,0,0,0,0,0,0.03903559127439724,0,1,0,0
123,20,1,0,0,0.0,0.17886178861788618,0,0,0,0,0,0,0,0,0.016260162601626018,0,0,0,1
2385,345,16,0,0,0.0,0.0,0,0,0,0,0,0,0,0,0.027253668763102725,4,2,0,0
3677,558,26,4,1,0.0,0.014957846070165896,0,0,0,0,1,0,0,0,0.04351373402230079,0,0,0,0
271,49,3,1,0,0.0,0.04059040590405904,0,0,0,0,0,0,0,0,0.04059040590405904,0,1,0,0
3027,423,27,1,0,0.0,0.01288404360753221,0,0,0,0,0,0,0,0,0.03501816980508755,2,4,0,0
131,20,1,0,0,0.009259259259259259,0.0,0,0,0,0,0,0,0,0,0.007633587786259542,1,1,0,0
1573,225,31,0,0,0.0,0.02161474888747616,0,0,0,0,0,0,0,0,0.05848696757787667,2,4,0,0
1517,254,23,1,0,0.0,0.03823335530652604,0,0,0,0,0,0,0,0,0.03691496374423204,0,4,0,0
901,131,7,1,0,0.0,0.013318534961154272,0,0,0,0,0,0,0,0,0.018867924528301886,1,2,0,0
639,99,10,0,0,0.0,0.018779342723004695,0,0,0,0,0,1,0,0,0.028169014084507043,0,0,0,0
422,57,4,0,0,0.0,0.05687203791469194,0,0,0,0,0,0,0,0,0.13981042654028436,0,1,0,0
672,126,7,0,0,0.0,0.019345238095238096,0,0,0,0,0,0,0,0,0.019345238095238096,0,3,0,0
2589,443,14,0,1,0.0,0.034376207029741215,0,0,0,0,0,0,1,0,0.04016994978756277,1,1,0,0
350,45,3,0,0,0.0,0.07714285714285714,0,0,0,0,1,0,0,0,0.18857142857142858,0,0,0,0
1675,254,13,0,0,0.0,0.03044776119402985,0,0,0,0,1,0,0,0,0.037611940298507465,4,2,0,0
5261,935,84,0,1,0.0,0.02623075460938985,0,0,0,0,0,0,0,1,0.038395742254324274,2,4,0,0
258,44,2,0,0,0.0,0.08527131782945736,0,0,0,0,0,0,0,0,0.04263565891472868,0,0,0,0
120,18,4,0,0,0.012048192771084338,0.1,1,0,0,0,0,0,0,1,0.075,0,0,0,0
662,118,10,7,3,0.08481262327416174,0.019637462235649546,0,0,0,0,0,2,0,1,0.030211480362537766,10,10,0,0
1136,203,10,0,2,0.0,0.10387323943661972,0,0,0,0,0,0,0,0,0.0721830985915493,0,4,0,0
441,82,11,0,0,0.0,0.17006802721088435,0,0,0,0,1,0,4,0,0.045351473922902494,0,0,0,0
186,38,2,0,0,0.0,0.03225806451612903,0,0,0,0,0,0,0,0,0.021505376344086023,0,0,0,0
1193,190,14,0,2,0.0,0.012573344509639563,0,0,0,0,0,0,0,0,0.027661357921207042,4,4,0,0
598,98,4,0,0,0.0,0.0,0,0,0,0,1,0,0,0,0.021739130434782608,1,1,0,0
76,14,3,1,0,0.0,0.02631578947368421,0,0,0,0,0,0,0,0,0.05263157894736842,0,0,0,0
445,90,3,0,0,0.0,0.1146067415730337,0,0,0,0,0,0,0,0,0.006741573033707865,1,1,0,0
766,167,1,0,0,0.0,0.5783289817232375,0,0,0,0,0,0,0,25,0.0013054830287206266,0,0,0,0
849,137,10,1,0,0.0,0.04122497055359246,0,0,0,0,0,0,0,1,0.03651354534746761,0,0,0,0
919,129,20,1,3,0.0,0.00544069640914037,0,0,0,0,0,0,0,0,0.030467899891186073,0,0,0,0
290,44,4,0,0,0.0,0.017241379310344827,0,0,0,0,0,0,0,0,0.027586206896551724,1,1,0,0
615,99,9,1,1,0.03686635944700461,0.0,2,1,1,1,1,0,0,0,0.12195121951219512,0,0,0,1
375,62,6,0,0,0.0,0.10133333333333333,0,0,0,0,0,0,0,0,0.048,0,0,0,0
129,19,2,0,0,0.0,0.0,0,0,0,0,1,0,0,0,0.031007751937984496,0,0,0,0
699,185,10,2,1,0.0,0.0,0,0,0,0,0,0,0,0,0.1659513590844063,1,1,0,0
289,51,7,5,0,0.0,0.0,0,0,0,0,0,0,0,0,0.04152249134948097,1,2,0,0
420,77,8,0,3,0.0,0.04047619047619048,0,0,0,0,0,0,0,0,0.0380952380952381,0,0,0,0
3246,518,45,1,3,0.0859656137544982,0.0046210720887245845,2,2,0,0,0,0,0,0,0.029574861367837338,4,10,0,1
4681,849,77,3,16,0.08289290681502086,0.01879940183721427,0,2,0,0,0,1,0,0,0.028839991454817346,9,11,0,1
71,13,2,0,0,0.0,0.23943661971830985,0,0,0,0,0,0,0,0,0.056338028169014086,0,0,0,0
657,110,14,0,1,0.04132231404958678,0.0,2,3,1,1,0,0,0,0,0.1156773211567732,0,0,0,1
474,78,5,0,1,0.0,0.04219409282700422,0,0,0,0,0,0,0,0,0.027426160337552744,0,3,0,0
2680,413,27,0,1,0.0,0.014925373134328358,0,0,0,0,0,0,0,0,0.033582089552238806,0,4,0,0
3510,542,25,0,2,0.0,0.04586894586894587,0,0,0,0,1,0,10,0,0.05698005698005698,3,7,0,0
556,108,7,0,0,0.0,0.0,0,0,0,0,0,0,0,0,0.023381294964028777,0,2,0,0
795,173,1,0,0,0.0,0.5811320754716981,0,0,0,0,0,0,0,27,0.0012578616352201257,0,0,0,0
321,40,2,0,0,0.0,0.08099688473520249,0,0,0,0,1,0,0,0,0.1806853582554517,0,0,0,0
246,46,9,2,1,0.0,0.016260162601626018,0,0,0,0,0,0,0,0,0.056910569105691054,1,1,0,0
98,17,2,0,0,0.0,0.0,0,0,0,0,0,0,0,0,0.030612244897959183,0,0,0,0
614,100,6,0,1,0.0,0.05374592833876222,0,0,0,0,0,0,3,0,0.057003257328990226,1,1,0,0
632,120,4,0,2,0.0,0.022151898734177215,0,0,0,0,0,0,0,0,0.028481012658227847,0,1,0,0
3203,521,28,0,0,0.0,0.024976584452076178,0,0,0,0,0,0,0,0,0.02372775522947237,2,5,0,0
335,79,22,0,0,0.0,0.13134328358208955,0,0,0,0,0,0,0,0,0.06567164179104477,0,0,0,0
2478,394,10,0,1,0.0,0.01735270379338176,0,0,0,0,1,0,0,0,0.025020177562550445,1,2,0,0
1110,193,8,0,0,0.0,0.032432432432432434,0,0,0,0,0,0,3,2,0.036936936936936934,1,1,0,0
2647,478,60,0,54,0.0,0.2157159047978844,0,0,0,0,0,0,0,0,0.04722327162825841,1,1,0,0
626,113,10,1,0,0.0,0.003194888178913738,0,0,0,0,0,0,0,0,0.027156549520766772,0,0,0,0
167,29,5,0,2,0.0,0.0,0,0,0,0,0,0,0,0,0.03592814371257485,0,1,0,0
183,35,2,0,1,0.0,0.0,0,0,0,0,0,0,0,0,0.02185792349726776,0,0,0,0
1371,231,15,0,0,0.0,0.06345733041575492,0,0,0,0,1,0,3,1,0.029175784099197667,5,8,0,0
184,32,5,0,0,0.0,0.10869565217391304,0,0,0,0,0,0,0,0,0.07608695652173914,0,0,0,0
894,129,4,0,1,0.0,0.021252796420581657,0,0,0,0,0,0,7,0,0.0447427293064877,1,1,0,0
196,38,3,0,0,0.0,0.04081632653061224,0,0,0,0,0,0,0,0,0.02040816326530612,0,0,0,0
37025,5963,343,0,11,0.0,0.013153274814314652,0,0,0,0,1,0,33,0,0.022849426063470627,21,41,0,0
431,58,7,0,0,0.0,0.002320185614849188,0,0,0,0,0,0,0,0,0.08120649651972157,1,1,0,0
819,148,12,0,0,0.0,0.031746031746031744,0,0,0,0,0,0,2,0,0.0231990231990232,0,3,0,0
253,45,9,0,0,0.0,0.11857707509881422,0,0,0,0,0,0,0,0,0.04743083003952569,0,0,0,0
1141,182,10,0,0,0.0,0.04294478527607362,0,0,0,0,0,0,0,0,0.06748466257668712,0,1,0,0
2623,395,53,1,1,0.0,0.003431185665268776,0,0,0,0,1,0,0,0,0.05261151353412123,5,5,0,0
1321,204,12,0,0,0.0,0.0,0,0,0,0,0,0,0,0,0.028766086298258896,2,3,0,0
2649,470,25,4,0,0.0,0.013967534918837296,0,0,0,0,0,0,0,0,0.027935069837674593,1,7,0,0
2201,362,17,0,0,0.0,0.011358473421172195,0,0,0,0,0,0,0,0,0.039981826442526125,1,1,0,0
1611,232,27,1,0,0.0,0.019242706393544383,0,0,0,0,0,0,0,0,0.051520794537554315,1,1,0,0
727,128,7,0,0,0.0,0.0,0,0,0,0,0,0,0,0,0.016506189821182942,0,0,0,0
1140,182,9,0,0,0.0,0.012280701754385965,0,0,0,0,0,0,0,0,0.02543859649122807,0,0,0,0
840,131,3,0,0,0.0,0.002380952380952381,0,0,0,0,0,0,0,0,0.005952380952380952,2,4,0,0
2640,421,32,1,2,0.0,0.006818181818181818,0,0,0,0,1,0,0,0,0.04090909090909091,5,4,0,0
478,90,7,1,0,0.03142857142857143,0.06485355648535565,0,0,0,0,0,1,1,2,0.029288702928870293,1,1,0,0
1185,165,9,0,1,0.0,0.049789029535864976,0,0,0,0,0,0,0,0,0.11054852320675106,1,2,0,0
1080,187,6,1,0,0.0,0.011111111111111112,0,0,0,0,0,0,0,0,0.018518518518518517,3,2,0,0
777,112,9,1,0,0.0,0.02702702702702703,0,0,0,0,1,0,5,0,0.0489060489060489,0,0,0,0
833,127,5,0,0,0.0,0.028811524609843937,0,0,0,0,1,0,0,0,0.07322929171668667,0,0,0,0
235,40,3,0,0,0.0,0.02127659574468085,0,0,0,0,0,0,0,0,0.0425531914893617,0,0,0,0
755,134,9,0,0,0.0,0.045033112582781455,0,0,0,0,1,0,0,2,0.025165562913907286,1,3,0,0
4693,764,30,0,2,0.0,0.01193266567227786,0,0,0,0,0,0,0,0,0.030683997443000214,2,4,0,0
353,58,5,0,0,0.0,0.09631728045325778,0,0,0,0,0,0,0,0,0.05099150141643059,0,0,0,0
606,102,6,0,0,0.0,0.00825082508250825,0,0,0,0,0,0,0,0,0.009900990099009901,2,2,0,0
321,43,3,2,1,0.0,0.0,0,0,0,0,0,0,0,0,0.009345794392523364,0,0,0,0
624,113,10,1,0,0.0,0.0,0,0,0,0,0,0,0,0,0.030448717948717948,0,0,0,0
1334,251,20,0,5,0.026522593320235755,0.0,0,0,0,0,0,0,0,0,0.031484257871064465,0,3,0,0
45,5,1,0,0,0.0,0.0,0,0,0,0,0,0,0,0,0.044444444444444446,0,0,0,0
3595,548,14,0,0,0.0,0.0025034770514603616,0,0,0,0,0,0,0,0,0.017524339360222532,1,2,0,0
202,32,2,0,0,0.0,0.0,0,0,0,0,1,0,0,0,0.019801980198019802,0,0,0,0
355,57,4,0,0,0.0,0.0676056338028169,0,0,0,0,0,0,0,0,0.022535211267605635,0,0,0,0
336,52,4,0,0,0.0,0.08035714285714286,0,0,0,0,0,0,0,1,0.03273809523809524,1,0,0,1
971,154,17,0,0,0.0,0.1678681771369722,0,0,0,0,0,0,11,5,0.06694129763130793,1,0,0,0
1681,289,20,2,0,0.11372251705837756,0.009518143961927425,0,0,0,0,0,2,2,0,0.03152885187388459,1,3,0,0
769,111,7,0,1,0.0,0.05851755526657997,0,0,0,0,0,0,0,2,0.04291287386215865,1,2,0,0
485,78,11,0,0,0.0,0.002061855670103093,0,0,0,0,0,0,0,0,0.032989690721649485,0,1,0,0
361,66,6,0,2,0.0,0.0221606648199446,0,0,0,0,0,0,0,0,0.030470914127423823,1,1,0,0
1586,257,23,0,0,0.0,0.04476670870113493,0,0,0,0,1,0,4,0,0.03972257250945776,2,4,0,0
135,23,2,0,0,0.0,0.0,0,0,0,0,0,0,0,0,0.014814814814814815,0,0,0,0
1751,155,9,0,2,0.25,0.0017133066818960593,2,1,0,0,0,0,0,0,0.07367218732153055,6,0,0,1
162,33,3,0,0,0.0,0.0,0,0,0,0,0,0,0,0,0.024691358024691357,0,1,0,0
171,29,2,0,0,0.0,0.0,0,0,0,0,0,0,0,0,0.029239766081871343,1,2,0,0
1114,206,8,0,0,0.0,0.005385996409335727,0,0,0,0,0,0,0,0,0.011669658886894075,0,2,0,0
759,125,7,0,0,0.0,0.023715415019762844,0,0,0,0,1,0,0,0,0.04479578392621871,0,2,0,0
626,103,8,0,0,0.014227642276422764,0.009584664536741214,1,0,0,0,0,0,0,0,0.03354632587859425,0,0,0,0
344,53,2,0,0,0.0,0.01744186046511628,0,0,0,0,0,0,0,0,0.0377906976744186,0,2,0,0
1871,284,12,0,0,0.0,0.040619989310529125,0,0,0,0,0,0,0,0,0.0518439337252806,3,3,0,0
456,80,5,0,0,0.0,0.02631578947368421,0,0,0,0,0,0,0,0,0.02631578947368421,1,3,0,0
424,59,4,0,1,0.0,0.02122641509433962,0,0,0,0,0,0,0,0,0.1179245283018868,0,0,0,0
1939,318,20,0,0,0.0,0.019597730789066528,0,0,0,0,1,0,0,1,0.05312016503352243,0,2,0,0
4678,849,77,3,16,0.08289290681502086,0.01881145788798632,0,2,0,0,0,1,0,0,0.028858486532706284,9,11,0,1
564,94,6,0,0,0.0,0.0425531914893617,0,0,0,0,0,0,1,0,0.031914893617021274,2,2,0,0
23,4,1,0,0,0.0,0.0,0,0,0,0,0,0,0,0,0.0,0,0,0,0
353,68,3,0,0,0.0,0.0084985835694051,0,0,0,0,0,0,0,0,0.025495750708215296,0,0,0,0
720,130,7,0,0,0.0,0.05138888888888889,0,0,0,0,0,0,0,0,0.03611111111111111,0,2,0,0
439,76,11,0,8,0.0,0.00683371298405467,0,0,0,0,0,0,0,0,0.04100227790432802,1,0,0,0
1672,272,19,0,0,0.0,0.0023923444976076554,0,0,0,0,0,1,0,0,0.02631578947368421,0,1,0,0
183,29,7,1,1,0.0,0.0273224043715847,0,0,0,0,0,0,0,0,0.06557377049180328,0,0,0,0
426,75,12,2,1,0.0,0.023474178403755867,0,0,0,0,0,0,2,0,0.04225352112676056,1,1,0,0
494,80,15,0,0,0.0,0.020242914979757085,0,0,0,0,0,0,0,0,0.04251012145748988,0,0,0,0
131,23,1,0,0,0.0,0.07633587786259542,0,0,0,0,0,0,0,0,0.03816793893129771,0,0,0,0
1956,352,34,0,2,0.0,0.0010224948875255625,0,0,0,0,0,0,0,0,0.02198364008179959,2,3,0,0
228,42,2,0,0,0.0,0.021929824561403508,0,0,0,0,0,0,0,0,0.017543859649122806,1,1,0,0
619,86,4,0,0,0.0,0.029079159935379646,0,0,0,0,0,0,0,0,0.11793214862681745,0,0,0,0
842,122,8,0,1,0.0,0.039192399049881234,0,0,0,0,0,0,0,0,0.0997624703087886,0,1,0,0
5148,665,62,0,19,0.0,0.011655011655011656,0,0,0,0,0,0,0,0,0.09731934731934731,3,4,0,0
5482,875,35,0,4,0.0,0.025902955125866472,0,0,0,0,1,0,3,0,0.03210507114191901,8,14,0,0
206,36,4,0,0,0.0,0.024271844660194174,0,0,0,0,1,0,0,0,0.02912621359223301,0,0,0,0
673,96,5,0,0,0.0,0.03714710252600297,0,0,0,0,0,0,0,0,0.05349182763744428,1,1,0,0
501,79,7,2,0,0.0,0.017964071856287425,0,0,0,0,0,0,0,0,0.043912175648702596,0,2,0,0
1427,230,23,0,0,0.0,0.06096706377014716,0,0,0,0,0,0,0,0,0.046951646811492644,0,0,0,0
490,72,3,0,0,0.0,0.006122448979591836,0,0,0,0,0,0,0,0,0.022448979591836733,3,3,0,0
376,60,4,0,0,0.0,0.010638297872340425,0,0,0,0,0,0,0,0,0.02127659574468085,1,0,0,0
572,94,6,0,0,0.0,0.0,0,0,0,0,0,2,0,0,0.024475524475524476,1,1,0,0
1286,202,13,0,0,0.0,0.02332814930015552,0,0,0,0,0,0,3,0,0.05443234836702955,1,1,0,0
2821,493,62,0,1,0.0,0.004608294930875576,0,0,0,0,0,0,0,0,0.03615739099610067,5,3,0,0
1939,353,35,1,4,0.061182868796736914,0.012893243940175348,2,7,0,0,0,0,0,0,0.05157297576070139,2,3,0,1
759,135,8,2,1,0.0,0.013175230566534914,0,0,0,0,0,0,1,0,0.021080368906455864,1,2,0,0
210,38,4,0,2,0.0,0.05238095238095238,0,0,0,0,0,0,0,0,0.02857142857142857,1,1,0,0
8316,1308,72,4,0,0.0,0.017556517556517555,0,0,0,0,1,0,1,0,0.020081770081770083,5,5,0,0
985,144,16,0,3,0.0,0.003045685279187817,0,0,0,0,0,1,0,0,0.026395939086294416,0,2,0,0
45,6,1,0,0,0.0,0.2222222222222222,0,0,0,0,0,0,0,0,0.06666666666666667,0,0,0,0
351,63,5,0,0,0.0,0.04843304843304843,0,0,0,0,0,0,0,0,0.042735042735042736,0,0,0,0
338,57,3,0,0,0.0,0.0,0,0,0,0,1,0,0,0,0.023668639053254437,0,0,0,0
264,52,4,0,0,0.0,0.007575757575757576,0,0,0,0,0,0,0,0,0.030303030303030304,0,0,0,0
1939,258,21,1,0,0.0,0.008251676121712223,0,0,0,0,0,1,0,0,0.04641567818463126,3,2,0,0
861,122,8,4,0,0.0,0.004645760743321719,0,0,0,0,0,0,0,0,0.010452961672473868,3,2,0,0
187,41,3,0,0,0.0,0.0855614973262032,0,0,0,0,0,0,0,0,0.026737967914438502,0,0,0,0
2376,366,16,0,1,0.0,0.004208754208754209,0,0,0,0,0,0,0,0,0.0281986531986532,1,3,0,0
262,53,9,0,0,0.0,0.17938931297709923,0,0,0,0,0,0,3,0,0.0648854961832061,0,2,0,0
865,124,8,1,0,0.0,0.03121387283236994,0,0,0,0,1,0,5,0,0.05202312138728324,0,0,0,0
1819,315,30,0,0,0.0,0.04892798240791644,0,0,0,0,0,0,0,0,0.03793293018141836,2,5,0,0
226,41,3,0,0,0.0,0.017699115044247787,0,0,0,0,1,0,0,0,0.01327433628318584,0,1,0,0
457,84,2,0,0,0.0,0.12253829321663019,0,0,0,0,0,0,0,0,0.015317286652078774,0,0,0,0
652,111,12,1,2,0.07142857142857142,0.0843558282208589,4,0,0,0,0,0,0,4,0.07515337423312883,1,0,1,0
1501,234,29,3,2,0.0,0.0,0,0,0,0,0,0,0,0,0.030646235842771485,2,3,0,0
1648,269,20,3,0,0.0,0.012135922330097087,0,0,0,0,0,1,0,0,0.03398058252427184,6,13,0,0
87,18,1,0,0,0.0,0.022988505747126436,0,0,0,0,1,0,0,0,0.011494252873563218,0,0,0,0
825,204,9,0,0,0.0,0.0,0,0,0,0,0,0,0,0,0.14666666666666667,1,2,0,0
87,18,2,0,0,0.0,0.05747126436781609,0,0,0,0,0,0,0,0,0.022988505747126436,0,0,0,0
1862,366,21,0,0,0.0,0.008592910848549946,0,0,0,0,0,0,0,0,0.020945220193340493,1,5,0,0
4206,610,44,1,3,0.0,0.030670470756062766,0,0,0,0,0,0,2,0,0.04873989538754161,8,11,0,0
303,55,7,0,0,0.0,0.16831683168316833,0,0,0,0,1,0,3,3,0.0297029702970297,0,2,0,0
693,124,7,0,0,0.0,0.004329004329004329,0,0,0,0,0,0,0,0,0.01875901875901876,0,3,0,0
208,36,3,1,2,0.0,0.0,0,0,0,0,0,0,0,0,0.02403846153846154,1,1,0,0
454,69,3,0,0,0.0,0.046255506607929514,0,0,0,0,1,0,0,0,0.05947136563876652,0,1,0,0
625,97,2,0,0,0.0,0.0496,0,0,0,0,0,0,0,0,0.08,0,0,0,0
702,183,9,0,1,0.0,0.0,0,0,0,0,0,0,0,0,0.16951566951566951,4,2,0,0
1181,169,9,0,3,0.0,0.05080440304826418,0,0,0,0,1,0,0,0,0.07620660457239628,0,1,0,1
1258,240,12,0,0,0.0,0.0047694753577106515,0,0,0,0,0,0,0,0,0.022257551669316374,0,1,0,0
149,26,1,0,0,0.0,0.1342281879194631,0,0,0,0,1,0,0,0,0.03355704697986577,0,1,0,0
321,49,6,0,0,0.0,0.08722741433021806,0,0,0,0,0,0,0,1,0.040498442367601244,1,0,0,1
2555,377,27,1,0,0.0,0.007827788649706457,0,0,0,0,0,0,0,0,0.018395303326810174,0,3,0,0
308,56,5,0,0,0.0,0.006493506493506494,0,0,0,0,0,0,0,0,0.01948051948051948,1,2,0,0
20551,3053,182,0,0,0.06561487188895004,0.0084667412777967,3,3,0,0,1,0,7,2,0.026032796457593304,6,20,1,1
1117,194,13,0,0,0.0,0.012533572068039392,0,0,0,0,1,0,0,0,0.02775290957923008,5,7,0,0
1597,292,21,0,0,0.0,0.040075140889167186,0,0,0,0,0,0,0,0,0.030682529743268627,0,0,0,0
2160,349,37,1,1,0.0,0.04351851851851852,0,0,0,0,0,0,0,0,0.046296296296296294,0,1,0,0
1548,203,9,0,0,0.0,0.01937984496124031,0,0,0,0,1,0,0,0,0.059431524547803614,0,0,0,0
526,97,6,0,0,0.0,0.11406844106463879,0,0,0,0,0,0,0,0,0.055133079847908745,0,0,0,0
3433,588,28,0,4,0.0,0.01543839207690067,0,0,0,0,0,0,2,0,0.025633556655986017,4,4,0,0
102,18,3,0,0,0.0,0.0784313725490196,0,0,0,0,0,0,0,0,0.049019607843137254,0,0,0,0
1316,248,6,2,0,0.0,0.005319148936170213,0,0,0,0,0,0,0,0,0.02735562310030395,0,6,0,0
466,84,8,0,0,0.0,0.0,0,0,0,0,1,0,0,0,0.023605150214592276,0,0,0,0
1948,323,32,4,5,0.0,0.008726899383983572,0,0,0,0,0,2,2,0,0.027720739219712527,10,11,0,0
1111,162,7,5,0,0.06469920544835414,0.0351035103510351,0,0,0,0,0,0,0,0,0.026102610261026102,5,4,0,0
781,132,8,0,0,0.0,0.04481434058898848,0,0,0,0,1,0,0,0,0.028169014084507043,0,1,0,0
910,153,11,0,0,0.0,0.01868131868131868,0,0,0,0,0,0,1,0,0.02857142857142857,1,3,0,0
812,136,10,0,3,0.0,0.006157635467980296,0,0,0,0,0,0,0,0,0.0332512315270936,0,1,0,0
1231,222,13,0,3,0.0,0.025995125913891144,0,0,0,0,0,0,0,0,0.025182778229082048,0,2,0,0
3789,596,48,1,0,0.037487335359675786,0.015571390868302983,3,3,0,0,0,3,0,0,0.05199261018738453,9,5,1,1
184,38,6,0,0,0.0,0.1793478260869565,0,0,0,0,0,0,0,0,0.03260869565217391,0,0,0,0
1690,276,9,0,1,0.0,0.03372781065088758,0,0,0,0,0,0,0,2,0.051479289940828406,2,3,0,0
3983,643,30,0,0,0.0,0.005774541802661311,0,0,0,0,0,0,0,0,0.023098167210645244,0,2,0,0
416,70,3,0,0,0.0,0.055288461538461536,0,0,0,0,0,0,0,0,0.03365384615384615,1,1,0,0
237,47,6,0,0,0.0,0.1940928270042194,0,0,0,0,0,0,0,0,0.04219409282700422,0,0,0,0
492,65,4,0,0,0.0,0.11585365853658537,0,0,0,0,1,0,0,0,0.13617886178861788,0,0,0,0
974,167,5,0,0,0.0,0.08624229979466119,0,0,0,0,0,0,0,1,0.026694045174537988,1,4,0,0
231,38,1,0,0,0.0,0.0,0,0,0,0,1,0,0,0,0.008658008658008658,0,0,0,0
416,65,7,0,0,0.0,0.04807692307692308,0,0,0,0,0,0,0,0,0.038461538461538464,0,1,0,0
4976,813,45,0,1,0.0,0.008842443729903537,0,0,0,0,1,0,1,0,0.02110128617363344,8,8,0,0
2230,328,27,0,18,0.0,0.004484304932735426,0,0,0,0,0,0,0,0,0.029596412556053813,3,2,0,0
31273,4996,355,0,10,0.0,0.019281808588878586,0,0,0,0,1,0,76,0,0.025836983979790874,41,43,0,0
127,17,1,0,0,0.0,0.07086614173228346,0,0,0,0,0,0,0,0,0.14960629921259844,0,0,0,0
443,76,9,0,0,0.0,0.07674943566591422,0,0,0,0,1,0,0,0,0.05191873589164785,0,0,0,0
819,144,18,0,0,0.0,0.1111111111111111,0,0,0,0,0,0,0,0,0.05982905982905983,0,0,0,0
142,24,2,0,0,0.0,0.0,0,0,0,0,0,0,0,0,0.02112676056338028,0,0,0,0
144,17,14,0,13,0.0,0.0,0,0,0,0,0,0,0,0,0.11805555555555555,0,0,0,0
852,159,28,0,0,0.0,0.13028169014084506,0,0,0,0,0,0,0,0,0.062206572769953054,0,0,0,0
235,48,4,0,1,0.0,0.07234042553191489,0,0,0,0,0,0,0,0,0.02553191489361702,1,0,0,0
447,72,9,0,0,0.0,0.03355704697986577,0,0,0,0,1,0,0,0,0.040268456375838924,0,0,0,0
296,46,1,0,0,0.0,0.0777027027027027,0,0,0,0,0,0,1,0,0.04054054054054054,1,1,0,0
942,144,33,0,0,0.0,0.1326963906581741,0,0,0,0,0,0,0,0,0.11040339702760085,0,0,0,0
832,108,21,0,2,0.0,0.038461538461538464,0,0,0,0,1,0,0,0,0.07572115384615384,1,1,0,0
28,3,1,0,0,0.08695652173913043,0.0,0,0,0,0,0,0,0,0,0.03571428571428571,1,1,0,0
228,41,8,4,0,0.0,0.0,0,0,0,0,0,0,0,0,0.043859649122807015,0,0,0,0
725,116,8,0,1,0.0,0.038620689655172416,0,0,0,0,0,0,0,0,0.037241379310344824,2,2,0,0
1964,341,24,0,3,0.02779864763335838,0.03360488798370672,2,1,3,1,0,0,2,0,0.11303462321792261,0,0,0,1
181,38,3,0,0,0.0,0.12154696132596685,0,0,0,0,0,0,0,0,0.022099447513812154,0,0,0,0
2007,326,26,0,5,0.0,0.015445939212755356,0,0,0,0,0,0,1,0,0.04932735426008968,1,0,0,0
166,31,3,0,0,0.08247422680412371,0.1746987951807229,1,0,0,0,0,0,0,1,0.09036144578313253,2,1,0,0
1639,282,20,0,2,0.039781591263650544,0.006711409395973154,1,1,0,0,0,0,0,0,0.03172666259914582,0,0,0,0
607,103,8,0,0,0.0,0.008237232289950576,0,0,0,0,0,0,0,0,0.0214168039538715,0,1,0,0
185,29,2,0,0,0.0,0.005405405405405406,0,0,0,0,1,0,0,0,0.032432432432432434,0,1,0,0
220,32,3,0,0,0.0,0.0,0,0,0,0,0,0,0,0,0.022727272727272728,0,0,0,0
5330,811,65,4,6,0.0,0.014821763602251407,0,0,0,0,0,0,1,1,0.0401500938086304,3,3,0,0
490,77,1,0,0,0.0,0.06326530612244897,0,0,0,0,0,0,0,0,0.05510204081632653,1,4,0,0
1935,349,18,0,0,0.027994791666666668,0.0036175710594315244,1,0,0,0,0,1,0,0,0.024806201550387597,1,1,0,0
1903,306,52,5,0,0.0,0.04256437204414083,0,0,0,0,0,0,3,0,0.04308985811875985,4,5,0,0
1447,197,59,42,0,0.0,0.04077401520387008,0,0,0,0,1,0,0,1,0.06565307532826538,0,14,0,0
1249,195,10,1,0,0.0,0.01921537229783827,0,0,0,0,1,0,0,0,0.02642113690952762,0,1,0,0
1747,299,19,0,1,0.0,0.024041213508872353,0,0,0,0,0,0,4,0,0.02003434459072696,3,5,0,0
242,31,7,0,0,0.0,0.049586776859504134,0,0,0,0,0,0,0,0,0.11983471074380166,0,0,0,0
2079,279,23,3,0,0.0,0.012506012506012507,0,0,0,0,0,1,3,0,0.046176046176046176,3,3,0,0
484,80,5,0,1,0.0,0.0,0,0,0,0,0,0,0,0,0.02066115702479339,3,2,0,0
2206,359,12,0,0,0.0,0.022665457842248413,0,0,0,0,0,0,0,0,0.02946509519492294,1,3,0,0
82,15,1,0,0,0.0,0.0,0,0,0,0,0,0,0,0,0.012195121951219513,0,0,0,0
203,27,1,0,0,0.0,0.04926108374384237,0,0,0,0,1,0,0,0,0.10837438423645321,0,0,0,0
1563,238,23,0,7,0.0,0.009596928982725527,0,0,0,0,0,0,1,0,0.019193857965451054,6,6,0,0
909,141,8,1,0,0.0,0.020902090209020903,0,0,0,0,0,0,2,0,0.07920792079207921,1,2,0,0
571,84,5,0,0,0.0,0.024518388791593695,0,0,0,0,0,0,0,0,0.01926444833625219,0,0,0,0
310,47,3,0,0,0.0,0.08709677419354839,0,0,0,0,0,0,0,1,0.03225806451612903,1,0,0,1
1619,262,16,0,2,0.0,0.05497220506485485,0,0,0,0,0,0,0,0,0.06361951822112415,0,7,0,0
3325,527,32,2,0,0.0,0.020150375939849623,0,0,0,0,1,0,0,0,0.02857142857142857,8,5,0,0
746,121,15,0,2,0.06418219461697723,0.06166219839142091,3,0,0,0,0,1,0,3,0.0388739946380697,1,1,1,1
548,96,5,0,0,0.0,0.0036496350364963502,0,0,0,0,0,0,0,0,0.021897810218978103,1,4,0,0
1141,182,17,0,0,0.0,0.06923751095530237,0,0,0,0,0,0,0,0,0.07800175284837861,0,3,0,0
439,93,5,0,0,0.0,0.00683371298405467,0,0,0,0,0,0,0,0,0.015945330296127564,1,3,0,0
1748,281,20,10,0,0.0,0.044050343249427915,0,0,0,0,0,1,2,0,0.02402745995423341,7,6,0,0
72,12,2,0,0,0.0,0.08333333333333333,0,0,0,0,0,0,0,0,0.027777777777777776,0,0,0,0
649,108,11,0,0,0.0,0.09090909090909091,0,0,0,0,1,0,0,0,0.06317411402157165,0,1,0,0
742,110,7,1,0,0.0,0.029649595687331536,0,0,0,0,1,0,0,0,0.04582210242587601,0,0,0,0
7404,1167,67,0,2,0.0,0.0018908698001080498,0,0,0,0,0,0,0,0,0.020664505672609402,6,10,0,0
381,59,3,0,0,0.0,0.0,0,0,0,0,0,0,0,0,0.015748031496062992,0,0,0,0
264,42,4,1,0,0.0,0.01893939393939394,0,0,0,0,0,0,0,0,0.030303030303030304,0,1,0,0
651,93,10,0,0,0.052752293577981654,0.009216589861751152,2,1,0,0,0,0,0,0,0.19201228878648233,6,0,0,1
582,114,16,2,0,0.03546099290780142,0.03951890034364261,1,2,0,0,0,0,2,1,0.05154639175257732,2,2,0,0
587,104,6,0,0,0.0,0.0034071550255536627,0,0,0,0,0,0,1,0,0.022146507666098807,1,1,0,0
1244,210,12,0,0,0.0,0.014469453376205787,0,0,0,0,0,0,0,0,0.02652733118971061,0,0,0,0
888,122,5,0,0,0.0,0.02927927927927928,0,0,0,0,1,0,0,0,0.08333333333333333,0,0,0,0
1109,177,7,1,0,0.0,0.06311992786293959,0,0,0,0,0,0,1,0,0.06853020739404869,1,2,0,0
13126,2025,108,3,4,0.0,0.05157702270303215,0,0,0,0,1,0,1,5,0.06909949718116715,9,20,0,0
609,101,6,0,0,0.0,0.003284072249589491,0,0,0,0,1,0,0,0,0.022988505747126436,0,0,0,0
932,162,11,0,0,0.0425531914893617,0.017167381974248927,1,2,1,1,0,0,0,0,0.08583690987124463,1,2,0,1
942,155,10,0,1,0.0,0.059447983014861996,0,0,0,0,0,0,0,0,0.09235668789808917,0,6,0,0
95,18,1,0,1,0.0,0.0,0,0,0,0,0,0,0,0,0.010526315789473684,0,0,0,0
1263,190,16,0,0,0.0,0.035629453681710214,0,0,0,0,1,0,0,1,0.05938242280285035,0,1,0,0
454,89,6,0,1,0.0,0.011013215859030838,0,0,0,0,0,0,0,0,0.01762114537444934,0,0,0,0
222,39,3,0,0,0.0,0.0,0,0,0,0,1,0,0,0,0.02702702702702703,0,0,0,0
293,50,2,0,0,0.0,0.051194539249146756,0,0,0,0,0,0,0,0,0.040955631399317405,0,0,0,0
955,125,5,3,1,0.1529255319148936,0.0020942408376963353,0,0,0,0,0,1,0,0,0.025130890052356022,5,5,0,1
1227,221,10,0,0,0.0,0.004889975550122249,0,0,0,0,0,0,0,0,0.02526487367563162,0,2,0,0
502,90,9,1,0,0.0,0.055776892430278883,0,0,0,0,0,0,0,0,0.04183266932270916,1,2,0,0
250,41,3,0,1,0.0,0.0,0,0,0,0,1,0,0,0,0.016,0,0,0,0
2046,348,38,0,2,0.0,0.02297165200391007,0,0,0,0,0,0,2,0,0.056695992179863146,5,6,0,0
6093,953,42,0,3,0.0,0.029213851961267027,0,0,0,0,0,0,11,0,0.04529788281634663,9,16,0,0
168,28,2,0,0,0.0,0.0,0,0,0,0,0,0,0,0,0.017857142857142856,0,0,0,0
877,129,6,0,0,0.0,0.0661345496009122,0,0,0,0,1,0,0,6,0.03078677309007982,0,0,0,1
251,53,5,1,0,0.0,0.00796812749003984,0,0,0,0,0,0,0,0,0.0398406374501992,0,0,0,0
449,80,10,2,2,0.0,0.026726057906458798,0,0,0,0,0,0,2,0,0.0400890868596882,1,3,0,0
71,12,1,0,0,0.0,0.0,0,0,0,0,0,0,0,0,0.04225352112676056,0,0,0,0
163,27,2,0,0,0.0,0.0,0,0,0,0,0,0,0,0,0.024539877300613498,0,0,0,0
888,139,9,0,0,0.0,0.06756756756756757,0,0,0,0,1,0,0,0,0.08108108108108109,3,3,0,0
1475,243,11,0,0,0.0,0.0047457627118644066,0,0,0,0,0,1,0,0,0.01966101694915254,1,2,0,0
2326,374,26,1,1,0.0,0.0352536543422184,0,0,0,0,0,0,0,0,0.07007738607050731,0,0,0,0
53,9,1,0,0,0.0,0.0,0,0,0,0,1,0,0,0,0.018867924528301886,0,0,0,0
204,32,3,0,0,0.0,0.0,0,0,0,0,0,0,0,0,0.03431372549019608,1,1,0,0
2860,459,22,0,1,0.0,0.027972027972027972,0,0,0,0,1,0,1,3,0.057692307692307696,4,4,0,0
258,48,10,0,3,0.0,0.0,0,0,0,0,0,0,0,0,0.05813953488372093,0,0,0,0
611,109,24,0,0,0.0,0.1751227495908347,0,0,0,0,0,1,22,0,0.04582651391162029,1,0,0,0
458,74,4,0,0,0.0,0.0,0,0,0,0,0,0,0,0,0.015283842794759825,0,0,0,0
492,82,3,0,0,0.0,0.024390243902439025,0,0,0,0,1,0,0,0,0.026422764227642278,0,1,0,0
328,57,7,0,0,0.0,0.0,0,0,0,0,0,0,0,0,0.036585365853658534,0,1,0,0
19,5,1,0,0,0.0,0.0,0,0,0,0,0,0,0,0,0.0,1,0,0,0
688,124,7,0,0,0.0,0.00436046511627907,0,0,0,0,0,0,0,0,0.02180232558139535,0,1,0,0
423,69,3,1,0,0.0,0.028368794326241134,0,0,0,0,1,0,0,0,0.028368794326241134,0,1,0,0
254,44,8,1,4,0.0,0.003937007874015748,0,0,0,0,0,0,0,0,0.04330708661417323,0,0,0,0
1517,255,12,0,3,0.0,0.03164139749505603,0,0,0,0,0,0,0,0,0.05405405405405406,0,1,0,0
1246,195,19,0,0,0.0,0.0040128410914927765,0,0,0,0,0,0,0,0,0.024077046548956663,1,1,0,0
8260,1469,71,0,2,0.0,0.0010895883777239709,0,0,0,0,0,0,0,0,0.015617433414043584,10,12,0,0
2345,349,27,0,0,0.0,0.02771855010660981,0,0,0,0,1,0,0,0,0.05415778251599147,4,8,0,0
232,32,4,0,0,0.0,0.08620689655172414,0,0,0,0,1,0,0,0,0.04741379310344827,0,0,0,0
530,73,5,0,0,0.0,0.08490566037735849,0,0,0,0,0,0,0,0,0.12452830188679245,0,0,0,0
1829,319,29,0,1,0.0,0.019682886823400764,0,0,0,0,0,0,0,0,0.035538545653362494,0,1,0,0
440,99,3,0,0,0.0,0.05909090909090909,0,0,0,0,0,0,0,0,0.10227272727272728,1,1,0,0
1122,177,8,3,1,0.0,0.0213903743315508,0,0,0,0,0,0,0,0,0.06506238859180036,0,1,0,0
448,70,5,0,0,0.0,0.04241071428571429,0,0,0,0,0,0,0,1,0.03125,0,1,0,0
592,103,11,5,0,0.0,0.0,0,0,0,0,0,0,0,0,0.03209459459459459,0,0,0,0
582,97,7,0,0,0.0,0.001718213058419244,0,0,0,0,0,0,0,0,0.03608247422680412,0,0,0,0
24,2,1,0,0,0.0,0.0,0,0,0,0,0,0,0,0,0.08333333333333333,0,0,0,0
1856,306,17,0,1,0.0,0.02693965517241379,0,0,0,0,1,0,0,0,0.050107758620689655,2,6,0,0
852,143,10,0,0,0.0,0.025821596244131457,0,0,0,0,0,0,2,0,0.062206572769953054,2,0,0,0
2443,268,33,0,0,0.0,0.014326647564469915,0,0,0,0,0,0,0,0,0.04707327056897258,1,2,0,0
480,81,52,0,7,0.0,0.004166666666666667,0,0,0,0,0,0,0,0,0.11041666666666666,0,1,0,0
1725,224,11,0,1,0.0,0.0052173913043478265,0,0,0,0,0,1,0,0,0.008695652173913044,0,1,0,0
6518,900,77,0,5,0.0,0.006750536974532065,0,0,0,0,0,4,0,0,0.030530837680270023,17,18,0,0
2005,321,35,2,2,0.0,0.016957605985037406,0,0,0,0,0,0,4,0,0.03690773067331671,3,9,0,0
1646,291,17,0,0,0.0,0.0036452004860267314,0,0,0,0,1,0,2,0,0.023086269744835967,0,0,0,0
1980,342,27,2,2,0.018217306441119064,0.023737373737373738,5,0,0,0,0,1,0,2,0.03737373737373737,14,10,1,0
978,150,16,0,1,0.0,0.041922290388548056,0,0,0,0,0,0,3,0,0.08384458077709611,1,2,0,0
618,108,6,0,0,0.0,0.0016181229773462784,0,0,0,0,0,0,1,0,0.01779935275080906,0,0,0,0
1206,176,11,1,0,0.0,0.02902155887230514,0,0,0,0,0,0,0,0,0.06301824212271974,1,2,0,0
5987,892,36,0,2,0.0,0.0030065141139134794,0,0,0,0,0,0,0,0,0.01453148488391515,1,15,0,0
385,88,1,0,0,0.0,0.02077922077922078,0,0,0,0,0,0,0,0,0.0025974025974025974,0,0,0,0
1504,231,15,0,3,0.0,0.04853723404255319,0,0,0,0,0,0,0,0,0.09507978723404255,1,1,0,0
177,32,1,0,0,0.0,0.11299435028248588,0,0,0,0,0,0,0,0,0.07344632768361582,0,0,0,0
272,49,4,0,0,0.0,0.0661764705882353,0,0,0,0,0,0,0,0,0.04411764705882353,0,0,0,0
2751,443,20,0,0,0.0,0.004362050163576881,0,0,0,0,1,0,0,0,0.015267175572519083,2,3,0,0
501,97,4,0,0,0.0,0.03592814371257485,0,0,0,0,0,0,0,0,0.029940119760479042,0,0,0,0
1036,159,14,0,0,0.0,0.07432432432432433,0,0,0,0,1,0,2,2,0.052123552123552123,4,4,0,0
2343,428,25,1,0,0.0,0.002560819462227913,0,0,0,0,1,0,0,0,0.02987622705932565,8,8,0,0
284,54,4,0,0,0.0,0.06338028169014084,0,0,0,0,0,0,0,0,0.03169014084507042,0,0,0,0
439,72,6,0,0,0.0,0.02733485193621868,0,0,0,0,0,0,0,0,0.02733485193621868,1,1,0,0
751,161,22,0,0,0.0,0.1611185086551265,0,0,0,0,0,0,0,0,0.04660452729693742,0,1,0,0
1229,179,13,0,0,0.0,0.004882017900732303,0,0,0,0,0,1,0,0,0.030105777054515868,3,1,0,0
3072,533,21,0,0,0.0,0.0078125,0,0,0,0,0,0,0,0,0.013346354166666666,3,6,0,0
1110,182,12,2,1,0.0,0.03783783783783784,0,0,0,0,0,0,2,0,0.07207207207207207,0,1,0,0
648,114,7,0,0,0.0,0.0,0,0,0,0,0,0,0,0,0.016975308641975308,0,2,0,0
942,149,18,0,1,0.0,0.04670912951167728,0,0,0,0,0,0,0,0,0.058386411889596604,3,3,0,0
697,100,9,0,0,0.0,0.0,0,0,0,0,0,1,0,0,0.035868005738880916,2,2,0,0
390,74,6,1,1,0.0,0.02564102564102564,0,0,0,0,0,0,0,0,0.023076923076923078,0,2,0,0
485,83,5,0,1,0.0,0.0,0,0,0,0,0,0,0,0,0.016494845360824743,0,2,0,0
1824,306,19,0,0,0.0,0.011513157894736841,0,0,0,0,1,0,1,0,0.021929824561403508,2,3,0,0
2392,354,17,0,6,0.0,0.027591973244147156,0,0,0,0,0,2,1,0,0.04180602006688963,1,4,0,0
333,58,5,1,0,0.0,0.012012012012012012,0,0,0,0,0,1,0,0,0.015015015015015015,0,0,0,0
418,76,5,0,0,0.0,0.09569377990430622,0,0,0,0,0,0,0,0,0.04784688995215311,1,1,0,0
1176,220,9,0,2,0.0,0.03486394557823129,0,0,0,0,1,0,0,0,0.05357142857142857,0,1,0,0
414,53,8,0,0,0.0,0.024154589371980676,0,0,0,0,0,0,0,0,0.033816425120772944,0,0,0,0
142,27,3,0,0,0.0,0.1056338028169014,0,0,0,0,0,1,1,0,0.04929577464788732,0,1,0,0
555,83,16,1,1,0.0,0.021621621621621623,0,0,0,0,1,0,0,0,0.10270270270270271,0,0,0,0
1611,281,11,0,0,0.0,0.004965859714463066,0,0,0,0,0,0,0,0,0.014276846679081317,6,10,0,0
234,37,2,0,0,0.0,0.03418803418803419,0,0,0,0,1,0,0,0,0.03418803418803419,0,1,0,0
36,5,1,0,0,0.03225806451612903,0.0,0,0,0,0,0,0,0,0,0.027777777777777776,0,0,0,0
161,31,2,0,0,0.0,0.0,0,0,0,0,0,0,0,0,0.018633540372670808,0,1,0,0
266,40,4,0,0,0.0,0.12406015037593984,0,0,0,0,1,0,0,0,0.045112781954887216,0,1,0,0
300,52,3,0,0,0.0,0.11,0,0,0,0,0,0,0,0,0.056666666666666664,1,1,0,0
227,40,2,0,1,0.0,0.05286343612334802,0,0,0,0,0,0,0,0,0.039647577092511016,0,0,0,0
1936,305,23,0,0,0.0,0.021177685950413222,0,0,0,0,1,0,0,0,0.03409090909090909,2,2,0,0
174,27,2,0,0,0.0,0.022988505747126436,0,0,0,0,0,0,0,0,0.011494252873563218,1,0,0,0
497,81,4,0,0,0.0,0.004024144869215292,0,0,0,0,0,0,0,0,0.01006036217303823,0,1,0,0
1310,221,10,0,0,0.0,0.01603053435114504,0,0,0,0,0,0,0,0,0.04045801526717557,2,3,0,0
289,56,5,0,0,0.0,0.058823529411764705,0,0,0,0,0,0,0,0,0.02768166089965398,0,5,0,0
177,31,1,0,0,0.0,0.10734463276836158,0,0,0,0,0,0,0,0,0.01694915254237288,0,0,0,0
140,24,1,0,0,0.0,0.17142857142857143,0,0,0,0,1,0,0,0,0.05714285714285714,0,0,0,0
1560,259,16,0,1,0.0,0.004487179487179487,0,0,0,0,0,0,0,0,0.017948717948717947,0,1,0,0
411,69,5,0,0,0.0,0.0267639902676399,0,0,0,0,0,0,1,0,0.0267639902676399,0,0,0,0
1277,200,10,0,2,0.0,0.01957713390759593,0,0,0,0,0,0,0,0,0.06421299921691465,0,4,0,0
607,118,7,0,0,0.0,0.054365733113673806,0,0,0,0,0,0,0,0,0.03459637561779242,1,5,0,0
3177,475,17,1,0,0.0,0.016367642429965377,0,0,0,0,0,0,0,0,0.0484734025810513,2,3,0,0
412,73,4,0,0,0.0,0.03640776699029126,0,0,0,0,0,0,0,0,0.02669902912621359,0,2,0,0
329,63,3,0,1,0.0,0.03343465045592705,0,0,0,0,0,0,0,0,0.02735562310030395,0,1,0,0
1687,274,22,1,6,0.0,0.023117960877296978,0,0,0,0,0,0,0,0,0.03556609365737996,0,0,0,0
129,20,3,0,0,0.0,0.03875968992248062,0,0,0,0,1,0,0,0,0.023255813953488372,0,0,0,0
579,106,13,0,7,0.0,0.0017271157167530224,0,0,0,0,1,0,0,0,0.04145077720207254,0,2,0,0
2104,372,29,0,2,0.0,0.08982889733840305,0,0,0,0,0,0,4,0,0.06131178707224334,2,9,0,0
719,125,9,0,1,0.0,0.059805285118219746,0,0,0,0,0,0,0,2,0.03477051460361613,1,1,0,0
1158,192,10,0,0,0.0,0.08894645941278066,0,0,0,0,1,0,3,1,0.02158894645941278,1,5,0,0
1603,241,27,0,5,0.0,0.016219588271990017,0,0,0,0,1,0,0,0,0.034310667498440424,1,3,0,0
623,112,15,0,2,0.04794520547945205,0.03531300160513644,3,2,0,0,0,0,0,0,0.052969502407704656,1,0,1,1
788,139,11,0,0,0.0,0.007614213197969543,0,0,0,0,0,0,0,0,0.0266497461928934,0,2,0,0
798,135,4,0,0,0.0,0.011278195488721804,0,0,0,0,1,0,0,0,0.012531328320802004,1,1,0,0
790,137,13,0,1,0.0,0.0,0,0,0,0,0,0,0,0,0.02911392405063291,0,0,0,0
323,54,3,0,0,0.0,0.0804953560371517,0,0,0,0,0,0,0,0,0.04643962848297214,0,1,0,0
355,64,6,0,0,0.0,0.08450704225352113,0,0,0,0,0,0,0,0,0.04225352112676056,0,0,0,0
7943,1215,101,0,22,0.0,0.010575349364220069,0,0,0,0,1,1,0,1,0.042804985521843135,5,5,0,0
939,151,16,2,1,0.0,0.027689030883919063,0,0,0,0,0,0,4,0,0.042598509052183174,1,0,0,0
225,40,4,0,0,0.0,0.017777777777777778,0,0,0,0,1,0,0,0,0.02666666666666667,0,0,0,0
3595,519,21,0,8,0.0,0.011404728789986092,0,0,0,0,1,0,0,0,0.03004172461752434,1,1,0,0
898,185,1,0,0,0.0,0.5256124721603563,0,0,0,0,0,0,0,31,0.0011135857461024498,0,0,0,0
7667,1302,57,2,6,0.0,0.018912221207773576,0,0,0,0,0,2,2,0,0.045650189122212075,3,12,0,0
5091,817,30,0,4,0.0,0.032017285405617754,0,0,0,0,0,0,0,0,0.056177568257709684,6,4,0,0
1185,206,18,0,7,0.0,0.02362869198312236,0,0,0,0,0,0,1,0,0.02278481012658228,1,3,0,0
85,11,6,0,4,0.0,0.0,0,0,0,0,0,0,0,0,0.10588235294117647,0,0,0,0
933,163,7,0,0,0.0,0.0021436227224008574,0,0,0,0,0,0,0,0,0.01607717041800643,1,3,0,0
201,34,2,0,0,0.061224489795918366,0.05970149253731343,1,0,0,0,0,0,0,1,0.04975124378109453,2,2,0,0
2708,442,23,0,3,0.0,0.0066469719350073855,0,0,0,0,0,0,0,0,0.0206794682422452,3,4,0,0
2992,487,23,0,5,0.0,0.03342245989304813,0,0,0,0,1,0,0,0,0.055815508021390375,4,8,0,0
336,52,4,0,0,0.0,0.08035714285714286,0,0,0,0,0,0,0,1,0.03273809523809524,1,0,0,1
510,84,4,0,0,0.0,0.021568627450980392,0,0,0,0,1,0,0,0,0.029411764705882353,0,0,0,0
4998,835,49,0,1,0.0,0.01020408163265306,0,0,0,0,0,0,0,0,0.022408963585434174,1,4,0,0
1296,197,11,0,0,0.0,0.034722222222222224,0,0,0,0,0,0,0,0,0.07253086419753087,2,2,0,0
265,49,5,0,1,0.0,0.022641509433962263,0,0,0,0,0,0,1,0,0.04150943396226415,0,1,0,0
397,72,4,0,0,0.0,0.012594458438287154,0,0,0,0,0,0,0,0,0.027707808564231738,2,2,0,0
815,134,6,0,0,0.0,0.05521472392638037,0,0,0,0,0,0,0,0,0.033128834355828224,0,0,0,0
631,114,4,0,0,0.0,0.039619651347068144,0,0,0,0,0,0,0,0,0.020602218700475437,4,1,0,0
307,50,4,0,0,0.0,0.1237785016286645,0,0,0,0,0,0,0,2,0.05211726384364821,0,0,0,0
247,42,3,0,0,0.0,0.0,0,0,0,0,0,0,0,0,0.032388663967611336,1,0,0,0
1169,191,14,0,0,0.0,0.0213857998289136,0,0,0,0,0,0,0,0,0.023952095808383235,1,2,0,0
1597,254,16,0,0,0.0,0.005009392611145898,0,0,0,0,0,0,2,0,0.021916092673763307,5,3,0,0
941,158,11,2,0,0.0,0.011689691817215728,0,0,0,0,0,0,1,0,0.020191285866099893,6,7,0,0
465,77,9,0,0,0.0,0.034408602150537634,0,0,0,0,0,0,0,0,0.043010752688172046,0,0,0,0
174,33,5,0,0,0.0,0.0,0,0,0,0,0,0,0,0,0.040229885057471264,0,1,0,0
162,29,1,0,0,0.0,0.11728395061728394,0,0,0,0,0,0,0,0,0.018518518518518517,0,1,0,0
644,113,4,0,1,0.0,0.018633540372670808,0,0,0,0,0,0,0,0,0.021739130434782608,3,3,0,0
594,85,5,0,0,0.0,0.05387205387205387,0,0,0,0,1,0,0,0,0.11447811447811448,0,1,0,0
7496,1195,83,1,11,0.0,0.01587513340448239,0,0,0,0,0,1,11,0,0.03028281750266809,7,9,0,0
3824,773,51,0,0,0.0,0.09152719665271966,0,0,0,0,0,0,0,1,0.01778242677824268,0,1,0,1
2195,399,28,2,3,0.0,0.07927107061503418,0,0,0,0,1,0,0,0,0.06104783599088838,0,16,0,0
3468,462,6,0,0,0.0,0.007785467128027681,0,0,0,0,0,0,0,0,0.05074971164936563,3,3,0,0
94,14,2,0,0,0.0,0.0,0,0,0,0,0,0,0,0,0.0425531914893617,0,0,0,0
133,22,6,0,0,0.0,0.22556390977443608,0,0,0,0,0,0,0,0,0.05263157894736842,0,0,0,0
849,148,12,0,0,0.0,0.0176678445229682,0,0,0,0,0,0,0,0,0.02237926972909305,0,0,0,0
855,152,10,1,0,0.0,0.05730994152046784,0,0,0,0,0,0,0,0,0.03859649122807018,0,2,0,0
2260,393,14,0,1,0.0,0.011061946902654867,0,0,0,0,1,0,0,0,0.016814159292035398,0,2,0,0
387,58,4,0,0,0.0,0.056847545219638244,0,0,0,0,0,0,0,1,0.06459948320413436,3,2,0,0
596,105,13,0,1,0.0,0.026845637583892617,0,0,0,0,0,0,0,0,0.03355704697986577,0,4,0,0
774,142,7,0,0,0.0,0.03875968992248062,0,0,0,0,0,0,3,0,0.015503875968992248,3,3,0,0
4294,671,39,3,2,0.0,0.006753609687936655,0,0,0,0,1,0,2,0,0.02119236143455985,2,6,0,0
140,25,1,0,0,0.0,0.1357142857142857,0,0,0,0,0,0,0,0,0.014285714285714285,0,0,0,0
3502,573,54,0,29,0.0,0.03083952027412907,0,0,0,0,1,0,0,0,0.07424328954882924,1,5,0,0
335,66,5,0,0,0.0,0.07462686567164178,0,0,0,0,0,0,0,0,0.026865671641791045,0,3,0,1
1110,172,16,0,2,0.0,0.03423423423423423,0,0,0,0,0,0,0,0,0.07837837837837838,0,1,0,0
1289,200,18,1,0,0.0,0.0069821567106283944,0,0,0,0,0,0,0,0,0.06516679596586501,2,3,0,0
1196,208,19,0,0,0.0,0.07692307692307693,0,0,0,0,0,0,0,0,0.052675585284280936,0,0,0,0
4051,656,35,1,0,0.0,0.00740557886941496,0,0,0,0,1,0,0,0,0.017526536657615402,1,0,0,0
741,99,5,0,0,0.12,0.08771929824561403,0,1,0,0,0,0,0,2,0.044534412955465584,2,4,0,1
1892,273,20,0,2,0.0,0.02536997885835095,0,0,0,0,0,0,0,0,0.04334038054968287,1,1,0,0
554,92,8,0,0,0.0,0.048736462093862815,0,0,0,0,0,0,0,0,0.04151624548736462,1,1,0,0
185,33,7,1,0,0.0,0.0,0,0,0,0,0,0,0,0,0.06486486486486487,0,0,0,0
195,33,1,0,0,0.0,0.035897435897435895,0,0,0,0,0,0,1,0,0.03076923076923077,0,0,0,0
630,95,5,0,0,0.0,0.09206349206349207,0,0,0,0,0,0,0,0,0.10952380952380952,0,0,0,0
2987,472,37,5,0,0.0,0.026113157013726147,0,0,0,0,0,0,0,0,0.04854368932038835,2,4,0,0
830,161,22,1,4,0.0,0.0,0,0,0,0,0,0,0,0,0.03855421686746988,1,1,0,0
1459,236,13,0,0,0.0,0.009595613433858808,0,0,0,0,1,0,0,0,0.041809458533241944,0,0,0,0
511,93,9,3,1,0.12280701754385964,0.11350293542074363,0,1,0,0,0,1,1,1,0.050880626223091974,0,0,0,0
1078,189,16,0,0,0.0,0.013914656771799629,0,0,0,0,0,0,0,0,0.0287569573283859,1,1,0,0
3149,529,18,15,2,0.0,0.028898062877103843,0,0,0,0,0,0,14,0,0.024452207049857098,18,20,0,0
601,108,4,0,0,0.0,0.014975041597337771,0,0,0,0,0,0,0,0,0.016638935108153077,0,1,0,0
1981,353,12,0,0,0.0,0.0005047955577990914,0,0,0,0,0,0,0,0,0.01817264008076729,0,1,0,0
540,84,6,0,1,0.0,0.018518518518518517,0,0,0,0,0,0,0,0,0.04814814814814815,1,4,0,0
166,29,3,0,0,0.0,0.09036144578313253,0,0,0,0,0,1,1,0,0.05421686746987952,0,2,0,0
4152,688,62,1,6,0.0,0.006984585741811176,0,0,0,0,0,1,4,0,0.028179190751445087,8,13,0,0
181,35,3,0,0,0.0,0.022099447513812154,0,0,0,0,0,0,0,0,0.022099447513812154,0,1,0,0
1197,191,19,0,4,0.0,0.00835421888053467,0,0,0,0,1,0,0,0,0.025898078529657476,2,3,0,0
1259,201,9,0,1,0.0,0.046068308181096106,0,0,0,0,0,0,0,0,0.06433677521842732,0,0,0,0
7871,1199,79,0,0,0.0,0.008512260195654936,0,0,0,0,1,0,0,0,0.056790750857578454,14,13,0,0
1438,245,17,0,0,0.0,0.017385257301808066,0,0,0,0,0,0,0,0,0.03616133518776078,0,1,0,0
662,116,10,1,0,0.0,0.09818731117824774,0,0,0,0,0,0,0,0,0.045317220543806644,2,1,0,0
1127,187,6,0,0,0.0,0.015084294587400177,0,0,0,0,0,0,0,0,0.01774622892635315,0,0,0,0
600,109,5,0,2,0.0,0.0016666666666666668,0,0,0,0,0,0,0,0,0.015,2,2,0,0
77,13,1,0,0,0.0,0.012987012987012988,0,0,0,0,1,0,0,0,0.0,0,0,0,0
1763,321,12,0,0,0.0,0.007941009642654566,0,0,0,0,0,0,0,0,0.0238230289279637,0,6,0,0
584,94,6,0,0,0.0,0.0,0,0,0,0,0,0,0,0,0.02054794520547945,0,1,0,0
2720,465,24,0,0,0.0,0.010294117647058823,0,0,0,0,0,0,2,0,0.016176470588235296,3,4,0,0
228,38,3,0,0,0.0,0.14473684210526316,0,0,0,0,0,0,0,0,0.04824561403508772,0,0,0,0
1238,214,9,0,0,0.0,0.006462035541195477,0,0,0,0,0,0,0,0,0.01938610662358643,0,2,0,0
326,60,1,0,0,0.0,0.07975460122699386,0,0,0,0,0,0,0,0,0.03987730061349693,0,0,0,0
1299,218,22,1,2,0.046994535519125684,0.006928406466512702,2,1,0,0,0,0,0,0,0.11547344110854503,7,4,0,1
243,43,3,0,1,0.0,0.00411522633744856,0,0,0,0,0,0,0,0,0.0205761316872428,0,0,0,0
19,3,1,1,0,0.0,0.0,0,0,0,0,0,0,0,0,0.05263157894736842,0,0,0,0
2911,477,27,0,0,0.0,0.011336310546204053,0,0,0,0,1,0,0,0,0.0415664720027482,1,1,0,0
1028,151,10,0,0,0.0,0.06031128404669261,0,0,0,0,0,0,0,0,0.08463035019455253,0,1,0,0
438,66,6,0,1,0.0,0.0228310502283105,0,0,0,0,1,0,0,0,0.0867579908675799,0,2,0,0
462,81,3,0,1,0.0,0.0,0,0,0,0,0,0,0,0,0.01948051948051948,0,0,0,0
2019,328,16,0,0,0.0,0.010401188707280832,0,0,0,0,0,0,3,0,0.021792966815255076,2,0,0,0
344,60,4,0,1,0.03875968992248062,0.02616279069767442,1,0,0,0,0,0,0,0,0.03197674418604651,0,1,0,0
2195,345,18,0,1,0.0,0.01640091116173121,0,0,0,0,0,0,0,0,0.04965831435079727,2,3,0,0
407,68,5,0,0,0.0,0.014742014742014743,0,0,0,0,0,0,0,0,0.029484029484029485,1,0,0,0
230,44,5,0,0,0.0,0.013043478260869565,0,0,0,0,0,0,0,0,0.0391304347826087,0,1,0,0
1486,255,24,12,0,0.0,0.04441453566621804,0,0,0,0,1,0,0,1,0.07940780619111709,0,0,0,0
315,52,6,0,0,0.0,0.031746031746031744,0,0,0,0,0,0,0,0,0.03492063492063492,0,1,0,0
1551,256,19,0,6,0.0,0.009671179883945842,0,0,0,0,1,0,0,1,0.016763378465506126,0,0,0,0
298,54,4,0,0,0.0,0.016778523489932886,0,0,0,0,1,0,0,0,0.02348993288590604,1,1,0,0
3040,460,27,0,0,0.0,0.010855263157894738,0,0,0,0,1,1,0,0,0.02763157894736842,5,5,0,0
394,64,11,6,0,0.0,0.0,0,0,0,0,0,0,0,0,0.05583756345177665,0,0,0,0
789,122,10,0,5,0.0,0.060836501901140684,0,0,0,0,0,0,0,0,0.09759188846641319,0,0,0,0
2025,350,19,0,0,0.0,0.007901234567901235,0,0,0,0,1,0,0,0,0.02666666666666667,2,4,0,0
969,178,6,0,0,0.0,0.02476780185758514,0,0,0,0,0,0,0,0,0.021671826625386997,4,4,0,0
1120,185,17,0,2,0.0856353591160221,0.05,2,5,1,1,0,0,0,3,0.13839285714285715,0,0,0,1
134,21,2,1,0,0.0,0.0,0,0,0,0,0,0,0,0,0.014925373134328358,0,0,0,0
1094,152,10,0,1,0.0,0.05758683729433273,0,0,0,0,1,0,0,0,0.11882998171846434,1,2,0,0
2124,357,22,0,3,0.0,0.0692090395480226,0,0,0,0,0,0,2,2,0.0748587570621469,0,5,0,0
110,21,2,0,0,0.0,0.0,0,0,0,0,0,0,0,0,0.02727272727272727,0,0,0,0
2223,314,32,2,3,0.13314840499306518,0.02834008097165992,5,1,0,0,1,0,0,0,0.1655420602789024,10,1,1,1
9540,1480,79,0,0,0.0,0.01289308176100629,0,0,0,0,1,0,9,0,0.0319706498951782,8,5,0,0
2240,324,65,2,0,0.0,0.01830357142857143,0,0,0,0,0,0,1,0,0.06294642857142857,2,3,0,0
766,141,8,0,0,0.0,0.014360313315926894,0,0,0,0,0,0,0,0,0.013054830287206266,0,0,0,0
70,13,1,0,0,0.0,0.0,0,0,0,0,0,0,0,0,0.04285714285714286,0,1,0,0
2537,438,29,1,0,0.0,0.014978320851399291,0,0,0,0,0,0,4,0,0.031139140717382736,8,14,0,0
623,112,5,0,0,0.0,0.0,0,0,0,0,1,0,0,0,0.02247191011235955,0,0,0,0
3450,576,38,3,2,0.10744435917114352,0.04173913043478261,0,1,0,0,1,1,13,0,0.0263768115942029,9,9,0,1
965,157,27,0,1,0.0,0.05595854922279793,0,0,0,0,0,0,0,0,0.0538860103626943,0,0,0,0
85,12,1,0,0,0.02857142857142857,0.0,0,0,0,0,0,0,0,0,0.023529411764705882,1,1,0,0
2249,375,47,8,0,0.0,0.05113383726100489,0,0,0,0,0,4,7,2,0.04046242774566474,6,8,0,0
489,92,6,0,1,0.0,0.012269938650306749,0,0,0,0,0,0,2,0,0.022494887525562373,0,2,0,0
714,115,8,1,0,0.0,0.008403361344537815,0,0,0,0,1,0,1,0,0.03221288515406162,0,1,0,0
917,145,14,1,0,0.0,0.05234460196292257,0,0,0,0,1,0,0,0,0.03489640130861505,1,1,0,0
330,58,4,0,0,0.0,0.0,0,0,0,0,0,0,0,0,0.01818181818181818,0,1,0,0
141,26,3,0,0,0.0,0.0,0,0,0,0,0,0,0,0,0.0425531914893617,0,1,0,0
1196,208,16,1,2,0.022727272727272728,0.0,1,0,0,0,0,0,0,0,0.034280936454849496,5,1,0,0
161,35,4,1,0,0.0,0.0,0,0,0,0,0,0,0,0,0.024844720496894408,0,1,0,0
7989,1224,52,0,0,0.0,0.012266866942045313,0,0,0,0,1,0,5,0,0.028038553010389284,3,5,0,0
1832,295,16,2,0,0.0,0.0,0,0,0,0,0,0,0,0,0.02074235807860262,1,2,0,0
993,155,13,0,0,0.0,0.06747230614300101,0,0,0,0,0,0,0,3,0.04028197381671702,1,2,0,0
403,73,4,0,0,0.0,0.004962779156327543,0,0,0,0,0,0,0,0,0.01488833746898263,1,1,0,0
980,170,12,5,0,0.3150074294205052,0.05,1,0,0,0,0,2,1,0,0.10306122448979592,2,2,0,1
674,111,14,0,0,0.0,0.03560830860534125,0,0,0,0,0,0,0,0,0.037091988130563795,0,0,0,0
5988,1008,34,0,2,0.0,0.008183032732130929,0,0,0,0,0,0,0,0,0.02237808951235805,1,5,0,0
1598,248,11,0,3,0.0,0.025031289111389236,0,0,0,0,1,0,0,0,0.06445556946182729,2,3,0,0
534,103,6,0,1,0.0,0.026217228464419477,0,0,0,0,0,0,0,0,0.028089887640449437,0,1,0,0
500,89,3,1,0,0.0,0.03,0,0,0,0,0,0,0,0,0.026,2,3,0,0
6654,1087,57,1,12,0.0,0.02254283137962128,0,0,0,0,0,1,1,0,0.043883378418996095,12,15,0,0
4489,780,26,0,0,0.0,0.005569169079973268,0,0,0,0,0,0,1,0,0.021385609267097348,2,2,0,0
1322,197,2,0,0,0.0,0.02193645990922844,0,0,0,0,0,0,0,0,0.06354009077155824,1,2,0,0
473,80,6,0,3,0.0,0.004228329809725159,0,0,0,0,0,0,0,0,0.02536997885835095,0,1,0,0
282,36,7,0,0,0.0962566844919786,0.0,1,1,1,1,0,0,0,0,0.22695035460992907,0,1,0,1
1380,239,11,0,4,0.0,0.029710144927536233,0,0,0,0,0,0,0,1,0.05289855072463768,0,1,0,0
250,47,3,0,0,0.0,0.0,0,0,0,0,0,0,0,0,0.016,0,2,0,0
1697,276,13,0,0,0.0,0.013553329404832056,0,0,0,0,0,0,1,0,0.025338833235120803,3,4,0,0
563,89,5,0,0,0.0,0.021314387211367674,0,0,0,0,0,0,0,0,0.07460035523978685,1,0,0,0
2536,394,21,1,0,0.0,0.04613564668769716,0,0,0,0,0,0,0,0,0.08241324921135647,0,4,0,0
3228,530,42,0,1,0.0,0.015489467162329617,0,0,0,0,0,0,0,0,0.04708798017348203,4,5,0,0
557,94,8,0,0,0.0,0.06283662477558348,0,0,0,0,0,0,0,0,0.05026929982046679,0,2,0,0
876,159,11,0,0,0.0,0.03995433789954338,0,0,0,0,0,0,0,0,0.026255707762557076,1,5,0,0
975,189,16,0,3,0.058823529411764705,0.03076923076923077,2,0,0,0,0,0,0,1,0.03282051282051282,0,1,0,0
954,140,18,0,8,0.0,0.029350104821802937,0,0,0,0,1,0,0,0,0.08071278825995808,0,0,0,0
507,78,6,1,2,0.0,0.0019723865877712033,0,0,0,0,0,0,0,0,0.05128205128205128,0,0,0,0
8299,1358,70,5,0,0.0,0.023255813953488372,0,0,0,0,1,0,0,0,0.04337872032775033,5,8,0,0
1772,286,15,0,0,0.0,0.02200902934537246,0,0,0,0,0,0,0,0,0.022573363431151242,3,4,0,0
8975,1383,40,1,9,0.0,0.012144846796657381,0,0,0,0,1,0,0,0,0.02618384401114206,9,7,0,0
1784,296,15,0,2,0.0,0.04596412556053812,0,0,0,0,0,0,8,0,0.052690582959641255,2,2,0,0
4901,809,40,36,0,0.022814662906946937,0.0071413997143440116,0,5,0,0,0,3,0,0,0.026117118955315242,5,4,0,1
1178,174,4,0,0,0.0,0.02037351443123939,0,0,0,0,1,0,0,0,0.06281833616298811,0,0,0,0
558,96,9,0,1,0.0,0.026881720430107527,0,0,0,0,0,0,0,0,0.043010752688172046,0,0,0,0
868,136,8,1,0,0.0,0.03456221198156682,0,0,0,0,1,0,0,0,0.08410138248847926,0,0,0,0
1080,177,13,0,0,0.0,0.0,0,0,0,0,0,0,0,0,0.01574074074074074,1,3,0,0
261,39,6,1,1,0.0,0.01532567049808429,0,0,0,0,0,0,1,0,0.04597701149425287,3,3,0,0
747,129,6,0,0,0.0,0.004016064257028112,0,0,0,0,0,0,0,0,0.014725568942436412,0,0,0,0
2521,453,27,0,2,0.0,0.02023006743355811,0,0,0,0,0,0,0,0,0.02459341531138437,0,2,0,1
553,91,23,0,2,0.0,0.05063291139240506,0,0,0,0,0,0,1,0,0.0922242314647378,0,2,0,0
437,66,4,0,0,0.0,0.02288329519450801,0,0,0,0,1,0,0,0,0.043478260869565216,0,0,0,0
3887,531,52,0,2,0.0,0.05351170568561873,0,0,0,0,1,0,0,6,0.05839979418574736,2,5,0,1
1450,205,8,0,0,0.0,0.016551724137931035,0,0,0,0,1,0,0,0,0.060689655172413794,0,0,0,0
2178,347,10,0,2,0.0,0.018365472910927456,0,0,0,0,1,0,0,0,0.045454545454545456,0,0,0,0
451,82,10,0,0,0.0,0.0066518847006651885,0,0,0,0,0,0,0,0,0.03547671840354767,0,0,0,0
326,51,6,0,0,0.0,0.015337423312883436,0,0,0,0,0,0,0,0,0.03680981595092025,3,0,0,0
74,14,1,0,0,0.0,0.13513513513513514,0,0,0,0,1,0,0,0,0.02702702702702703,0,0,0,0
376,50,3,0,0,0.0,0.07446808510638298,0,0,0,0,1,0,0,0,0.17553191489361702,0,0,0,0
290,57,5,0,0,0.0945273631840796,0.08275862068965517,1,0,0,0,0,0,0,0,0.05862068965517241,1,2,0,0
1929,271,4,0,0,0.0,0.036288232244686365,0,0,0,0,0,1,0,0,0.0705028512182478,1,2,0,0
289,47,1,0,0,0.0,0.0034602076124567475,0,0,0,0,0,0,0,0,0.01730103806228374,0,0,0,0
882,148,16,0,0,0.0,0.10770975056689343,0,0,0,0,0,0,23,0,0.022675736961451247,1,1,0,0
1401,190,9,0,0,0.0,0.008565310492505354,0,0,0,0,0,0,0,0,0.03283369022127052,1,1,0,0
794,126,16,1,9,0.0,0.013853904282115869,0,0,0,0,0,0,1,0,0.037783375314861464,3,3,0,0
218,41,1,0,0,0.0,0.06880733944954129,0,0,0,0,0,0,0,0,0.01834862385321101,0,0,0,0
76,10,1,0,0,0.0,0.13157894736842105,0,0,0,0,0,0,0,0,0.039473684210526314,0,0,0,0
1430,213,12,0,0,0.0,0.06013986013986014,0,0,0,0,0,0,0,0,0.07412587412587412,0,1,0,0
1427,218,11,0,0,0.0,0.001401541695865452,0,0,0,0,0,0,0,0,0.021723896285914507,1,1,0,0
2780,467,29,2,0,0.049100631988332526,0.015827338129496403,3,1,0,0,0,2,0,1,0.06726618705035971,2,3,1,1
2084,432,75,0,0,0.0,0.3838771593090211,0,0,0,0,0,0,0,1,0.09644913627639155,0,5,0,1
748,130,8,0,0,0.0,0.01871657754010695,0,0,0,0,0,0,0,0,0.022727272727272728,0,0,0,0
1114,185,22,1,1,0.0,0.04129263913824058,0,0,0,0,0,0,0,0,0.0763016157989228,0,0,0,0
362,69,7,0,0,0.0,0.013812154696132596,0,0,0,0,0,0,0,0,0.04143646408839779,0,2,0,0
1013,164,24,0,0,0.0,0.04146100691016782,0,0,0,0,1,0,0,0,0.03060217176702863,1,2,0,0
63,12,1,0,0,0.0,0.15873015873015872,0,0,0,0,0,0,0,0,0.047619047619047616,0,0,0,0
1441,259,24,0,2,0.0788224121557455,0.031922276197085354,1,4,1,1,0,0,0,1,0.03816793893129771,0,0,0,0
1605,230,10,1,0,0.0,0.05046728971962617,0,0,0,0,1,0,0,0,0.07289719626168224,8,2,0,0
5645,895,36,0,4,0.0,0.02674933569530558,0,0,0,0,1,0,3,0,0.035252435783879536,8,13,0,0
233,36,2,0,0,0.0,0.04291845493562232,0,0,0,0,0,0,0,0,0.017167381974248927,1,2,0,0
2496,403,37,8,4,0.12512873326467558,0.020432692307692308,0,1,0,0,0,3,3,2,0.04126602564102564,6,6,0,1
1160,211,9,1,2,0.0,0.014655172413793103,0,0,0,0,0,0,0,1,0.013793103448275862,1,2,0,0
623,112,5,0,1,0.0,0.0032102728731942215,0,0,0,0,0,0,0,0,0.016051364365971106,0,1,0,0
1626,297,25,1,1,0.05707196029776675,0.00984009840098401,2,2,0,0,0,0,0,0,0.03444034440344403,5,3,0,0
216,45,3,0,0,0.0,0.0,0,0,0,0,0,0,0,0,0.018518518518518517,1,0,0,0
2291,352,19,0,4,0.0,0.01571366215626364,0,0,0,0,0,0,0,0,0.05979921431689219,1,4,0,0
169,33,2,0,0,0.0,0.0,0,0,0,0,0,0,0,0,0.029585798816568046,0,2,0,0
141,22,1,0,0,0.0,0.0425531914893617,0,0,0,0,1,0,0,0,0.02127659574468085,0,0,0,0
281,53,2,0,0,0.0,0.11743772241992882,0,0,0,0,0,0,0,0,0.03202846975088968,0,0,0,0
681,102,1,0,0,0.0,0.07048458149779736,0,0,0,0,0,0,0,0,0.1130690161527166,0,0,0,0
298,51,12,0,0,0.0,0.30201342281879195,0,0,0,0,0,0,7,3,0.06375838926174497,1,0,0,0
1100,173,4,0,0,0.0,0.014545454545454545,0,0,0,0,0,0,0,0,0.025454545454545455,0,0,0,0
330,51,3,0,0,0.0,0.02727272727272727,0,0,0,0,0,0,0,0,0.0696969696969697,0,0,0,0
84,16,1,0,0,0.0,0.17857142857142858,0,0,0,0,0,0,0,0,0.03571428571428571,0,0,0,0
167,28,1,0,0,0.0,0.023952095808383235,0,0,0,0,0,0,0,0,0.017964071856287425,1,1,0,0
561,103,10,4,0,0.0,0.0,0,0,0,0,0,0,0,0,0.030303030303030304,0,1,0,0
1881,275,10,0,1,0.0,0.044657097288676235,0,0,0,0,1,0,0,0,0.09941520467836257,0,3,0,0
957,149,2,0,2,0.0,0.11912225705329153,0,0,0,0,0,0,0,0,0.13375130616509928,0,0,0,0
3753,654,32,1,0,0.0,0.0031974420463629096,0,0,0,0,0,0,0,0,0.015720756727950973,12,7,0,0
1134,195,14,0,0,0.0,0.020282186948853614,0,0,0,0,0,0,0,0,0.02292768959435626,0,0,0,0
493,81,8,0,0,0.04678362573099415,0.002028397565922921,1,2,1,1,0,0,0,0,0.1460446247464503,0,0,0,1
276,46,8,2,1,0.0,0.0,0,0,0,0,0,0,0,0,0.03260869565217391,1,1,0,0
4170,649,40,0,0,0.0,0.008872901678657074,0,0,0,0,0,0,3,0,0.021103117505995205,2,2,0,0
149,29,5,0,1,0.0,0.08053691275167785,0,0,0,0,0,0,0,0,0.040268456375838924,0,2,0,0
1278,187,5,0,1,0.0,0.04381846635367762,0,0,0,0,1,0,0,0,0.09233176838810642,0,2,0,0
1413,225,7,0,0,0.0,0.008492569002123142,0,0,0,0,1,0,0,0,0.024769992922859165,1,1,0,0
1992,317,23,0,5,0.0,0.00853413654618474,0,0,0,0,1,0,0,0,0.027610441767068273,0,3,0,0
272,46,4,0,0,0.0,0.011029411764705883,0,0,0,0,0,0,0,0,0.025735294117647058,0,0,0,0
2490,412,24,0,5,0.0,0.03734939759036145,0,0,0,0,1,0,1,0,0.04618473895582329,2,2,0,0
2154,355,20,0,1,0.0,0.02042711234911792,0,0,0,0,0,0,1,0,0.03203342618384401,3,2,0,0
6204,1046,72,3,2,0.0,0.009671179883945842,0,0,0,0,1,0,0,0,0.02756286266924565,2,7,0,0
100,20,1,0,0,0.0,0.1,0,0,0,0,0,0,0,0,0.03,0,0,0,0
1412,239,19,1,0,0.0,0.007082152974504249,0,0,0,0,0,0,0,0,0.026912181303116147,1,0,0,0
82,16,1,0,0,0.0,0.08536585365853659,0,0,0,0,1,0,0,0,0.024390243902439025,0,0,0,0
177,31,2,1,0,0.0,0.0,0,0,0,0,1,0,0,0,0.011299435028248588,0,0,0,0
1453,238,16,0,0,0.0,0.006882312456985547,0,0,0,0,1,0,0,0,0.030282174810736407,8,4,0,0
690,116,11,3,2,0.0,0.008695652173913044,0,0,0,0,0,0,0,0,0.028985507246376812,2,2,0,0
507,97,6,0,3,0.0,0.023668639053254437,0,0,0,0,0,0,0,0,0.023668639053254437,0,2,0,0
998,186,11,0,0,0.0,0.014028056112224449,0,0,0,0,1,0,9,0,0.023046092184368736,1,2,0,0
3116,520,42,0,6,0.0,0.014120667522464698,0,0,0,0,0,0,0,0,0.026957637997432605,1,1,0,0
1214,184,27,0,2,0.04207573632538569,0.039538714991762765,5,1,0,0,0,1,0,3,0.15321252059308071,0,0,1,1
3483,496,39,0,1,0.08007590132827325,0.012345679012345678,4,7,4,1,1,1,0,0,0.056560436405397645,3,3,1,1
1305,202,9,0,0,0.0,0.055938697318007664,0,0,0,0,0,0,2,0,0.05900383141762452,1,1,0,0
5347,899,89,0,3,0.0,0.013652515429212643,0,0,0,0,0,0,1,0,0.06452216195997756,1,6,0,0
257,47,4,0,1,0.0,0.10116731517509728,0,0,0,0,0,0,0,0,0.03501945525291829,0,3,0,0
1804,312,22,6,0,0.0,0.037694013303769404,0,0,0,0,0,0,0,4,0.04988913525498891,0,0,0,0
454,76,7,0,1,0.0,0.0,0,0,0,0,0,0,0,0,0.019823788546255508,0,0,0,0
110,19,1,0,0,0.0,0.02727272727272727,0,0,0,0,1,0,0,0,0.03636363636363636,0,0,0,0
4086,588,27,12,0,0.0,0.024229074889867842,0,0,0,0,0,0,0,0,0.042584434654919234,0,3,0,0
2041,328,16,0,2,0.0,0.026947574718275354,0,0,0,0,0,0,0,0,0.05732484076433121,1,1,0,0
743,131,14,1,2,0.0,0.09690444145356662,0,0,0,0,0,0,0,0,0.05652759084791386,1,1,0,0
305,43,3,0,0,0.0,0.03278688524590164,0,0,0,0,0,0,0,0,0.029508196721311476,2,2,0,0
1117,167,24,0,0,0.0,0.045658012533572066,0,0,0,0,1,0,0,0,0.07341092211280215,0,0,0,0
1766,312,24,0,0,0.0,0.0028312570781426952,0,0,0,0,0,2,0,0,0.02491506228765572,4,4,0,0
279,41,7,0,1,0.0,0.02867383512544803,0,0,0,0,0,0,0,0,0.06093189964157706,2,2,0,0
556,101,8,0,0,0.0,0.025179856115107913,0,0,0,0,0,0,0,0,0.02697841726618705,1,3,0,0
1800,291,30,0,7,0.0,0.008888888888888889,0,0,0,0,1,0,0,0,0.035555555555555556,1,10,0,0
137,17,1,0,0,0.0,0.072992700729927,0,0,0,0,0,0,0,0,0.1386861313868613,0,0,0,0
780,117,4,0,0,0.0,0.03717948717948718,0,0,0,0,1,0,0,0,0.0858974358974359,0,0,0,0
279,40,4,3,1,0.0,0.0,0,0,0,0,0,1,0,0,0.014336917562724014,1,3,0,0
45,8,1,0,0,0.0,0.0,0,0,0,0,0,0,0,0,0.06666666666666667,0,0,0,0
298,54,5,0,0,0.0,0.006711409395973154,0,0,0,0,0,0,1,0,0.030201342281879196,0,1,0,0
837,151,9,0,1,0.0,0.0035842293906810036,0,0,0,0,0,0,0,0,0.02031063321385902,0,1,0,0
762,113,11,2,0,0.09168443496801706,0.003937007874015748,2,1,0,0,0,2,0,0,0.20078740157480315,2,2,0,1
655,89,9,0,0,0.0,0.061068702290076333,0,0,0,0,0,0,3,1,0.0916030534351145,1,1,0,0
59,12,1,0,1,0.0,0.0,0,0,0,0,0,0,0,0,0.03389830508474576,1,1,0,0
379,54,3,0,0,0.0,0.079155672823219,0,0,0,0,0,0,1,0,0.1503957783641161,0,1,0,0
1685,268,14,0,2,0.0,0.06587537091988131,0,0,0,0,0,0,2,0,0.05637982195845697,0,10,0,0
498,89,6,2,1,0.0,0.04618473895582329,0,0,0,0,0,0,0,0,0.028112449799196786,0,0,0,0
1150,153,23,0,1,0.03247631935047361,0.01391304347826087,3,6,0,0,1,1,0,0,0.2182608695652174,8,0,1,1
2901,491,52,0,6,0.0,0.02171664943123061,0,0,0,0,1,0,2,0,0.05446397793864185,1,2,0,0
1892,335,14,0,0,0.0,0.0005285412262156448,0,0,0,0,0,0,0,0,0.01849894291754757,1,3,0,0
243,48,4,0,0,0.0,0.00823045267489712,0,0,0,0,1,0,0,0,0.037037037037037035,0,0,0,0
672,95,3,2,0,0.0,0.010416666666666666,0,0,0,0,0,0,0,0,0.01636904761904762,10,4,0,0
145,24,1,0,0,0.0,0.0,0,0,0,0,0,0,0,0,0.006896551724137931,0,0,0,0
1084,173,12,1,0,0.0,0.0,0,0,0,0,0,0,0,0,0.026752767527675275,4,3,0,0
151,25,1,0,0,0.0,0.1456953642384106,0,0,0,0,1,0,0,0,0.033112582781456956,0,1,0,0
8180,1403,80,6,4,0.10707605985037406,0.02310513447432763,4,1,0,0,1,1,0,3,0.022860635696821514,14,17,1,1
5172,779,175,0,0,0.0,0.018754833720030936,0,0,0,0,0,0,0,0,0.05626450116009281,7,8,0,0
203,30,2,0,0,0.0,0.024630541871921183,0,0,0,0,1,0,0,0,0.024630541871921183,0,1,0,0
1109,160,12,1,1,0.0,0.1073038773669973,0,0,0,0,0,0,0,3,0.04147880973850315,0,0,0,1
574,103,17,1,2,0.04784688995215311,0.003484320557491289,2,0,0,0,1,0,0,0,0.05574912891986063,2,5,0,0
1058,214,30,0,0,0.0,0.14083175803402648,0,0,0,0,0,0,0,0,0.045368620037807186,0,6,0,0
1846,287,18,0,0,0.0,0.014626218851570965,0,0,0,0,0,0,0,0,0.025460455037919827,0,0,0,0
2383,365,28,0,1,0.0,0.07301720520352496,0,0,0,0,0,0,0,5,0.09441879983214435,1,7,0,0
582,104,14,2,0,0.0,0.06701030927835051,0,0,0,0,0,0,0,0,0.04982817869415808,1,1,0,0
83,14,1,0,0,0.015151515151515152,0.024096385542168676,0,0,0,0,0,0,0,0,0.012048192771084338,0,0,0,0
99,20,1,0,1,0.0,0.15151515151515152,0,0,0,0,0,0,0,0,0.04040404040404041,0,0,0,0
9744,1500,92,0,1,0.0,0.03622742200328407,0,0,0,0,0,0,2,0,0.03130131362889984,5,6,0,0
101,15,2,1,0,0.0,0.0,0,0,0,0,0,0,0,0,0.0297029702970297,0,0,0,0
779,112,13,0,1,0.2332155477031802,0.03594351732991014,3,0,0,0,0,0,0,0,0.08087291399229782,0,0,1,1
23,4,1,0,0,0.0,0.0,0,0,0,0,0,0,0,0,0.043478260869565216,0,0,0,0
1680,308,16,0,3,0.0,0.03214285714285714,0,0,0,0,0,0,0,1,0.027976190476190477,0,0,0,0
282,33,4,1,0,0.0,0.0,0,0,0,0,1,0,0,0,0.1524822695035461,0,1,0,0
279,46,5,3,1,0.0,0.021505376344086023,0,0,0,0,0,0,0,0,0.03942652329749104,0,0,0,0
3036,550,30,0,3,0.0,0.06027667984189723,0,0,0,0,0,0,0,0,0.03491436100131752,0,14,0,0
2674,362,27,3,7,0.0,0.031039640987284966,0,0,0,0,0,0,0,0,0.10732984293193717,2,5,0,0
1098,191,7,0,0,0.0,0.01092896174863388,0,0,0,0,0,0,0,0,0.02185792349726776,2,3,0,0
321,44,8,1,0,0.09644670050761421,0.03115264797507788,1,1,1,1,0,0,0,0,0.22118380062305296,0,1,0,1
3973,725,38,0,3,0.0,0.05612886987163353,0,0,0,0,0,0,0,0,0.02617669267556003,0,14,0,0
791,137,13,0,0,0.0,0.09987357774968394,0,0,0,0,0,0,0,0,0.05562579013906448,0,0,0,0
1285,216,17,0,0,0.0,0.03346303501945525,0,0,0,0,0,0,1,0,0.04202334630350195,5,1,0,0
2345,430,15,2,0,0.0,0.024733475479744138,0,0,0,0,0,0,0,0,0.02814498933901919,0,2,0,0
30620,5091,394,1,19,0.0,0.02116263879817113,0,0,0,0,0,1,44,1,0.027857609405617243,67,69,0,0
754,131,8,2,1,0.0,0.027851458885941646,0,0,0,0,0,0,1,0,0.022546419098143235,4,3,0,0
1633,293,30,0,1,0.044386422976501305,0.027556644213104716,3,2,1,1,0,0,0,0,0.07103490508266994,5,5,1,1
92,14,1,0,0,0.0,0.0,0,0,0,0,1,0,0,0,0.010869565217391304,0,0,0,0
2382,373,33,0,0,0.0,0.020990764063811923,0,0,0,0,0,0,0,0,0.030226700251889168,2,1,0,0
108,17,4,1,0,0.0,0.0,0,0,0,0,0,0,0,0,0.05555555555555555,0,0,0,0
2502,420,39,4,0,0.0,0.04836131095123901,0,0,0,0,0,4,1,2,0.045563549160671464,5,9,0,0
877,148,9,0,0,0.0,0.021664766248574687,0,0,0,0,0,0,0,0,0.04903078677309008,0,2,0,0
232,36,6,2,0,0.0,0.021551724137931036,0,0,0,0,0,0,0,0,0.034482758620689655,0,0,0,0
121,23,7,0,0,0.0,0.15702479338842976,0,0,0,0,0,0,0,0,0.05785123966942149,0,0,0,0
812,136,8,1,0,0.0,0.04556650246305419,0,0,0,0,0,0,0,0,0.03571428571428571,0,0,0,0
3054,473,32,0,0,0.0,0.016371971185330715,0,0,0,0,0,0,0,0,0.027177472167648986,2,3,0,1
571,114,10,2,1,0.0,0.028021015761821366,0,0,0,0,0,1,0,0,0.03852889667250438,2,2,0,0
1798,247,15,3,2,0.0,0.022803114571746386,0,0,0,0,1,0,0,0,0.09232480533926585,1,2,0,0
1514,252,17,0,0,0.0,0.015852047556142668,0,0,0,0,0,0,0,0,0.02509907529722589,2,3,0,0
383,54,9,3,1,0.0,0.0,0,0,0,0,0,1,0,0,0.044386422976501305,1,0,0,0
418,57,1,1,0,0.0,0.05741626794258373,0,0,0,0,0,0,0,0,0.145933014354067,0,0,0,0
1769,295,13,0,0,0.0,0.01639344262295082,0,0,0,0,1,0,0,0,0.010175240248728096,1,4,0,0
67,10,1,0,0,0.0,0.0,0,0,0,0,1,0,0,0,0.029850746268656716,0,0,0,0
316,57,7,0,0,0.0,0.06329113924050633,0,0,0,0,0,0,0,0,0.06962025316455696,0,0,0,0
814,126,17,0,0,0.0,0.019656019656019656,0,0,0,0,1,0,0,1,0.07985257985257985,0,0,0,0
881,148,16,0,0,0.0,0.10783200908059024,0,0,0,0,0,0,23,0,0.022701475595913734,1,1,0,0
3187,526,82,8,2,0.0,0.04016316284907436,0,0,0,0,0,0,4,0,0.03922183871979919,7,9,0,0
109,20,2,0,0,0.0,0.06422018348623854,0,0,0,0,0,0,0,0,0.01834862385321101,0,0,0,0
756,127,11,0,0,0.0,0.007936507936507936,0,0,0,0,0,0,0,0,0.026455026455026454,1,2,0,0
350,70,5,0,0,0.0,0.0,0,0,0,0,0,0,0,0,0.02,0,0,0,0
101,16,4,0,0,0.0,0.0,0,0,0,0,0,0,0,0,0.0594059405940594,0,0,0,0
465,85,7,0,0,0.0,0.008602150537634409,0,0,0,0,0,0,0,0,0.023655913978494623,0,0,0,0
344,73,3,0,1,0.0,0.02616279069767442,0,0,0,0,0,0,0,0,0.011627906976744186,0,1,0,0
161,31,2,0,0,0.0,0.0,0,0,0,0,0,0,0,0,0.024844720496894408,0,0,0,0
1932,326,14,0,1,0.0,0.03674948240165631,0,0,0,0,0,0,0,0,0.05434782608695652,1,1,0,0
1129,206,13,0,1,0.0,0.007971656333038087,0,0,0,0,0,0,0,0,0.023914968999114262,0,4,0,0
1805,311,19,0,5,0.0,0.008310249307479225,0,0,0,0,0,0,3,0,0.019390581717451522,2,1,0,0
486,76,8,0,0,0.0,0.09053497942386832,0,0,0,0,1,0,0,0,0.19135802469135801,0,0,0,0
503,77,11,2,1,0.0,0.009940357852882704,0,0,0,0,0,0,0,0,0.041749502982107355,1,0,0,0
6338,983,56,0,2,0.0,0.006311139160618492,0,0,0,0,0,0,0,0,0.02682234143262859,0,4,0,0
637,120,6,0,0,0.0,0.02197802197802198,0,0,0,0,0,0,0,0,0.018838304552590265,0,2,0,0
10860,1568,105,1,1,0.0,0.036464088397790057,0,0,0,0,0,0,0,1,0.05515653775322284,8,9,0,0
1024,180,9,0,0,0.0,0.017578125,0,0,0,0,0,0,1,0,0.0283203125,1,0,0,0
408,59,6,0,0,0.0,0.0661764705882353,0,0,0,0,0,0,0,1,0.041666666666666664,1,0,0,1
142,25,3,0,0,0.0,0.014084507042253521,0,0,0,0,0,0,0,0,0.02112676056338028,0,1,0,0
905,150,7,0,0,0.0,0.09171270718232044,0,0,0,0,0,0,0,0,0.036464088397790057,0,0,0,0
4669,698,15,3,0,0.0,0.0074962518740629685,0,0,0,0,0,0,0,0,0.02762904262154637,3,3,0,0
544,91,6,1,0,0.0,0.025735294117647058,0,0,0,0,0,0,0,0,0.025735294117647058,0,0,0,0
86,14,1,0,0,0.0,0.09302325581395349,0,0,0,0,1,0,0,0,0.011627906976744186,0,0,0,0
1367,227,22,0,0,0.0,0.001463057790782736,0,0,0,0,0,0,0,0,0.025603511338697878,0,0,0,0
1143,182,10,1,0,0.0,0.026246719160104987,0,0,0,0,1,0,0,0,0.06561679790026247,0,1,0,0
499,73,9,0,1,0.0,0.06012024048096192,0,0,0,0,0,0,0,0,0.03807615230460922,0,1,0,0
993,163,9,0,0,0.0,0.002014098690835851,0,0,0,0,0,0,0,0,0.027190332326283987,1,2,0,0
1648,296,16,1,0,0.0,0.00849514563106796,0,0,0,0,0,0,0,0,0.027305825242718445,0,1,0,0
4980,796,93,1,1,0.0,0.05943775100401606,0,0,0,0,0,0,0,0,0.09216867469879518,1,20,0,0
4540,722,23,0,3,0.0,0.07334801762114537,0,0,0,0,0,0,1,0,0.0711453744493392,4,8,0,0
7280,1108,48,0,2,0.0,0.004807692307692308,0,0,0,0,1,0,1,0,0.026373626373626374,9,8,0,0
2364,402,32,2,1,0.05381944444444445,0.010998307952622674,3,1,0,0,0,2,0,1,0.07445008460236886,6,8,1,1
115767,18638,1232,1,49,0.0,0.017388374925496903,0,0,0,0,1,0,196,0,0.02460977653389999,130,202,0,0
1511,249,20,0,16,0.0,0.005294506949040371,0,0,0,0,0,0,0,0,0.04037061548643282,2,2,0,0
503,92,4,0,0,0.0,0.019880715705765408,0,0,0,0,0,0,0,0,0.033797216699801194,0,0,0,0
2300,388,16,0,0,0.0,0.02782608695652174,0,0,0,0,0,0,0,1,0.023478260869565216,2,3,0,0
205,42,3,0,0,0.0,0.04390243902439024,0,0,0,0,0,0,0,0,0.024390243902439025,0,0,0,0
1139,180,12,0,1,0.0,0.07374890254609306,0,0,0,0,0,0,0,0,0.07726075504828797,0,4,0,0
3582,517,24,5,1,0.0,0.020100502512562814,0,0,0,0,0,0,0,0,0.03126744835287549,0,3,0,0
4123,594,53,2,10,0.0,0.0026679602231384912,0,0,0,0,0,1,0,0,0.023769100169779286,24,0,0,0
660,106,7,1,0,0.0,0.021212121212121213,0,0,0,0,0,0,0,0,0.06060606060606061,0,1,0,0
3576,622,46,0,4,0.0,0.022651006711409395,0,0,0,0,1,0,1,0,0.043064876957494405,3,10,0,0
80,12,2,0,0,0.0,0.0,0,0,0,0,1,0,0,0,0.0375,1,1,0,0
782,127,7,0,0,0.0,0.015345268542199489,0,0,0,0,0,0,0,0,0.02557544757033248,1,3,0,0
882,148,16,0,0,0.0,0.10770975056689343,0,0,0,0,0,0,23,0,0.022675736961451247,1,1,0,0
320,82,8,1,1,0.0,0.06875,0,0,0,0,0,0,0,1,0.028125,1,1,0,0
668,98,10,1,0,0.0,0.03143712574850299,0,0,0,0,1,0,5,0,0.058383233532934134,0,0,0,0
82,13,2,0,0,0.0,0.024390243902439025,0,0,0,0,0,0,0,0,0.04878048780487805,0,0,0,0
1435,218,8,0,0,0.0,0.0264808362369338,0,0,0,0,1,0,1,0,0.05574912891986063,0,0,0,0
351,55,4,0,0,0.0,0.1339031339031339,0,0,0,0,1,0,0,0,0.05982905982905983,0,0,0,0
2104,321,3,1,0,0.0,0.01568441064638783,0,0,0,0,0,0,0,0,0.030418250950570342,1,1,0,0
484,80,5,0,1,0.0,0.0,0,0,0,0,0,0,0,0,0.02066115702479339,4,2,0,0
116,25,1,0,0,0.0,0.0,0,0,0,0,0,0,0,0,0.008620689655172414,0,1,0,0
386,55,5,0,3,0.0,0.0,0,0,0,0,0,0,0,0,0.08808290155440414,0,0,0,0
8785,1321,125,0,0,0.0,0.05737051792828685,0,0,0,0,1,0,3,0,0.03437677859988617,5,6,0,0
275,31,1,0,0,0.0,0.10545454545454545,0,0,0,0,0,0,0,0,0.20727272727272728,0,0,0,0
523,100,6,0,0,0.0,0.02676864244741874,0,0,0,0,0,0,0,0,0.03441682600382409,0,2,0,0
579,96,5,0,1,0.0,0.0,0,0,0,0,0,0,0,0,0.010362694300518135,0,0,0,0
368,62,5,0,0,0.0,0.10054347826086957,0,0,0,0,0,0,0,0,0.051630434782608696,0,0,0,0
363,56,3,0,1,0.0,0.07988980716253444,0,0,0,0,0,0,0,2,0.06611570247933884,1,0,0,0
2222,425,27,0,0,0.0,0.0054005400540054005,0,0,0,0,1,0,1,0,0.026102610261026102,5,7,0,0
394,65,3,0,0,0.0,0.007614213197969543,0,0,0,0,0,0,0,0,0.017766497461928935,1,1,0,0
2704,451,20,0,0,0.0,0.005547337278106509,0,0,0,0,0,0,1,0,0.012943786982248521,2,6,0,0
192,34,3,0,0,0.0,0.0,0,0,0,0,0,0,0,0,0.015625,0,0,0,0
2142,323,9,0,0,0.0,0.03828197945845005,0,0,0,0,0,0,0,0,0.07516339869281045,0,2,0,0
688,116,11,3,2,0.0,0.00872093023255814,0,0,0,0,0,0,0,0,0.029069767441860465,2,2,0,0
2920,500,39,0,3,0.0,0.07979452054794521,0,0,0,0,0,0,0,0,0.08527397260273972,6,27,0,0
313,43,3,3,0,0.0,0.0,0,0,0,0,0,0,0,0,0.009584664536741214,0,0,0,0
1190,190,25,0,0,0.0,0.07394957983193277,0,0,0,0,0,0,9,0,0.04789915966386555,0,2,0,0
170,30,2,0,0,0.0,0.0,0,0,0,0,0,0,0,0,0.01764705882352941,0,0,0,0
1135,184,10,0,0,0.0,0.00881057268722467,0,0,0,0,0,0,2,0,0.019383259911894272,2,2,0,0
6938,1154,76,0,2,0.0,0.009512827904295185,0,0,0,0,1,0,0,0,0.028826751225136928,22,22,0,0
456,69,4,0,0,0.0,0.03508771929824561,0,0,0,0,0,0,0,0,0.03728070175438596,0,0,0,0
361,48,8,0,0,0.0,0.04155124653739612,0,0,0,0,0,0,0,0,0.0886426592797784,0,0,0,0
2941,496,20,5,1,0.0,0.019041142468548114,0,0,0,0,0,0,0,0,0.03162189731383883,0,8,0,0
1086,164,13,0,1,0.0,0.03867403314917127,0,0,0,0,0,0,0,0,0.07918968692449356,0,1,0,0
1638,298,13,0,3,0.0,0.017094017094017096,0,0,0,0,0,0,4,0,0.0347985347985348,1,4,0,0
1311,204,9,0,0,0.0,0.029748283752860413,0,0,0,0,0,0,0,0,0.06559877955758962,1,3,0,0
248,42,3,0,0,0.0,0.04838709677419355,0,0,0,0,0,0,0,0,0.024193548387096774,0,0,0,0
378,68,5,0,0,0.0,0.015873015873015872,0,0,0,0,0,0,0,0,0.0291005291005291,0,0,0,0
91,16,1,0,0,0.0,0.04395604395604396,0,0,0,0,1,0,0,0,0.02197802197802198,0,0,0,0
947,140,11,0,0,0.0,0.009503695881731784,0,0,0,0,1,0,0,0,0.04012671594508976,2,2,0,0
78,12,1,0,0,0.01694915254237288,0.0,0,0,0,0,0,0,0,0,0.01282051282051282,0,0,0,0
1175,177,8,0,0,0.0,0.000851063829787234,0,0,0,0,1,0,0,0,0.01276595744680851,2,4,0,0
545,96,7,0,1,0.0,0.08440366972477065,0,0,0,0,0,0,1,0,0.04220183486238532,0,1,0,0
1335,219,10,0,0,0.0,0.011235955056179775,0,0,0,0,0,0,0,0,0.014232209737827715,1,1,0,0
736,128,18,0,10,0.0,0.019021739130434784,0,0,0,0,0,0,0,0,0.03940217391304348,0,2,0,0
2460,370,32,1,0,0.0,0.03048780487804878,0,0,0,0,0,1,2,0,0.05203252032520325,0,0,0,0
3582,614,79,28,1,0.0,0.012004466778336125,0,0,0,0,0,1,0,0,0.03768844221105527,2,7,0,0
1489,243,17,1,2,0.0,0.0409670920080591,0,0,0,0,0,0,0,0,0.0631296171927468,0,2,0,0
268,38,5,2,0,0.0,0.0,0,0,0,0,0,0,0,0,0.029850746268656716,0,0,0,0
128,23,1,0,0,0.0,0.0,0,0,0,0,0,0,0,0,0.0078125,0,0,0,0
509,86,4,0,0,0.0,0.0019646365422396855,0,0,0,0,0,0,0,0,0.01768172888015717,1,1,0,0
422,75,5,0,0,0.0,0.0,0,0,0,0,0,0,0,0,0.026066350710900472,0,1,0,0
525,92,4,0,0,0.0,0.0,0,0,0,0,0,0,0,0,0.01904761904761905,0,0,0,0
131,20,1,0,0,0.0,0.183206106870229,0,0,0,0,0,0,0,0,0.03816793893129771,0,0,0,0
1049,178,10,2,2,0.0,0.05338417540514776,0,0,0,0,0,0,0,0,0.08102955195424213,1,3,0,0
2119,345,39,0,1,0.0,0.04247286455875413,0,0,0,0,0,0,0,1,0.06654082114204814,3,4,0,0
255,35,4,0,1,0.0,0.054901960784313725,0,0,0,0,0,0,0,0,0.054901960784313725,0,0,0,0
1898,327,19,0,1,0.0,0.06691253951527924,0,0,0,0,0,0,0,1,0.04267650158061117,0,1,0,0
147,23,3,0,0,0.0,0.034013605442176874,0,0,0,0,1,0,0,0,0.02040816326530612,0,0,0,0
447,63,10,0,0,0.0,0.06711409395973154,0,0,0,0,1,0,0,0,0.15883668903803133,0,0,0,0
3145,515,19,0,1,0.0,0.05437201907790143,0,0,0,0,0,0,0,0,0.06804451510333863,5,12,0,0
2020,322,15,0,1,0.0,0.05148514851485148,0,0,0,0,0,1,3,0,0.05594059405940594,1,1,0,0
193,35,2,0,2,0.0,0.0051813471502590676,0,0,0,0,0,0,0,0,0.02072538860103627,0,0,0,0
1097,190,11,0,1,0.06790123456790123,0.01731996353691887,0,2,0,0,0,0,0,0,0.04375569735642662,0,2,0,1
291,45,2,0,0,0.0,0.14776632302405499,0,0,0,0,1,0,0,0,0.061855670103092786,1,1,0,0
7714,1168,78,0,1,0.0,0.014259787399533316,0,0,0,0,0,0,0,0,0.03214933886440238,3,8,0,0
8014,1221,70,0,0,0.0,0.00973296730721238,0,0,0,0,0,0,2,0,0.03181931619665585,18,19,0,0
171,29,5,0,0,0.0,0.029239766081871343,0,0,0,0,0,0,0,0,0.03508771929824561,1,1,0,0
511,93,6,3,0,0.0,0.023483365949119372,0,0,0,0,0,0,0,0,0.025440313111545987,1,2,0,0
5202,814,70,0,0,0.0,0.020569011918492888,0,0,0,0,0,0,0,0,0.05786236063052672,2,18,0,0
2376,357,24,0,1,0.0,0.004208754208754209,0,0,0,0,1,0,0,0,0.04292929292929293,1,1,0,0
922,167,21,9,0,0.0,0.02928416485900217,0,0,0,0,0,0,0,0,0.09002169197396963,1,0,0,0
473,92,10,3,2,0.0,0.0824524312896406,0,0,0,0,0,1,4,0,0.042283298097251586,4,4,0,0
1771,308,15,0,0,0.0,0.006211180124223602,0,0,0,0,1,0,0,0,0.020892151326933936,1,7,0,0
763,124,9,0,0,0.0,0.047182175622542594,0,0,0,0,0,0,0,2,0.03669724770642202,0,0,0,0
116,15,2,0,0,0.0,0.0603448275862069,0,0,0,0,0,0,0,0,0.05172413793103448,0,0,0,0
2457,414,33,2,1,0.0506198347107438,0.015466015466015465,2,2,0,0,0,2,1,0,0.02442002442002442,7,6,0,1
4105,652,33,0,0,0.0,0.00682095006090134,0,0,0,0,1,0,0,0,0.033373934226552986,1,5,0,0
381,49,3,0,0,0.0,0.06824146981627296,0,0,0,0,1,0,0,0,0.1732283464566929,0,0,0,0
149,18,1,0,0,0.0,0.06040268456375839,0,0,0,0,0,0,0,0,0.12751677852348994,0,0,0,0
545,83,8,0,1,0.0,0.01651376146788991,0,0,0,0,0,0,0,0,0.06605504587155964,0,1,0,0
221,37,1,0,0,0.0,0.08597285067873303,0,0,0,0,0,0,0,0,0.03619909502262444,0,0,0,0
287,40,1,0,0,0.0,0.06968641114982578,0,0,0,0,0,0,0,0,0.05226480836236934,0,0,0,0
483,73,3,0,1,0.0,0.060041407867494824,0,0,0,0,0,0,0,0,0.12215320910973085,1,1,0,0
2383,391,22,0,1,0.0,0.00419639110365086,0,0,0,0,0,0,0,0,0.03357112882920688,0,1,0,0
9300,1527,86,0,4,0.0,0.011612903225806452,0,0,0,0,1,0,3,0,0.034193548387096775,16,30,0,0
1727,256,11,0,2,0.0,0.016213086276780544,0,0,0,0,0,0,0,0,0.05906195715112913,0,0,0,0
1426,227,13,0,1,0.0,0.015427769985974754,0,0,0,0,1,0,2,0,0.0455820476858345,0,3,0,0
511,82,6,1,2,0.0,0.007827788649706457,0,0,0,0,0,0,0,0,0.050880626223091974,1,0,0,0
1128,178,22,0,3,0.0,0.07712765957446809,0,0,0,0,0,0,0,0,0.051418439716312055,0,0,0,0
596,82,2,0,0,0.0,0.040268456375838924,0,0,0,0,0,0,0,0,0.1040268456375839,0,0,0,0
3226,533,43,0,6,0.0,0.013639181649101054,0,0,0,0,0,2,0,0,0.034097954122752634,11,6,0,0
125,18,1,0,0,0.04950495049504951,0.0,0,0,0,0,0,0,0,0,0.024,0,0,0,0
2569,426,21,0,4,0.0,0.01946282600233554,0,0,0,0,0,0,0,0,0.05683145192681977,2,2,0,0
3408,561,30,0,0,0.0,0.005868544600938967,0,0,0,0,1,0,0,0,0.027582159624413145,1,2,0,0
441,55,27,0,19,0.0,0.04308390022675737,0,0,0,0,0,0,0,0,0.12698412698412698,0,0,0,0
531,92,6,0,0,0.0,0.007532956685499058,0,0,0,0,0,0,0,0,0.01694915254237288,0,0,0,0
884,148,16,0,0,0.0,0.1074660633484163,0,0,0,0,0,0,23,0,0.02262443438914027,1,1,0,0
618,116,6,0,0,0.0,0.05339805825242718,0,0,0,0,0,0,0,0,0.02912621359223301,0,1,0,0
235,46,3,0,0,0.0,0.03829787234042553,0,0,0,0,0,0,0,0,0.03829787234042553,0,0,0,0
1024,8,5,4,0,0.18181818181818182,0.00390625,1,0,0,0,0,0,0,0,0.01953125,0,0,0,1
1090,200,8,0,0,0.0,0.0,0,0,0,0,0,0,0,0,0.026605504587155965,0,2,0,0
1333,244,22,2,0,0.058823529411764705,0.06976744186046512,1,0,0,0,0,0,0,2,0.046511627906976744,10,2,0,0
255,42,3,0,0,0.0,0.0392156862745098,0,0,0,0,0,0,0,0,0.027450980392156862,0,0,0,0
1750,287,21,1,4,0.0,0.03542857142857143,0,0,0,0,0,0,1,0,0.05771428571428571,2,3,0,0
1887,377,23,0,1,0.0,0.0010598834128245894,0,0,0,0,0,0,0,0,0.020137784843667197,1,5,0,0
37,7,1,0,0,0.13793103448275862,0.0,0,0,0,0,0,0,0,0,0.05405405405405406,0,0,0,0
426,78,7,0,0,0.0,0.0,0,0,0,0,1,0,0,0,0.028169014084507043,0,1,0,0
177,31,2,0,0,0.0,0.01694915254237288,0,0,0,0,0,0,0,0,0.02824858757062147,0,0,0,0
765,158,1,0,0,0.0,0.5202614379084968,0,0,0,0,0,0,0,26,0.00522875816993464,0,0,0,0
1879,262,27,0,0,0.0,0.10910058541777541,0,0,0,0,0,0,0,1,0.1373070782331027,0,1,0,1
2793,453,31,0,3,0.0,0.0719656283566058,0,0,0,0,1,0,0,5,0.08449695667740781,1,11,0,0
582,94,7,1,1,0.0,0.015463917525773196,0,0,0,0,0,0,0,0,0.058419243986254296,0,0,0,0
98,16,2,0,0,0.0,0.0,0,0,0,0,0,0,0,0,0.04081632653061224,0,0,0,0
345,57,3,0,0,0.0,0.014492753623188406,0,0,0,0,0,0,0,0,0.011594202898550725,0,0,0,0
3096,521,25,0,0,0.0,0.03520671834625323,0,0,0,0,1,0,0,0,0.025193798449612403,2,27,0,0
85490,13968,988,1,26,0.0,0.015861504269505205,0,0,0,0,1,1,97,1,0.02580418762428354,116,99,0,1
32,5,1,0,0,0.0,0.0,0,0,0,0,0,0,0,0,0.0625,0,0,0,0
1375,223,12,0,0,0.0,0.06545454545454546,0,0,0,0,1,0,2,2,0.025454545454545455,3,11,0,0
90,15,1,0,0,0.0,0.0,0,0,0,0,0,0,0,0,0.03333333333333333,0,0,0,0
861,126,7,0,0,0.0,0.0,0,0,0,0,0,0,0,0,0.013937282229965157,1,3,0,0
831,118,14,6,0,0.11968503937007874,0.0048134777376654635,0,0,0,0,0,0,0,0,0.027677496991576414,4,3,0,0
550,98,5,0,0,0.0,0.0,0,0,0,0,0,0,0,0,0.023636363636363636,1,2,0,0
2359,409,23,1,0,0.0,0.009749894022891056,0,0,0,0,0,0,2,0,0.0211954217888936,6,4,0,0
700,108,13,2,0,0.0,0.054285714285714284,0,0,0,0,0,0,0,0,0.10571428571428572,0,1,0,0
2041,327,19,0,0,0.0,0.02596766291033807,0,0,0,0,0,0,0,0,0.028417442430181284,2,2,0,0
542,93,8,0,2,0.0,0.03690036900369004,0,0,0,0,0,0,1,0,0.02214022140221402,0,4,0,0
987,161,12,0,0,0.0,0.00303951367781155,0,0,0,0,0,0,0,0,0.02634245187436677,0,1,0,0
1491,243,14,0,0,0.0,0.06371562709590879,0,0,0,0,0,0,1,0,0.03822937625754527,0,0,0,0
1492,229,9,0,0,0.0,0.01876675603217158,0,0,0,0,1,0,0,0,0.05294906166219839,0,0,0,0
1510,233,15,0,0,0.0,0.03245033112582781,0,0,0,0,1,0,0,0,0.08675496688741721,0,0,0,0
822,200,9,0,0,0.0,0.0,0,0,0,0,0,0,0,0,0.14233576642335766,1,2,0,0
1972,326,39,0,1,0.0,0.0552738336713996,0,0,0,0,0,0,8,0,0.08417849898580122,1,5,0,0
120,23,2,0,0,0.0,0.0,0,0,0,0,0,0,0,0,0.025,0,0,0,0
975,168,14,0,0,0.0,0.015384615384615385,0,0,0,0,0,0,0,0,0.029743589743589743,0,0,0,0
779,123,5,0,0,0.0,0.0,0,0,0,0,0,0,0,0,0.01668806161745828,0,1,0,0
352,63,5,0,0,0.0,0.002840909090909091,0,0,0,0,0,0,0,0,0.019886363636363636,1,2,0,0
1597,277,19,0,0,0.0,0.0068879148403256105,0,0,0,0,1,0,0,0,0.031934877896055106,4,1,0,0
735,139,8,2,0,0.0,0.013605442176870748,0,0,0,0,0,0,0,0,0.047619047619047616,0,2,0,0
911,182,3,0,0,0.0,0.4774972557628979,0,0,0,0,0,0,0,29,0.0043907793633369925,0,0,0,0
3364,574,27,0,0,0.0,0.0089179548156956,0,0,0,0,0,0,1,0,0.022294887039239,3,3,0,0
242,35,2,1,0,0.0,0.03305785123966942,0,0,0,0,0,0,0,0,0.028925619834710745,5,3,0,0
366,68,8,0,0,0.0,0.05191256830601093,0,0,0,0,0,0,2,0,0.04644808743169399,0,1,0,0
687,131,10,0,2,0.0,0.055312954876273655,0,0,0,0,0,0,0,0,0.020378457059679767,2,2,0,0
1569,256,16,1,1,0.0,0.10962396430847673,0,0,0,0,0,1,43,0,0.030592734225621414,0,0,0,0
408,67,1,0,0,0.0,0.061274509803921566,0,0,0,0,0,0,0,0,0.03676470588235294,1,0,0,0
815,149,6,0,0,0.0,0.013496932515337423,0,0,0,0,0,0,0,0,0.018404907975460124,0,1,0,0
400,74,7,0,0,0.0,0.065,0,0,0,0,0,0,0,0,0.04,1,2,0,0
1928,323,31,0,0,0.0,0.08246887966804979,0,0,0,0,0,0,11,0,0.04979253112033195,0,0,0,0
961,151,12,0,0,0.0,0.005202913631633715,0,0,0,0,0,1,0,0,0.029136316337148804,2,2,0,0
697,105,18,0,0,0.0,0.024390243902439025,0,0,0,0,1,0,0,0,0.06886657101865136,0,0,0,0
31437,5231,303,1,14,0.02705610455849538,0.005057734516652352,3,4,0,0,0,0,0,1,0.025447720838502403,12,40,1,1
513,71,3,0,0,0.0,0.05847953216374269,0,0,0,0,0,0,0,0,0.1189083820662768,0,0,0,0
1286,211,19,0,14,0.0,0.027993779160186624,0,0,0,0,0,1,0,0,0.07620528771384137,0,5,0,0
1647,255,27,1,0,0.0,0.018214936247723135,0,0,0,0,0,0,0,0,0.08136004857316333,2,2,0,0
737,126,3,1,0,0.0,0.051560379918588875,0,0,0,0,0,0,3,0,0.08819538670284939,1,1,0,0
979,169,8,0,0,0.0,0.014300306435137897,0,0,0,0,0,0,0,0,0.02349336057201226,0,1,0,0
82,16,1,0,0,0.0,0.0,0,0,0,0,0,0,0,0,0.0,0,1,0,0
1862,303,37,0,1,0.0,0.01288936627282492,0,0,0,0,1,0,0,0,0.04994629430719656,1,2,0,0
181,28,2,0,2,0.0,0.016574585635359115,0,0,0,0,0,0,0,0,0.016574585635359115,0,1,0,0
1100,168,6,0,0,0.0,0.023636363636363636,0,0,0,0,1,0,1,0,0.01818181818181818,1,1,0,0
131,25,3,0,0,0.0,0.0,0,0,0,0,0,0,0,0,0.030534351145038167,0,1,0,0
109,21,4,0,0,0.0,0.027522935779816515,0,0,0,0,0,0,0,0,0.045871559633027525,0,0,0,0
1097,162,5,0,0,0.0,0.061075660893345485,0,0,0,0,0,0,0,0,0.0820419325432999,1,2,0,0
1334,230,24,0,0,0.03894736842105263,0.023238380809595203,2,3,0,0,0,0,0,1,0.0472263868065967,3,4,0,0
1933,322,29,0,0,0.0,0.04811174340403518,0,0,0,0,0,1,0,0,0.02638385928608381,8,7,0,0
3123,495,29,0,1,0.0,0.024015369836695485,0,0,0,0,0,0,0,2,0.05763688760806916,1,0,0,0
610,104,4,0,0,0.0,0.04426229508196721,0,0,0,0,0,0,2,0,0.08360655737704918,2,2,0,0
871,142,6,0,0,0.0,0.0,0,0,0,0,0,0,0,0,0.014925373134328358,1,0,0,0
123,26,3,0,0,0.0,0.22764227642276422,0,0,0,0,0,0,0,0,0.07317073170731707,0,0,0,0
475,86,6,0,0,0.0,0.023157894736842106,0,0,0,0,0,0,0,0,0.02526315789473684,2,3,0,0
2780,422,60,0,18,0.0,0.006474820143884892,0,0,0,0,1,0,0,0,0.03705035971223022,0,14,0,0
1059,153,7,0,1,0.0,0.019830028328611898,0,0,0,0,0,0,0,0,0.08026440037771483,1,3,0,0
414,62,4,3,0,0.0,0.007246376811594203,0,0,0,0,0,0,0,0,0.012077294685990338,0,2,0,0
595,106,6,0,0,0.0,0.0,0,0,0,0,1,0,0,0,0.013445378151260505,1,1,0,0
26,3,1,0,0,0.0,0.0,0,0,0,0,0,0,0,0,0.15384615384615385,0,0,0,0
1757,277,28,0,10,0.0,0.035856573705179286,0,0,0,0,0,0,0,0,0.040978941377347755,0,3,0,0
335,58,7,0,1,0.0,0.01791044776119403,0,0,0,0,0,0,0,0,0.03880597014925373,2,0,0,0
2926,8,5,4,0,0.18181818181818182,0.001367053998632946,1,0,0,0,0,0,0,0,0.00683526999316473,0,0,0,1
1236,199,10,0,0,0.0,0.02750809061488673,0,0,0,0,1,0,0,3,0.025080906148867314,4,1,0,1
857,128,27,3,6,0.0,0.01866977829638273,0,0,0,0,0,1,0,0,0.07934655775962661,10,7,0,0
137,20,1,0,0,0.008620689655172414,0.0,0,0,0,0,0,0,0,0,0.014598540145985401,0,0,0,0
70,14,1,0,0,0.0,0.08571428571428572,0,0,0,0,1,0,0,0,0.02857142857142857,0,0,0,0
6134,777,58,1,0,0.0,0.0039126181936746,0,0,0,0,0,0,0,0,0.06325399413107272,3,5,0,0
242,49,3,0,0,0.0,0.03305785123966942,0,0,0,0,0,0,0,0,0.028925619834710745,0,4,0,0
174,35,2,0,0,0.0,0.011494252873563218,0,0,0,0,0,0,0,0,0.011494252873563218,0,0,0,0
145,25,4,0,0,0.0,0.0,0,0,0,0,0,0,0,0,0.041379310344827586,0,1,0,0
1028,179,13,0,1,0.07488986784140969,0.02237354085603113,1,2,0,0,0,0,4,0,0.05544747081712062,1,2,0,0
347,54,4,0,0,0.0,0.07492795389048991,0,0,0,0,0,0,0,1,0.03170028818443804,1,0,0,1
799,139,12,0,0,0.0,0.0050062578222778474,0,0,0,0,0,0,0,0,0.03504380475594493,1,2,0,0
923,164,12,0,0,0.0,0.04333694474539545,0,0,0,0,0,0,0,0,0.0314192849404117,0,0,0,0
216,48,1,0,0,0.0,0.16203703703703703,0,0,0,0,0,0,0,0,0.0,0,0,0,0
698,115,9,0,0,0.0,0.024355300859598854,0,0,0,0,0,0,0,0,0.025787965616045846,0,1,0,0
3191,521,29,0,0,0.0,0.007521153243497336,0,0,0,0,0,0,7,0,0.02130993418990912,3,7,0,0
232,36,4,0,0,0.0,0.0,0,0,0,0,1,0,0,0,0.017241379310344827,0,0,0,0
11503,2055,144,17,12,0.07763012181616832,0.008432582804485786,6,1,0,0,1,4,3,3,0.02894896983395636,16,26,1,1
62,14,1,1,0,0.0,0.0,0,0,0,0,0,0,0,0,0.016129032258064516,0,0,0,0
656,112,13,2,1,0.0,0.03048780487804878,0,0,0,0,1,0,0,0,0.03353658536585366,2,5,0,0
628,102,7,1,0,0.0,0.01751592356687898,0,0,0,0,0,0,2,0,0.042993630573248405,3,3,0,0
540,81,5,0,0,0.0,0.024074074074074074,0,0,0,0,0,0,6,0,0.037037037037037035,1,1,0,0
1577,281,29,0,2,0.0,0.11350665821179455,0,0,0,0,0,0,12,6,0.06277742549143944,0,8,0,0
7426,1136,57,0,0,0.0,0.007002423915970913,0,0,0,0,0,0,5,0,0.026528413681659035,2,5,0,0
227,28,3,2,0,0.0,0.00881057268722467,0,0,0,0,0,0,0,0,0.013215859030837005,1,0,0,1
1435,233,11,0,0,0.0,0.030662020905923345,0,0,0,0,1,0,0,0,0.02926829268292683,3,4,0,0
455,68,6,0,0,0.0,0.12967032967032968,0,0,0,0,0,0,0,2,0.06373626373626373,0,0,0,0
1686,275,10,0,3,0.0,0.08718861209964412,0,0,0,0,0,0,3,0,0.013048635824436536,13,14,0,0
1152,191,9,0,0,0.0,0.034722222222222224,0,0,0,0,0,0,0,0,0.03298611111111111,2,2,0,0
1918,303,61,5,38,0.0,0.022940563086548488,0,0,0,0,0,0,0,0,0.04535974973931178,3,0,0,1
653,117,7,0,0,0.0,0.021439509954058193,0,0,0,0,1,0,0,0,0.02450229709035222,0,0,0,0
2082,348,23,1,0,0.0,0.0024015369836695487,0,0,0,0,1,0,0,0,0.021133525456292025,1,3,0,0
1766,278,15,0,0,0.0,0.013590033975084938,0,0,0,0,0,0,0,0,0.04473386183465459,2,3,0,0
344,53,4,0,0,0.0,0.07848837209302326,0,0,0,0,0,0,0,1,0.03197674418604651,1,0,0,1
1003,170,32,3,7,0.07713498622589532,0.03389830508474576,5,1,4,1,0,1,0,1,0.06480558325024925,6,6,1,1
1348,196,4,0,0,0.0,0.03338278931750742,0,0,0,0,1,0,0,0,0.06157270029673591,2,5,0,0
778,136,9,0,0,0.0,0.0,0,0,0,0,0,0,0,0,0.015424164524421594,2,1,0,0
3169,445,48,20,0,0.0,0.012306721363206059,0,0,0,0,0,0,0,0,0.04039129062795835,2,4,0,0
3004,501,25,0,0,0.07059800664451828,0.0063249001331557924,1,3,0,0,0,0,1,0,0.021637816245006658,2,2,0,1
1095,181,20,0,1,0.0,0.07853881278538813,0,0,0,0,0,0,0,0,0.07945205479452055,0,5,0,0
2424,385,36,0,1,0.0,0.07095709570957096,0,0,0,0,1,0,0,0,0.06724422442244224,0,0,0,0
968,140,8,0,0,0.0,0.11260330578512397,0,0,0,0,0,0,0,1,0.125,0,1,0,0
935,176,14,0,0,0.0,0.1358288770053476,0,0,0,0,0,0,0,3,0.04171122994652406,0,1,0,0
43753,7210,324,2,5,0.0,0.0135990674925148,0,0,0,0,1,0,15,11,0.021232829748817225,25,34,0,0
1563,261,27,2,2,0.0,0.007037747920665387,0,0,0,0,1,0,0,0,0.046065259117082535,4,4,0,0
266,52,4,0,0,0.0,0.06390977443609022,0,0,0,0,0,0,0,0,0.02631578947368421,0,1,0,0
5658,900,41,3,7,0.0,0.005655708731000354,0,0,0,0,0,0,0,0,0.02350653941322022,4,8,0,1
752,105,4,0,0,0.0,0.0026595744680851063,0,0,0,0,0,0,0,0,0.007978723404255319,0,0,0,0
383,69,3,1,0,0.0,0.0,0,0,0,0,1,0,0,0,0.018276762402088774,0,0,0,0
1111,191,21,0,0,0.0,0.025202520252025202,0,0,0,0,0,0,0,1,0.0405040504050405,1,1,0,0
47,9,1,0,0,0.0,0.0,0,0,0,0,0,0,0,0,0.02127659574468085,0,0,0,0
756,113,13,9,0,0.0,0.082010582010582,0,0,0,0,0,0,13,0,0.017195767195767195,4,7,0,1
1338,215,10,0,1,0.0,0.10089686098654709,0,0,0,0,0,0,0,3,0.06203288490284006,0,21,0,0
973,168,12,2,0,0.0,0.02774922918807811,0,0,0,0,0,0,0,0,0.030832476875642344,0,0,0,0
4066,681,21,0,0,0.0,0.01131333005410723,0,0,0,0,0,0,0,0,0.02680767338908018,5,4,0,0
1184,164,26,0,1,0.0,0.024493243243243243,0,0,0,0,1,0,2,0,0.08868243243243243,1,1,0,0
1284,235,21,7,0,0.09240246406570841,0.01791277258566978,0,0,0,0,0,3,3,0,0.031931464174454825,8,4,0,1
189,33,3,0,0,0.08130081300813008,0.13227513227513227,1,0,0,0,1,0,0,0,0.07407407407407407,2,1,0,0
2369,319,26,2,0,0.0,0.04390037990713381,0,0,0,0,0,0,0,0,0.10932883073026593,3,3,0,0
329,48,3,1,0,0.0,0.0364741641337386,0,0,0,0,0,0,0,0,0.0790273556231003,0,1,0,0
598,83,4,0,1,0.0,0.10702341137123746,0,0,0,0,0,0,0,0,0.11204013377926421,2,5,0,0
148,26,4,0,0,0.0,0.0,0,0,0,0,0,0,0,0,0.033783783783783786,1,1,0,0
629,107,6,0,0,0.0,0.04292527821939587,0,0,0,0,0,0,0,0,0.02384737678855326,1,1,0,0
135,19,1,0,0,0.0,0.02962962962962963,0,0,0,0,1,0,0,0,0.02962962962962963,0,0,0,0
2061,335,21,0,0,0.0,0.048034934497816595,0,0,0,0,0,0,0,2,0.039301310043668124,1,0,0,0
883,122,6,0,0,0.0,0.14609286523216308,0,0,0,0,0,0,0,0,0.10758776896942242,0,4,0,0
1855,285,15,0,1,0.0,0.019946091644204852,0,0,0,0,0,0,0,0,0.05929919137466307,0,1,0,0
71,11,1,0,0,0.0,0.0,0,0,0,0,0,0,0,0,0.028169014084507043,0,0,0,0
957,158,13,0,2,0.0,0.03657262277951933,0,0,0,0,0,0,0,0,0.07732497387669801,1,3,0,0
3715,524,94,0,2,0.0,0.009690444145356662,0,0,0,0,0,0,0,0,0.08371467025572005,4,3,0,0
498,91,5,0,0,0.0,0.15261044176706828,0,0,0,0,0,0,0,0,0.060240963855421686,0,0,0,0
260,36,1,0,0,0.0,0.011538461538461539,0,0,0,0,0,1,1,0,0.0038461538461538464,1,1,0,0
1695,281,12,0,0,0.0,0.0017699115044247787,0,0,0,0,0,0,0,0,0.013569321533923304,4,4,0,0
564,100,9,0,0,0.0,0.0,0,0,0,0,0,0,0,0,0.02127659574468085,1,0,0,0
8538,1340,96,5,18,0.0,0.011360974467088312,0,0,0,0,1,0,3,0,0.02600140548137737,16,18,0,0
63,8,1,0,0,0.0,0.0,0,0,0,0,0,0,0,0,0.015873015873015872,1,1,0,0
1347,225,18,0,0,0.0,0.04380103934669636,0,0,0,0,0,0,0,0,0.02969561989606533,1,1,0,0
3500,605,31,0,6,0.0,0.034,0,0,0,0,0,0,0,0,0.039714285714285716,0,0,0,0
4221,623,23,0,0,0.0,0.008765695332859511,0,0,0,0,1,0,0,0,0.024401800521203505,0,2,0,0
896,135,21,0,0,0.0,0.09709821428571429,0,0,0,0,0,0,0,0,0.09040178571428571,0,0,0,0
2272,389,68,0,39,0.0,0.0,0,0,0,0,1,0,0,0,0.04005281690140845,0,3,0,0
1392,212,10,0,0,0.0,0.02442528735632184,0,0,0,0,0,0,3,0,0.022270114942528736,4,4,0,0
1481,239,11,0,0,0.0,0.002025658338960162,0,0,0,0,0,0,0,0,0.02633355840648211,2,2,0,0
96,19,2,0,0,0.0,0.0,0,0,0,0,0,0,0,0,0.020833333333333332,0,0,0,0
602,106,6,0,0,0.0,0.006644518272425249,0,0,0,0,0,0,1,0,0.024916943521594685,0,1,0,0
485,80,20,0,0,0.0,0.06597938144329897,0,0,0,0,0,0,0,0,0.04536082474226804,1,1,0,0
572,101,9,0,2,0.028953229398663696,0.0017482517482517483,1,0,0,0,0,0,0,0,0.026223776223776224,0,0,0,0
1905,334,21,1,0,0.0,0.005774278215223097,0,0,0,0,1,0,0,0,0.026246719160104987,3,3,0,0
1798,271,18,0,0,0.0,0.052836484983314794,0,0,0,0,0,0,0,0,0.05339265850945495,3,3,0,0
617,107,5,0,0,0.0,0.0016207455429497568,0,0,0,0,0,0,0,0,0.011345218800648298,1,1,0,0
305,53,6,2,0,0.0,0.003278688524590164,0,0,0,0,0,0,0,0,0.03934426229508197,1,1,0,0
746,117,8,0,0,0.0,0.07506702412868632,0,0,0,0,0,0,0,2,0.03485254691689008,2,2,0,0
4254,632,28,0,0,0.0,0.006346967559943582,0,0,0,0,0,0,0,0,0.03361542078044194,1,3,0,0
1640,243,20,0,0,0.0,0.011585365853658536,0,0,0,0,0,0,0,0,0.023170731707317073,2,3,0,0
1775,287,17,0,0,0.0,0.02140845070422535,0,0,0,0,0,0,1,0,0.02028169014084507,1,2,0,0
255,45,5,3,0,0.0,0.01568627450980392,0,0,0,0,1,0,0,0,0.023529411764705882,0,1,0,0
1011,152,7,0,0,0.0,0.02373887240356083,0,0,0,0,0,0,0,0,0.06726013847675569,0,0,0,0
2852,457,30,0,0,0.0,0.01788218793828892,0,0,0,0,0,0,1,0,0.024193548387096774,1,6,0,0
964,153,8,0,0,0.0,0.0487551867219917,0,0,0,0,0,0,0,0,0.032157676348547715,0,0,0,0
622,124,9,1,0,0.0,0.03215434083601286,0,0,0,0,0,0,0,0,0.04019292604501608,2,2,0,0
1017,165,7,0,0,0.0,0.010816125860373648,0,0,0,0,1,0,0,0,0.03736479842674533,1,3,0,0
166,33,3,0,0,0.0,0.0,0,0,0,0,0,0,0,0,0.018072289156626505,0,0,0,0
219,43,2,0,0,0.0,0.0,0,0,0,0,0,0,0,0,0.0410958904109589,0,1,0,0
1053,167,13,0,0,0.0,0.06267806267806268,0,0,0,0,0,0,0,0,0.08167141500474834,2,4,0,0
1146,166,7,0,0,0.0,0.016579406631762654,0,0,0,0,1,0,0,0,0.0462478184991274,1,1,0,0
412,59,6,0,0,0.0,0.06067961165048544,0,0,0,0,0,0,0,1,0.0412621359223301,1,0,0,1
1792,288,56,3,2,0.0,0.10100446428571429,0,0,0,0,0,0,2,1,0.08705357142857142,1,2,0,1
1552,262,14,1,5,0.0,0.002577319587628866,0,0,0,0,0,0,0,0,0.012242268041237113,0,0,0,0
821,135,12,0,0,0.0,0.020706455542021926,0,0,0,0,0,0,0,0,0.031668696711327646,1,0,0,0
685,107,12,0,0,0.0,0.072992700729927,0,0,0,0,0,0,0,2,0.051094890510948905,1,1,0,0
1430,235,14,0,0,0.0,0.04265734265734266,0,0,0,0,1,0,0,0,0.03986013986013986,2,2,0,0
1533,265,16,4,1,0.07616487455197132,0.011741682974559686,2,1,1,1,1,0,0,0,0.06979778212654925,1,2,0,1
1087,195,10,0,0,0.0,0.011039558417663294,0,0,0,0,0,0,0,0,0.02207911683532659,2,4,0,0
7117,1196,131,0,8,0.0,0.02978783195166503,0,0,0,0,1,0,0,2,0.05732752564282703,4,10,0,0
207,38,4,0,0,0.05333333333333334,0.0,1,0,0,0,0,0,0,0,0.057971014492753624,0,1,0,0
2592,393,29,0,0,0.0,0.09375,0,0,0,0,1,0,10,0,0.08449074074074074,0,2,0,0
2028,303,22,1,0,0.06262904335856848,0.033037475345167655,3,2,0,0,1,0,0,3,0.09171597633136094,2,2,1,1
2255,292,82,0,0,0.0,0.015964523281596452,0,0,0,0,1,0,0,0,0.08736141906873614,1,1,0,0
106,21,2,0,0,0.125,0.2830188679245283,1,0,0,0,0,0,0,1,0.14150943396226415,2,1,0,0
288,53,4,1,0,0.0,0.017361111111111112,0,0,0,0,1,0,0,0,0.020833333333333332,0,1,0,0
882,138,6,0,0,0.0,0.0022675736961451248,0,0,0,0,0,0,0,0,0.027210884353741496,1,3,0,0
1863,308,19,1,0,0.0,0.01610305958132045,0,0,0,0,0,0,0,2,0.026838432635534086,1,2,0,0
1471,229,23,2,1,0.04942630185348632,0.007477906186267845,3,0,2,1,0,1,0,1,0.03467029231815092,0,2,1,1
1280,230,14,0,3,0.0,0.0078125,0,0,0,0,0,0,0,0,0.0234375,1,8,0,0
352,56,5,0,0,0.0,0.07386363636363637,0,0,0,0,0,0,2,0,0.045454545454545456,1,3,0,0
870,136,20,0,0,0.0,0.02413793103448276,0,0,0,0,0,0,0,0,0.04367816091954023,0,0,0,0
420,69,7,1,0,0.0,0.023809523809523808,0,0,0,0,0,0,0,0,0.03333333333333333,0,0,0,0
199,30,5,1,0,0.0,0.020100502512562814,0,0,0,0,0,0,0,0,0.03015075376884422,0,0,0,0
1246,216,10,0,0,0.0,0.03451043338683788,0,0,0,0,0,0,0,0,0.03691813804173355,0,2,0,0
93,20,5,1,0,0.08771929824561403,0.053763440860215055,1,0,0,0,0,0,0,0,0.15053763440860216,1,1,0,0
3143,532,35,1,3,0.0,0.008908685968819599,0,0,0,0,1,0,2,0,0.025453388482341712,2,4,0,0
1088,207,13,3,3,0.0,0.014705882352941176,0,0,0,0,0,0,0,0,0.021139705882352942,0,2,0,0
243,39,3,0,0,0.0,0.07818930041152264,0,0,0,0,0,0,1,0,0.02880658436213992,1,1,0,0
8583,1443,98,4,6,0.10878348047284153,0.027962250961202376,6,1,0,0,0,1,2,3,0.02516602586508214,14,18,1,1
1066,198,10,0,7,0.0,0.04409005628517824,0,0,0,0,0,0,0,0,0.03095684803001876,0,3,0,0
591,96,8,0,0,0.017738359201773836,0.0,2,2,1,1,0,0,0,0,0.0338409475465313,1,0,0,0
840,113,11,0,0,0.0,0.02023809523809524,0,0,0,0,1,0,0,1,0.02738095238095238,0,4,0,0
602,94,7,0,0,0.0,0.016611295681063124,0,0,0,0,0,0,0,0,0.0664451827242525,0,1,0,0
1940,338,16,0,0,0.0,0.021649484536082474,0,0,0,0,1,0,0,0,0.02577319587628866,2,2,0,0
221,39,2,0,0,0.0,0.1085972850678733,0,0,0,0,0,0,0,0,0.03619909502262444,0,1,0,0
1542,254,14,0,0,0.0,0.022697795071335927,0,0,0,0,1,0,0,0,0.026588845654993514,0,1,0,0
101,19,2,0,0,0.1111111111111111,0.297029702970297,1,0,0,0,0,0,0,1,0.15841584158415842,2,1,0,0
531,90,3,0,2,0.0,0.2824858757062147,0,0,0,0,0,0,0,8,0.018832391713747645,1,3,0,0
58,9,1,0,0,0.0,0.1724137931034483,0,0,0,0,0,0,0,0,0.10344827586206896,0,0,0,0
1270,221,10,0,0,0.0,0.011023622047244094,0,0,0,0,0,0,0,0,0.02125984251968504,0,1,0,0
486,82,6,0,0,0.0,0.043209876543209874,0,0,0,0,1,0,0,0,0.030864197530864196,1,0,0,0
1493,215,16,0,0,0.0,0.03549899531145345,0,0,0,0,0,0,0,0,0.06296048225050234,1,2,0,0
497,77,5,1,0,0.0,0.002012072434607646,0,0,0,0,1,0,0,0,0.03420523138832998,0,0,0,0
7549,1156,56,0,0,0.0,0.006755861703536892,0,0,0,0,1,0,5,0,0.025963703801828057,2,5,0,0
159,28,2,0,0,0.0,0.0,0,0,0,0,1,0,0,0,0.018867924528301886,0,0,0,0
2092,372,19,0,8,0.0,0.012906309751434034,0,0,0,0,0,0,0,1,0.0124282982791587,3,5,0,0
556,106,9,0,0,0.0,0.014388489208633094,0,0,0,0,0,0,0,0,0.025179856115107913,0,1,0,0
550,87,5,3,0,0.1360544217687075,0.007272727272727273,0,0,0,0,0,1,0,0,0.02909090909090909,1,1,0,0
1016,151,32,11,0,0.0,0.02952755905511811,0,0,0,0,0,2,0,0,0.04232283464566929,2,0,0,0
1749,417,91,1,0,0.024806201550387597,0.25614636935391655,0,0,1,1,0,0,0,0,0.06460834762721555,5,2,0,1
953,145,11,1,0,0.0,0.005246589716684155,0,0,0,0,0,0,0,0,0.02098635886673662,0,0,0,0
103,16,2,0,0,0.0,0.0,0,0,0,0,0,0,0,0,0.04854368932038835,0,0,0,0
2598,396,87,4,0,0.0,0.00962278675904542,0,0,0,0,0,0,0,0,0.05658198614318707,1,6,0,0
2627,397,28,3,1,0.08380237648530331,0.02893033878949372,4,3,3,1,1,0,0,0,0.10125618576322802,0,1,1,1
444,80,5,0,0,0.0,0.02027027027027027,0,0,0,0,0,0,0,0,0.02027027027027027,0,0,0,0
163,20,1,0,0,0.0,0.0,0,0,0,0,1,0,0,0,0.03067484662576687,1,1,0,0
1469,215,25,6,0,0.0,0.03607896528250511,0,0,0,0,1,0,0,0,0.09938733832539143,1,2,0,0
2809,440,62,0,19,0.0,0.00533997864008544,0,0,0,0,1,0,0,0,0.03844784620861517,0,18,0,0
1570,240,19,0,0,0.03721298495645289,0.012738853503184714,1,0,0,0,0,0,2,1,0.029936305732484077,0,4,0,0
1895,321,23,0,2,0.0,0.044854881266490766,0,0,0,0,0,0,0,1,0.06596306068601583,1,2,0,0
273,48,6,0,0,0.0,0.014652014652014652,0,0,0,0,0,0,0,0,0.04395604395604396,0,0,0,0
1399,221,14,0,0,0.0,0.007862759113652609,0,0,0,0,0,0,0,0,0.020014295925661188,0,1,0,0
93,19,1,0,1,0.0,0.0,0,0,0,0,0,0,0,0,0.043010752688172046,0,0,0,0
915,127,6,0,0,0.0,0.012021857923497269,0,0,0,0,0,0,0,1,0.014207650273224045,1,0,0,0
147,26,3,1,0,0.0,0.0,0,0,0,0,0,0,0,0,0.02040816326530612,0,0,0,0
463,71,4,1,0,0.0,0.0064794816414686825,0,0,0,0,0,0,0,0,0.01079913606911447,0,2,0,0
345,53,4,0,0,0.0,0.0782608695652174,0,0,0,0,0,0,0,1,0.03188405797101449,1,0,0,1
75,12,1,0,0,0.0,0.25333333333333335,0,0,0,0,0,0,0,0,0.04,0,0,0,0
1580,261,9,0,0,0.0,0.00569620253164557,0,0,0,0,1,0,0,0,0.04113924050632911,0,4,0,0
9893,1515,92,1,2,0.0,0.007985444253512585,0,0,0,0,1,0,2,0,0.024562822197513393,11,13,0,0
1531,227,21,0,0,0.0,0.0,0,0,0,0,0,0,0,0,0.03200522534291313,2,2,0,0
43,6,1,0,0,0.0,0.23255813953488372,0,0,0,0,0,0,0,0,0.046511627906976744,0,0,0,0
743,115,2,0,0,0.0,0.03768506056527591,0,0,0,0,1,0,0,0,0.02288021534320323,3,3,0,0
199,33,3,0,0,0.0,0.03015075376884422,0,0,0,0,0,0,0,0,0.05527638190954774,0,0,0,0
825,157,18,0,0,0.0,0.0012121212121212121,0,0,0,0,1,0,0,0,0.03151515151515152,1,1,0,0
107,19,1,0,0,0.0,0.028037383177570093,0,0,0,0,0,0,0,0,0.028037383177570093,0,0,0,0
2860,457,21,0,2,0.0,0.027972027972027972,0,0,0,0,0,0,3,0,0.0513986013986014,1,4,0,0
798,115,4,0,0,0.0,0.03007518796992481,0,0,0,0,0,0,0,0,0.08521303258145363,0,0,0,0
5228,710,45,0,1,0.0,0.04456771231828615,0,0,0,0,0,0,0,2,0.03749043611323642,5,3,0,0
138,22,2,0,0,0.0,0.0,0,0,0,0,0,0,0,0,0.028985507246376812,0,0,0,0
327,57,6,0,0,0.0,0.0,0,0,0,0,0,0,0,0,0.024464831804281346,0,0,0,0
1070,176,19,0,0,0.0,0.022429906542056073,0,0,0,0,0,0,0,0,0.04672897196261682,0,0,0,0
467,76,9,0,0,0.0,0.07066381156316917,0,0,0,0,1,0,0,1,0.05353319057815846,1,2,0,0
27998,4555,343,0,7,0.0,0.019787127651975142,0,0,0,0,1,2,54,0,0.029359239945710408,59,69,0,0
1628,238,36,0,0,0.0,0.022113022113022112,0,0,0,0,1,0,0,0,0.05221130221130221,0,0,0,0
362,62,3,0,0,0.0,0.09116022099447514,0,0,0,0,0,0,0,0,0.024861878453038673,0,0,0,0
1319,223,14,0,0,0.0,0.0758150113722517,0,0,0,0,1,0,3,1,0.034874905231235785,4,8,0,0
83,17,1,0,0,0.0,0.14457831325301204,0,0,0,0,0,0,0,0,0.0,0,0,0,0
206,41,6,0,0,0.0,0.23300970873786409,0,0,0,0,0,0,0,0,0.07281553398058252,0,1,0,0
2337,357,18,3,0,0.0,0.023106546854942234,0,0,0,0,0,0,0,0,0.037655113393239195,5,4,0,0
2487,400,28,3,2,0.0,0.09449135504624046,0,0,0,0,0,0,0,0,0.09328508242862887,9,14,0,0
1142,181,25,15,1,0.2670807453416149,0.006129597197898424,2,3,0,0,0,2,1,0,0.13047285464098074,12,4,0,1
171,30,5,0,0,0.02459016393442623,0.023391812865497075,0,1,1,1,0,0,0,0,0.06432748538011696,1,0,0,0
1928,296,13,0,0,0.0,0.007261410788381743,0,0,0,0,0,0,0,0,0.029564315352697094,1,1,0,0
369,67,6,0,0,0.0,0.06504065040650407,0,0,0,0,0,0,0,0,0.032520325203252036,0,0,0,0
903,154,7,0,0,0.0,0.016611295681063124,0,0,0,0,1,0,0,0,0.017718715393133997,0,1,0,0
1080,171,16,0,0,0.0,0.05925925925925926,0,0,0,0,0,0,0,0,0.03425925925925926,0,0,0,0
1156,177,11,0,0,0.0,0.015570934256055362,0,0,0,0,0,0,0,0,0.06314878892733564,0,0,0,0
760,132,13,0,0,0.0,0.002631578947368421,0,0,0,0,0,2,0,0,0.021052631578947368,3,5,0,0
522,86,7,4,0,0.0,0.01532567049808429,0,0,0,0,0,0,0,0,0.040229885057471264,2,4,0,0
409,68,3,0,0,0.0,0.0,0,0,0,0,0,0,0,0,0.014669926650366748,0,0,0,0
619,109,8,0,0,0.0,0.012924071082390954,0,0,0,0,0,0,0,0,0.025848142164781908,0,0,0,0
124,14,1,0,0,0.0,0.08064516129032258,0,0,0,0,1,0,0,0,0.20161290322580644,0,0,0,0
771,114,7,0,3,0.0,0.011673151750972763,0,0,0,0,0,0,0,0,0.08171206225680934,0,0,0,0
48,6,1,1,0,0.0,0.0,0,0,0,0,0,0,0,0,0.041666666666666664,0,0,0,0
146,24,5,0,1,0.0,0.0,0,0,0,0,0,0,0,0,0.0410958904109589,0,1,0,0
940,147,6,0,0,0.0,0.04893617021276596,0,0,0,0,0,0,0,0,0.07659574468085106,0,2,0,0
363,61,4,0,0,0.0,0.0,0,0,0,0,0,0,0,0,0.011019283746556474,0,0,0,0
645,121,6,0,0,0.0,0.06046511627906977,0,0,0,0,0,0,0,0,0.018604651162790697,1,1,0,0
101,17,2,1,0,0.0,0.0,0,0,0,0,0,0,0,0,0.019801980198019802,0,0,0,0
2181,376,19,0,2,0.0,0.007794589637780834,0,0,0,0,1,0,1,0,0.023383768913342505,0,3,0,0
684,124,13,0,5,0.0,0.049707602339181284,0,0,0,0,0,0,0,2,0.04239766081871345,1,2,0,0
993,172,14,0,0,0.0,0.09768378650553877,0,0,0,0,1,0,0,1,0.025176233635448138,1,3,0,0
369,66,6,0,0,0.0,0.04065040650406504,0,0,0,0,0,0,0,0,0.05420054200542006,1,0,0,0
243,42,7,0,1,0.0,0.12345679012345678,0,0,0,0,0,0,0,0,0.03292181069958848,1,2,0,0
452,90,4,0,0,0.0,0.0,0,0,0,0,0,0,0,0,0.015486725663716814,0,4,0,0
65,12,1,0,0,0.0,0.0,0,0,0,0,0,0,0,0,0.015384615384615385,0,0,0,0
779,112,7,1,0,0.0,0.07445442875481387,0,0,0,0,0,0,0,0,0.10397946084724005,0,1,0,0
205,42,7,1,0,0.1452991452991453,0.14634146341463414,2,0,0,0,0,0,0,0,0.12195121951219512,1,1,0,0
1816,322,32,0,1,0.0,0.05781938325991189,0,0,0,0,0,0,0,0,0.043502202643171804,0,1,0,0
1376,243,18,0,0,0.0,0.03997093023255814,0,0,0,0,0,0,0,0,0.04505813953488372,1,2,0,0
41022,6717,403,0,15,0.0,0.012993028131246647,0,0,0,0,1,0,72,0,0.02427965481936522,69,111,0,0
367,64,6,1,1,0.0,0.10899182561307902,0,0,0,0,0,0,0,1,0.05994550408719346,0,0,0,0
621,86,71,2,0,0.0,0.07246376811594203,0,0,0,0,0,0,0,0,0.13687600644122383,2,2,0,0
1414,289,10,0,0,0.0,0.0021216407355021216,0,0,0,0,0,0,0,0,0.09547383309759547,1,1,0,0
4194,661,32,0,1,0.0,0.0195517405817835,0,0,0,0,1,0,2,0,0.04363376251788269,11,13,0,0
662,107,9,0,0,0.05856832971800434,0.00906344410876133,1,1,0,0,0,0,0,0,0.11178247734138973,1,0,0,1
149,25,2,0,0,0.0,0.12751677852348994,0,0,0,0,1,0,0,0,0.040268456375838924,0,1,0,0
758,139,10,0,1,0.0,0.13192612137203166,0,0,0,0,0,0,0,2,0.027704485488126648,0,3,0,0
513,91,2,0,0,0.0,0.003898635477582846,0,0,0,0,0,0,0,0,0.01364522417153996,4,10,0,0
4619,764,44,3,1,0.0,0.005628924009525871,0,0,0,0,0,0,0,0,0.019268239878761636,1,3,0,0
720,96,6,2,0,0.0,0.016666666666666666,0,0,0,0,0,0,0,0,0.0125,3,2,0,0
12,2,1,0,0,0.0,0.0,0,0,0,0,0,0,0,0,0.25,0,0,0,0
305,47,3,0,0,0.0,0.05245901639344262,0,0,0,0,1,0,0,0,0.029508196721311476,1,1,0,0
3020,494,35,4,2,0.0,0.028145695364238412,0,0,0,0,1,0,0,0,0.045364238410596024,0,2,0,0
1699,289,20,2,0,0.11372251705837756,0.009417304296645085,0,0,0,0,0,2,2,0,0.031194820482636845,1,3,0,1
1262,199,22,0,0,0.06510416666666667,0.03407290015847861,3,2,2,1,0,0,0,2,0.19175911251980982,2,3,1,1
509,107,6,0,1,0.0,0.03536345776031434,0,0,0,0,0,0,1,0,0.019646365422396856,0,2,0,0
1962,308,23,3,1,0.0,0.06269113149847094,0,0,0,0,0,1,1,0,0.07900101936799185,0,2,0,0
2788,453,27,0,0,0.0,0.014347202295552367,0,0,0,0,1,0,0,0,0.02187948350071736,3,3,0,0
256,48,3,0,0,0.0,0.09765625,0,0,0,0,0,0,0,0,0.03515625,0,0,0,0
440,67,14,0,3,0.0,0.006818181818181818,0,0,0,0,0,0,2,0,0.07727272727272727,2,2,0,0
504,86,5,0,0,0.0,0.01984126984126984,0,0,0,0,0,0,0,0,0.03571428571428571,0,0,0,0
4369,672,45,0,3,0.0,0.024719615472648202,0,0,0,0,1,0,0,2,0.03616388189517052,17,18,0,0
46,10,2,1,0,0.0,0.0,0,0,0,0,0,0,0,0,0.043478260869565216,0,0,0,0
125,24,2,0,1,0.0,0.0,0,0,0,0,0,0,0,0,0.024,0,0,0,0
523,77,6,0,1,0.0,0.055449330783938815,0,0,0,0,0,0,0,0,0.124282982791587,0,0,0,0
293,47,9,0,3,0.0,0.08191126279863481,0,0,0,0,0,0,0,0,0.07167235494880546,0,2,0,0
955,169,30,0,0,0.0,0.015706806282722512,0,0,0,0,0,0,0,0,0.0356020942408377,0,3,0,0
1429,284,21,9,0,0.0,0.010496850944716585,0,0,0,0,0,0,0,0,0.06088173547935619,1,2,0,0
251,32,1,0,0,0.041884816753926704,0.07171314741035857,0,0,0,0,0,1,0,0,0.01195219123505976,1,0,0,1
1438,218,9,0,0,0.0,0.008344923504867872,0,0,0,0,0,0,0,0,0.020166898470097356,2,4,0,0
2349,403,23,1,1,0.0,0.04299702000851426,0,0,0,0,0,0,0,2,0.06768837803320563,2,5,0,0
1764,287,18,0,1,0.0,0.024943310657596373,0,0,0,0,0,0,0,0,0.03344671201814059,1,2,0,0
1488,247,15,0,1,0.0,0.035618279569892476,0,0,0,0,0,0,7,0,0.046370967741935484,0,1,0,0
1393,216,13,0,0,0.0,0.027279253409906678,0,0,0,0,0,0,0,0,0.023689877961234746,2,1,0,0
552,109,8,1,0,0.0,0.0018115942028985507,0,0,0,0,0,0,0,0,0.02355072463768116,0,3,0,0
590,102,13,5,2,0.0,0.023728813559322035,0,0,0,0,0,0,0,0,0.04406779661016949,1,1,0,0
3996,687,34,1,2,0.0,0.0032532532532532532,0,0,0,0,0,1,0,0,0.01926926926926927,4,6,0,0
679,123,8,0,0,0.0,0.053019145802650956,0,0,0,0,0,0,0,3,0.03240058910162003,0,2,0,0
1009,205,10,3,0,0.0,0.008919722497522299,0,0,0,0,0,0,0,0,0.02576808721506442,2,2,0,0
360,61,4,0,0,0.0,0.011111111111111112,0,0,0,0,0,0,0,0,0.027777777777777776,0,0,0,0
2045,411,29,2,0,0.0,0.001466992665036675,0,0,0,0,0,0,0,0,0.022004889975550123,1,11,0,0
807,170,4,0,0,0.0,0.3915737298636927,0,0,0,0,0,0,0,14,0.008674101610904586,0,0,0,0
8123,1348,66,0,6,0.0,0.011941400960236366,0,0,0,0,0,2,0,0,0.02055890680782962,3,9,0,0
2434,386,17,7,0,0.0,0.1647493837304848,0,0,0,0,0,0,0,0,0.0628594905505341,0,0,0,0
317,55,2,0,0,0.0,0.0,0,0,0,0,0,0,0,0,0.012618296529968454,0,0,0,0
415,61,6,0,0,0.0,0.004819277108433735,0,0,0,0,0,0,0,0,0.033734939759036145,0,0,0,0
1256,183,6,0,0,0.0,0.0,0,0,0,0,0,0,0,0,0.012738853503184714,2,3,0,0
1680,281,13,0,0,0.0,0.01369047619047619,0,0,0,0,0,0,5,0,0.014285714285714285,1,1,0,0
2081,317,27,0,2,0.0,0.04132628543969245,0,0,0,0,1,0,0,0,0.0802498798654493,3,3,0,0
477,61,7,0,0,0.0,0.031446540880503145,0,0,0,0,1,0,0,1,0.1111111111111111,0,0,0,0
1106,159,24,1,2,0.08766233766233766,0.06600361663652803,2,1,0,0,1,0,7,0,0.1717902350813743,12,1,0,1
881,166,9,0,0,0.0,0.0,0,0,0,0,0,0,0,0,0.02043132803632236,1,2,0,0
529,76,13,1,1,0.06596306068601583,0.011342155009451797,3,0,0,0,0,0,0,0,0.052930056710775046,0,0,1,1
767,118,8,0,0,0.0,0.04432855280312908,0,0,0,0,0,0,0,0,0.09908735332464146,0,2,0,0
717,111,10,4,0,0.03052064631956912,0.012552301255230125,0,1,0,0,0,7,1,0,0.023709902370990237,1,0,0,1
622,120,9,0,0,0.0,0.00964630225080386,0,0,0,0,0,0,0,0,0.024115755627009645,1,2,0,0
538,90,4,0,0,0.0,0.01858736059479554,0,0,0,0,1,0,0,0,0.06505576208178439,0,1,0,0
529,90,2,0,0,0.0,0.003780718336483932,0,0,0,0,0,0,0,0,0.00945179584120983,0,0,0,0
1210,210,12,0,3,0.0,0.023140495867768594,0,0,0,0,0,0,0,1,0.05206611570247934,1,3,0,0
1162,189,11,2,0,0.19167717528373265,0.06626506024096386,0,1,0,0,0,1,9,0,0.035283993115318414,0,0,0,1
2162,331,16,2,0,0.0,0.008788159111933395,0,0,0,0,0,0,0,0,0.03283996299722479,1,3,0,0
617,101,6,0,1,0.0,0.019448946515397084,0,0,0,0,1,0,0,0,0.029173419773095625,0,0,0,0
3538,543,42,0,0,0.0,0.0782928208027134,0,0,0,0,0,0,0,3,0.06585641605426795,1,6,0,0
531,87,2,0,1,0.0,0.03954802259887006,0,0,0,0,1,0,0,0,0.08286252354048965,1,1,0,0
1439,281,15,1,2,0.0,0.014593467685892982,0,0,0,0,0,0,0,0,0.02640722724113968,2,6,0,0
2439,343,26,0,0,0.0,0.03567035670356704,0,0,0,0,0,0,0,0,0.08077080770807708,1,2,0,1
734,112,7,0,0,0.0,0.027247956403269755,0,0,0,0,0,0,0,0,0.02997275204359673,1,2,0,0
1451,238,14,0,0,0.0,0.008270158511371467,0,0,0,0,0,0,0,0,0.019986216402481046,7,7,0,0
253,47,2,0,0,0.0,0.007905138339920948,0,0,0,0,0,0,0,0,0.011857707509881422,1,1,0,0
1119,192,14,0,0,0.0,0.012511170688114389,0,0,0,0,0,0,0,0,0.02770330652368186,0,0,0,0
448,75,5,0,3,0.0,0.026785714285714284,0,0,0,0,1,0,0,0,0.026785714285714284,0,0,0,0
779,143,8,2,0,0.0,0.03337612323491656,0,0,0,0,0,0,3,0,0.03209242618741977,5,7,0,0
1577,241,13,0,1,0.0,0.02092580849714648,0,0,0,0,1,0,0,0,0.05960684844641725,0,0,0,0
1480,231,15,0,3,0.0,0.03648648648648649,0,0,0,0,1,0,0,0,0.05878378378378379,0,1,0,0
1119,182,21,3,3,0.0,0.0017873100983020554,0,0,0,0,1,0,0,0,0.03306523681858802,0,1,0,0
1601,235,16,0,3,0.0,0.017489069331667707,0,0,0,0,0,0,0,0,0.03935040599625234,2,0,0,0
1917,331,38,3,12,0.0,0.0,0,0,0,0,0,0,0,0,0.036515388628064686,0,0,0,0
653,117,14,0,0,0.0,0.10566615620214395,0,0,0,0,1,0,0,0,0.039816232771822356,1,1,0,0
1533,240,22,5,0,0.0,0.018917155903457272,0,0,0,0,1,2,0,0,0.03718199608610567,11,5,0,0
100,13,1,0,0,0.0,0.04,0,0,0,0,1,0,0,0,0.01,1,1,0,0
406,68,5,1,1,0.0,0.029556650246305417,0,0,0,0,0,0,0,0,0.034482758620689655,0,0,0,0
71,3,1,0,0,0.0,0.0,0,0,0,0,0,0,0,0,0.36619718309859156,0,0,0,0
667,126,15,3,2,0.0,0.0,0,0,0,0,0,0,0,0,0.025487256371814093,0,1,0,0
473,68,4,2,0,0.0,0.03805496828752643,0,0,0,0,0,0,0,0,0.10359408033826638,1,1,0,0
137,22,2,0,0,0.0,0.0,0,0,0,0,1,0,0,0,0.021897810218978103,1,1,0,0
925,133,9,0,0,0.0,0.01945945945945946,0,0,0,0,0,0,0,0,0.08756756756756756,0,1,0,0
173,34,2,0,1,0.0,0.057803468208092484,0,0,0,0,0,0,0,0,0.03468208092485549,0,4,0,0
540,90,8,0,0,0.0,0.0,0,0,0,0,0,0,1,0,0.07592592592592592,0,1,0,0
556,95,7,0,0,0.0,0.017985611510791366,0,0,0,0,0,0,0,0,0.019784172661870502,0,0,0,0
282,52,2,0,0,0.0,0.0,0,0,0,0,0,0,0,0,0.01773049645390071,0,0,0,0
2053,333,51,7,0,0.0,0.04286410131514856,0,0,0,0,0,4,6,2,0.04335119337554798,6,7,0,0
132,23,1,0,0,0.0,0.10606060606060606,0,0,0,0,1,0,0,0,0.045454545454545456,0,1,0,0
1252,189,22,7,0,0.0,0.02875399361022364,0,0,0,0,1,0,0,0,0.05830670926517572,1,0,0,0
805,146,6,0,1,0.0,0.0,0,0,0,0,0,0,0,0,0.02360248447204969,0,0,0,0
831,129,19,3,1,0.0,0.05535499398315283,0,0,0,0,0,0,0,2,0.10108303249097472,1,1,0,0
295,57,5,0,2,0.0,0.013559322033898305,0,0,0,0,0,0,0,0,0.04067796610169491,0,1,0,0
532,82,22,2,0,0.0,0.03571428571428571,0,0,0,0,0,0,0,0,0.09210526315789473,1,2,0,0
4428,700,26,0,0,0.0,0.008581752484191508,0,0,0,0,1,0,0,0,0.01942186088527552,0,0,0,0
746,115,1,0,0,0.0,0.032171581769437,0,0,0,0,0,0,0,0,0.0871313672922252,0,2,0,0
10225,1879,178,14,14,0.09669211195928754,0.01613691931540342,6,1,0,0,1,1,4,3,0.032860635696821516,28,33,1,1
743,127,6,0,0,0.0,0.0026917900403768506,0,0,0,0,0,0,0,0,0.014804845222072678,0,0,0,0
1722,290,19,4,1,0.0,0.04645760743321719,0,0,0,0,0,0,0,0,0.05574912891986063,1,5,0,0
7051,1144,109,2,2,0.0,0.017444334137001843,0,0,0,0,0,0,0,1,0.06353708693802297,11,15,0,0
1308,206,3,0,0,0.0,0.009174311926605505,0,0,0,0,0,0,0,0,0.027522935779816515,0,0,0,0
4026,654,30,0,0,0.0,0.007451564828614009,0,0,0,0,1,0,0,0,0.01689021361152509,3,5,0,0
817,130,5,0,0,0.0,0.017135862913096694,0,0,0,0,0,0,1,0,0.025703794369645042,1,2,0,0
937,153,10,0,2,0.0,0.0768409818569904,0,0,0,0,0,0,0,0,0.0832443970117396,0,2,0,0
1562,264,25,0,1,0.054098360655737705,0.014084507042253521,3,0,0,0,0,0,0,1,0.03137003841229193,0,1,1,0
484,80,5,0,1,0.0,0.0,0,0,0,0,0,0,0,0,0.02066115702479339,3,2,0,0
260,47,2,0,0,0.0,0.0,0,0,0,0,0,0,0,0,0.026923076923076925,0,0,0,0
752,119,8,0,0,0.0,0.057180851063829786,0,0,0,0,0,0,2,0,0.08377659574468085,2,2,0,0
678,116,15,3,2,0.0,0.035398230088495575,0,0,0,0,0,0,0,0,0.045722713864306784,3,3,0,0
1777,309,43,0,0,0.0,0.04108047270680923,0,0,0,0,0,0,1,0,0.05852560495216657,1,2,0,0
1892,332,17,0,0,0.0,0.013742071881606765,0,0,0,0,0,0,3,0,0.021141649048625793,5,6,0,0
2421,429,35,8,0,0.0,0.021891780256092525,0,0,0,0,0,0,10,0,0.03676166873192895,0,3,0,0
1437,243,12,0,0,0.0,0.0006958942240779402,0,0,0,0,0,0,0,0,0.013221990257480862,1,0,0,0
2940,497,17,0,0,0.0,0.009863945578231292,0,0,0,0,0,0,0,0,0.023809523809523808,2,6,0,0
310,53,4,0,0,0.0,0.04516129032258064,0,0,0,0,0,1,0,0,0.025806451612903226,0,0,0,0
1116,191,12,1,1,0.0,0.021505376344086023,0,0,0,0,0,0,0,0,0.042114695340501794,0,6,0,0
861,145,11,0,0,0.0,0.010452961672473868,0,0,0,0,0,0,0,0,0.03948896631823461,0,0,0,0
37,4,1,1,0,0.0,0.0,0,0,0,0,0,0,0,0,0.02702702702702703,1,1,0,0
244,47,9,0,1,0.0,0.10655737704918032,0,0,0,0,0,0,0,0,0.045081967213114756,0,0,0,0
1052,170,8,0,0,0.0,0.0,0,0,0,0,0,1,0,0,0.019961977186311788,2,1,0,0
1874,267,11,0,0,0.0,0.0064034151547491995,0,0,0,0,0,1,0,0,0.023479188900747065,3,2,0,0
433,79,7,0,1,0.0,0.0023094688221709007,0,0,0,0,0,1,0,0,0.04157043879907621,1,0,0,0
20307,3314,157,2,3,0.0,0.026099374599891662,0,0,0,0,0,0,15,1,0.026247106908947652,20,20,0,0
27,5,1,0,0,0.10526315789473684,0.0,0,0,0,0,0,0,0,0,0.07407407407407407,0,0,0,0
2150,331,19,0,0,0.0,0.024651162790697675,0,0,0,0,0,0,2,0,0.02558139534883721,2,1,0,0
2128,367,19,0,1,0.0,0.0014097744360902255,0,0,0,0,1,0,0,0,0.02443609022556391,0,13,0,0
1342,224,20,0,7,0.0,0.0,0,0,0,0,0,0,0,0,0.02384500745156483,1,1,0,0
86,16,1,0,0,0.0,0.11627906976744186,0,0,0,0,1,0,0,0,0.046511627906976744,0,0,0,0
249,36,2,0,0,0.0,0.0,0,0,0,0,1,0,0,0,0.020080321285140562,0,0,0,0
125,28,3,0,1,0.0,0.032,0,0,0,0,0,0,0,0,0.032,1,1,0,0
653,101,3,0,0,0.0,0.013782542113323124,0,0,0,0,0,0,0,0,0.0444104134762634,0,2,0,0
1740,272,19,0,0,0.05644481887110362,0.004022988505747126,2,1,1,1,0,0,0,1,0.1413793103448276,1,1,0,1
2057,353,19,0,2,0.0,0.013125911521633447,0,0,0,0,0,0,0,0,0.023821098687408847,2,3,0,0
3485,590,21,0,1,0.0,0.058823529411764705,0,0,0,0,0,0,0,0,0.06513629842180775,1,19,0,0
1584,270,18,0,0,0.0,0.0,0,0,0,0,0,0,0,0,0.016414141414141416,0,0,0,0
1089,164,20,2,0,0.0,0.04040404040404041,0,0,0,0,0,0,0,0,0.07897153351698806,0,2,0,0
597,95,6,0,0,0.0,0.01675041876046901,0,0,0,0,0,0,0,0,0.020100502512562814,0,0,0,0
907,144,13,2,0,0.0,0.02866593164277839,0,0,0,0,1,0,0,0,0.044101433296582136,0,0,0,0
2029,320,19,0,1,0.0,0.024149827501232134,0,0,0,0,0,0,0,2,0.05470675209462789,1,0,0,0
6133,829,149,0,0,0.0,0.009130931028860265,0,0,0,0,1,0,0,0,0.051850644056742216,3,5,0,0
410,70,12,1,0,0.0,0.1048780487804878,0,0,0,0,0,0,0,0,0.046341463414634146,0,0,0,0
1991,312,26,3,1,0.0,0.027122049221496736,0,0,0,0,0,0,0,0,0.05474635861376193,1,3,0,0
127,23,2,0,0,0.0,0.0,0,0,0,0,0,0,0,0,0.015748031496062992,0,0,0,0
336,47,4,0,0,0.0,0.0,0,0,0,0,0,0,0,0,0.03273809523809524,1,0,0,0
1263,219,14,0,0,0.0,0.013460015835312747,0,0,0,0,0,0,0,0,0.030087094220110848,1,6,0,0
289,41,7,0,1,0.0,0.02768166089965398,0,0,0,0,0,0,0,0,0.058823529411764705,2,2,0,0
415,56,8,0,0,0.0,0.06506024096385542,0,0,0,0,1,0,0,0,0.1710843373493976,0,0,0,0
750,119,14,0,0,0.0,0.012,0,0,0,0,0,0,0,0,0.029333333333333333,3,2,0,0
673,110,6,0,0,0.0,0.020802377414561663,0,0,0,0,0,0,0,0,0.04606240713224369,0,0,0,0
1310,206,38,3,0,0.0,0.01984732824427481,0,0,0,0,0,0,0,0,0.04885496183206107,3,5,0,0
3403,536,47,14,0,0.1046200840015273,0.010872759330002939,2,2,0,0,1,2,7,0,0.06288568909785483,15,7,0,1
611,93,10,0,0,0.0,0.057283142389525366,0,0,0,0,0,0,0,0,0.03764320785597381,2,2,0,0
1483,235,15,0,3,0.0,0.006068779501011463,0,0,0,0,1,0,0,0,0.045178691840863115,1,3,0,0
1244,213,11,0,0,0.0,0.04903536977491962,0,0,0,0,0,0,0,0,0.028938906752411574,0,1,0,0
455,64,1,0,1,0.0,0.05274725274725275,0,0,0,0,0,0,0,0,0.12747252747252746,0,0,0,0
1321,214,15,0,0,0.0,0.02043906131718395,0,0,0,0,0,0,0,1,0.028009084027252083,0,1,0,0
729,116,8,0,0,0.0,0.02606310013717421,0,0,0,0,1,0,0,0,0.04663923182441701,0,0,0,0
2056,294,5,0,0,0.0,0.0,0,0,0,0,0,0,0,0,0.01264591439688716,10,10,0,0
457,66,7,0,2,0.0,0.01312910284463895,0,0,0,0,0,0,0,0,0.037199124726477024,0,0,0,0
285,49,3,0,0,0.0,0.0,0,0,0,0,0,0,0,0,0.021052631578947368,0,0,0,0
465,74,5,1,1,0.0,0.03655913978494624,0,0,0,0,0,0,0,0,0.060215053763440864,0,0,0,0
579,74,13,3,0,0.038560411311053984,0.0,3,1,0,0,0,0,0,0,0.22107081174438686,3,0,1,1
606,101,16,0,5,0.0,0.039603960396039604,0,0,0,0,0,0,0,1,0.0462046204620462,0,0,0,0
321,56,5,0,1,0.0,0.03426791277258567,0,0,0,0,0,0,0,0,0.021806853582554516,1,1,0,0
213,36,5,1,0,0.0,0.0,0,0,0,0,0,0,0,0,0.028169014084507043,0,0,0,0
205,33,2,1,0,0.0,0.014634146341463415,0,0,0,0,0,0,0,0,0.03414634146341464,0,0,0,0
5033,868,38,1,2,0.0,0.04371150407311743,0,0,0,0,0,0,0,0,0.039936419630439104,0,6,0,0
1186,200,10,0,0,0.0,0.00505902192242833,0,0,0,0,0,0,0,0,0.016863406408094434,2,2,0,0
201,43,1,0,0,0.0,0.0945273631840796,0,0,0,0,0,0,0,0,0.04975124378109453,0,0,0,0
161,29,1,0,0,0.0,0.11180124223602485,0,0,0,0,0,0,0,0,0.024844720496894408,0,0,0,0
168,26,3,0,0,0.0,0.08333333333333333,0,0,0,0,0,0,0,0,0.05357142857142857,0,0,0,0
775,129,9,3,0,0.0,0.02838709677419355,0,0,0,0,0,0,0,0,0.04645161290322581,0,0,0,0
282,55,3,0,1,0.0,0.09219858156028368,0,0,0,0,0,0,0,0,0.03546099290780142,0,3,0,0
2118,357,23,1,1,0.07123098201936376,0.016052880075542966,2,2,2,1,0,1,0,0,0.08687440982058546,3,4,0,1
657,108,5,0,0,0.0,0.0243531202435312,0,0,0,0,0,0,0,0,0.0289193302891933,1,4,0,0
158,35,1,0,0,0.08163265306122448,0.14556962025316456,0,0,0,0,0,0,0,2,0.0189873417721519,0,0,0,1
1453,234,18,0,0,0.0,0.04679972470750172,0,0,0,0,1,0,0,0,0.047487955953200274,1,2,0,0
905,139,14,0,0,0.0,0.143646408839779,0,0,0,0,0,0,0,0,0.09281767955801105,0,1,0,0
348,63,8,0,0,0.0,0.0028735632183908046,0,0,0,0,0,0,0,0,0.040229885057471264,0,1,0,0
632,96,9,3,0,0.0,0.04272151898734177,0,0,0,0,1,0,0,1,0.07278481012658228,0,0,0,0
571,105,10,1,2,0.0,0.0,0,0,0,0,0,0,0,0,0.03852889667250438,1,1,0,0
4614,767,45,0,0,0.0,0.004334633723450368,0,0,0,0,1,0,2,0,0.0247074122236671,3,7,0,0
1890,335,17,0,0,0.0,0.0328042328042328,0,0,0,0,0,0,3,0,0.020105820105820106,8,10,0,0
288,53,6,0,1,0.0,0.0,0,0,0,0,0,0,0,0,0.034722222222222224,0,0,0,0
2340,432,31,0,1,0.0,0.010256410256410256,0,0,0,0,0,0,0,0,0.022222222222222223,2,3,0,0
2980,464,30,0,4,0.0,0.016107382550335572,0,0,0,0,0,0,0,0,0.024161073825503355,2,2,0,0
260,47,8,0,0,0.0,0.026923076923076925,0,0,0,0,0,0,0,0,0.03461538461538462,0,0,0,0
545,99,4,0,0,0.0,0.08990825688073395,0,0,0,0,0,0,0,0,0.04036697247706422,3,2,0,0
4377,703,27,0,0,0.0,0.0,0,0,0,0,0,3,0,0,0.011880283299063285,4,2,0,0
2534,396,49,4,17,0.0,0.014601420678768745,0,0,0,0,0,0,0,0,0.042620363062352014,8,8,0,0
2399,433,44,5,3,0.0,0.07919966652771988,0,0,0,0,0,0,12,0,0.05543976656940392,0,16,0,0
62,9,2,0,0,0.0,0.0,0,0,0,0,1,0,0,0,0.04838709677419355,0,0,0,0
726,106,3,0,1,0.0,0.03305785123966942,0,0,0,0,0,0,0,0,0.08402203856749312,0,0,0,0
3094,537,48,0,2,0.0,0.01906916612798966,0,0,0,0,1,0,9,0,0.04330963154492566,0,1,0,0
1014,154,31,8,2,0.08307692307692308,0.009861932938856016,6,1,1,1,0,3,0,0,0.17357001972386588,1,1,1,1
1178,200,20,7,4,0.15384615384615385,0.012733446519524618,0,0,0,0,0,0,0,0,0.029711375212224108,1,5,0,0
2467,391,19,0,0,0.0,0.006890960680989056,0,0,0,0,0,0,0,0,0.02837454398054317,3,3,0,0
2003,326,56,0,0,0.0,0.01347978032950574,0,0,0,0,0,0,3,0,0.0619071392910634,1,3,0,0
826,156,13,0,2,0.0,0.03026634382566586,0,0,0,0,0,0,0,0,0.039951573849878935,1,2,0,0
2848,443,15,0,0,0.0,0.02282303370786517,0,0,0,0,1,0,0,0,0.05442415730337079,2,4,0,0
352,46,1,0,0,0.0,0.07670454545454546,0,0,0,0,0,0,0,0,0.15625,0,0,0,0
566,108,2,0,0,0.0,0.030035335689045935,0,0,0,0,0,0,0,0,0.012367491166077738,1,2,0,0
73,12,2,0,0,0.0,0.0,0,0,0,0,0,0,0,0,0.0547945205479452,0,0,0,0
83,13,1,0,0,0.0,0.0,0,0,0,0,1,0,0,0,0.012048192771084338,0,0,0,0
840,156,3,0,0,0.0,0.034523809523809526,0,0,0,0,0,0,0,0,0.017857142857142856,1,2,0,0
3160,535,24,0,0,0.0,0.013291139240506329,0,0,0,0,1,1,0,1,0.021518987341772152,2,4,0,0
276,47,4,0,2,0.0,0.0,0,0,0,0,1,0,0,0,0.014492753623188406,0,0,0,0
196,38,3,0,0,0.0,0.0,0,0,0,0,0,0,0,0,0.02040816326530612,0,2,0,0
5045,818,39,0,2,0.0,0.0031714568880079285,0,0,0,0,1,0,0,0,0.01823587710604559,9,13,0,0
1358,221,36,3,2,0.0,0.09425625920471281,0,0,0,0,0,0,2,1,0.07290132547864507,1,3,0,1
3874,636,28,0,8,0.0,0.068921011874032,0,0,0,0,0,0,0,0,0.06969540526587506,1,4,0,0
1959,331,27,3,0,0.0,0.013272077590607452,0,0,0,0,0,1,0,0,0.027565084226646247,11,10,0,0
1325,215,15,0,0,0.0,0.0430188679245283,0,0,0,0,0,0,4,0,0.05584905660377359,1,4,0,0
1310,192,37,0,0,0.0,0.021374045801526718,0,0,0,0,0,0,0,0,0.03740458015267176,3,4,0,0
3484,570,27,0,1,0.0,0.01750861079219288,0,0,0,0,1,0,0,0,0.048507462686567165,0,8,0,0
1022,161,2,0,0,0.0,0.21428571428571427,0,0,0,0,0,0,0,2,0.06653620352250489,0,0,0,0
712,125,8,0,0,0.0,0.06320224719101124,0,0,0,0,0,0,0,0,0.033707865168539325,1,2,0,0
193,38,2,1,0,0.0,0.015544041450777202,0,0,0,0,0,0,0,0,0.031088082901554404,0,0,0,0
833,141,8,0,0,0.0,0.0024009603841536613,0,0,0,0,0,0,0,0,0.015606242496998799,0,1,0,0
133,21,1,0,0,0.00909090909090909,0.0,0,0,0,0,0,0,0,0,0.015037593984962405,0,0,0,0
2352,387,20,0,0,0.0,0.011479591836734694,0,0,0,0,0,3,0,0,0.027636054421768707,5,5,0,0
3296,566,25,0,2,0.0,0.03519417475728155,0,0,0,0,0,0,0,0,0.034890776699029125,3,6,0,0
3182,516,35,9,3,0.0,0.039597737272155875,0,0,0,0,0,0,1,0,0.056568196103079824,0,1,0,0
3662,539,6,0,0,0.0,0.015565264882577826,0,0,0,0,0,0,0,0,0.04997269251774986,1,3,0,0
298,58,5,0,1,0.0,0.006711409395973154,0,0,0,0,0,0,0,0,0.02348993288590604,0,5,0,0
294,36,1,0,0,0.0,0.08843537414965986,0,0,0,0,1,0,0,0,0.19387755102040816,0,0,0,0
4102,657,48,0,0,0.0,0.029741589468551925,0,0,0,0,0,0,0,0,0.0553388590931253,2,5,0,0
365,60,3,0,0,0.0,0.08493150684931507,0,0,0,0,0,0,0,0,0.024657534246575342,0,0,0,0
1432,248,18,0,0,0.0,0.020251396648044692,0,0,0,0,0,0,1,0,0.02653631284916201,1,3,0,0
641,90,2,0,1,0.0,0.0374414976599064,0,0,0,0,0,0,0,0,0.093603744149766,0,0,0,0
1613,284,20,0,0,0.0,0.011779293242405457,0,0,0,0,0,0,0,0,0.04277743335399876,1,2,0,0
1563,236,11,1,0,0.0,0.03966730646193218,0,0,0,0,1,0,0,0,0.08445297504798464,0,1,0,0
1877,337,23,0,1,0.03652653342522398,0.0031965903036760787,1,2,0,0,0,0,0,0,0.02290889717634523,8,6,0,0
1347,191,13,1,2,0.0,0.054194506310319225,0,0,0,0,0,0,0,0,0.12026726057906459,0,0,0,0
1753,291,29,0,16,0.0,0.01825442099258414,0,0,0,0,0,0,0,0,0.027952082144894468,2,3,0,0
1283,186,29,0,2,0.06718346253229975,0.042868277474668745,4,1,0,0,0,1,0,3,0.1480904130943102,1,2,1,1
69,11,1,0,0,0.0,0.0,0,0,0,0,0,0,0,0,0.014492753623188406,0,0,0,0
1212,211,20,0,0,0.0,0.04207920792079208,0,0,0,0,0,0,0,0,0.039603960396039604,0,3,0,0
2007,279,17,1,0,0.0,0.004484304932735426,0,0,0,0,1,0,0,0,0.0802192326856004,0,2,0,0
459,73,4,0,0,0.0,0.030501089324618737,0,0,0,0,0,0,0,0,0.05228758169934641,0,0,0,0
1856,313,14,0,0,0.0,0.00646551724137931,0,0,0,0,0,0,0,0,0.017780172413793104,1,1,0,0
2651,459,23,0,3,0.0,0.08600528102602792,0,0,0,0,0,0,0,0,0.08298755186721991,1,10,0,0
4768,775,45,3,0,0.0,0.005662751677852349,0,0,0,0,1,4,0,0,0.02139261744966443,4,12,0,0
838,147,7,0,1,0.0,0.002386634844868735,0,0,0,0,0,0,0,0,0.01909307875894988,0,1,0,0
2286,330,24,0,1,0.0,0.011811023622047244,0,0,0,0,1,0,0,0,0.03849518810148731,0,4,0,0
218,43,4,1,0,0.0,0.022935779816513763,0,0,0,0,0,0,0,0,0.03669724770642202,0,0,0,0
612,137,1,0,0,0.0,0.5245098039215687,0,0,0,0,0,0,0,17,0.0032679738562091504,0,0,0,0
545,90,12,0,1,0.0,0.047706422018348627,0,0,0,0,0,0,2,0,0.04954128440366973,0,1,0,0
217,42,5,0,0,0.0,0.041474654377880185,0,0,0,0,0,0,0,0,0.03686635944700461,0,1,0,0
356,69,12,0,0,0.0,0.10674157303370786,0,0,0,0,1,0,0,0,0.07303370786516854,0,0,0,0
240,25,1,0,0,0.0,0.0,0,0,0,0,0,0,0,0,0.020833333333333332,0,0,0,0
106,20,1,0,0,0.0,0.16981132075471697,0,0,0,0,0,0,0,0,0.04716981132075472,0,1,0,0
177,34,5,0,0,0.0,0.022598870056497175,0,0,0,0,0,0,1,0,0.02824858757062147,1,2,0,0
4519,752,43,3,6,0.0,0.005310909493250719,0,0,0,0,0,0,0,0,0.02810356273511839,3,4,0,0
1071,201,7,0,0,0.0,0.012138188608776844,0,0,0,0,0,0,0,0,0.01027077497665733,0,0,0,0
131,22,2,0,0,0.0,0.0,0,0,0,0,0,0,0,0,0.022900763358778626,0,1,0,0
187,36,1,0,0,0.0,0.2192513368983957,0,0,0,0,0,0,0,0,0.06417112299465241,0,0,0,1
1194,197,10,0,0,0.0,0.010887772194304857,0,0,0,0,0,0,0,0,0.02931323283082077,1,1,0,0
31817,3628,1204,3,0,0.0,0.009711789295030958,0,0,0,0,0,0,0,0,0.07357701857497564,8,11,0,1
454,78,9,0,0,0.0,0.05506607929515418,0,0,0,0,1,0,0,0,0.046255506607929514,3,2,0,0
332,65,4,1,1,0.031746031746031744,0.0,1,0,0,0,1,0,0,0,0.030120481927710843,0,1,0,0
558,104,10,0,0,0.0,0.08602150537634409,0,0,0,0,0,0,0,0,0.034050179211469536,0,0,0,0
4150,639,38,3,1,0.0,0.0074698795180722895,0,0,0,0,0,0,0,0,0.02963855421686747,11,10,0,0
1793,271,12,0,1,0.0,0.021193530395984383,0,0,0,0,0,0,0,0,0.05911879531511433,0,1,0,0
239,40,2,0,0,0.06217616580310881,0.0,1,0,0,0,0,0,0,0,0.02092050209205021,0,1,0,0
233,43,3,0,1,0.0,0.0,0,0,0,0,1,0,0,0,0.02575107296137339,0,0,0,0
5739,899,48,4,0,0.0,0.013939710751001916,0,0,0,0,1,0,13,0,0.0247429865830284,3,2,0,0
3555,610,27,0,4,0.0,0.021659634317862168,0,0,0,0,1,0,0,0,0.05147679324894515,0,3,0,0
1391,244,20,0,1,0.05416248746238716,0.015815959741193385,2,3,0,0,0,0,0,1,0.03450754852624011,1,3,0,1
1541,240,17,0,0,0.0,0.010382868267358857,0,0,0,0,0,0,0,0,0.01752109020116807,0,1,0,0
258,43,5,1,0,0.0,0.06589147286821706,0,0,0,0,0,0,0,0,0.046511627906976744,0,0,0,0
711,119,8,0,0,0.0,0.01828410689170183,0,0,0,0,0,0,0,0,0.02390998593530239,1,1,0,0
1207,229,17,1,0,0.0,0.0,0,0,0,0,0,1,0,0,0.03231151615575808,1,0,0,0
5688,722,57,0,0,0.0,0.0,0,0,0,0,0,0,0,0,0.057665260196905765,3,5,0,0
564,89,16,0,0,0.0,0.008865248226950355,0,0,0,0,1,0,0,0,0.051418439716312055,0,2,0,0
2845,436,17,0,1,0.0,0.015817223198594025,0,0,0,0,1,0,0,0,0.03163444639718805,5,6,0,0
584,109,9,0,0,0.0,0.08047945205479452,0,0,0,0,0,0,0,0,0.03424657534246575,0,3,0,0
2053,305,24,0,0,0.0,0.04529956161714564,0,0,0,0,0,0,0,0,0.07452508524111057,3,3,0,0
446,78,13,0,0,0.0,0.02466367713004484,0,0,0,0,0,0,1,0,0.04035874439461883,0,1,0,0
1191,177,12,0,0,0.0,0.052057094878253565,0,0,0,0,1,0,0,0,0.0436607892527288,2,2,0,0
138,24,2,0,0,0.0,0.014492753623188406,0,0,0,0,0,0,0,0,0.028985507246376812,0,0,0,0
715,119,9,0,0,0.0,0.0,0,0,0,0,1,0,0,0,0.025174825174825177,0,1,0,0
495,82,4,0,0,0.0,0.00404040404040404,0,0,0,0,0,0,0,0,0.010101010101010102,0,1,0,0
197,33,2,0,0,0.0,0.015228426395939087,0,0,0,0,0,0,0,0,0.1319796954314721,0,0,0,0
1465,253,21,3,1,0.0,0.00477815699658703,0,0,0,0,0,2,1,0,0.021843003412969283,8,6,0,0
1858,305,20,3,1,0.07568653717347622,0.012917115177610334,1,5,0,0,0,2,0,1,0.021528525296017224,4,7,0,0
966,150,8,0,0,0.0,0.031055900621118012,0,0,0,0,1,1,2,0,0.052795031055900624,5,4,0,0
2273,346,26,3,1,0.0,0.0365156181258249,0,0,0,0,0,0,0,3,0.028156621205455347,18,26,0,0
192,40,2,1,0,0.0,0.0,0,0,0,0,0,0,0,0,0.041666666666666664,0,1,0,0
1746,247,11,0,0,0.0,0.05670103092783505,0,0,0,0,1,0,0,0,0.06872852233676977,1,3,0,0
101,18,1,0,0,0.0,0.22772277227722773,0,0,0,0,0,0,0,0,0.019801980198019802,0,0,0,1
147,25,2,0,0,0.0,0.006802721088435374,0,0,0,0,0,0,0,0,0.013605442176870748,0,0,0,0
738,112,4,0,0,0.0,0.07046070460704607,0,0,0,0,1,0,0,0,0.0975609756097561,0,2,0,0
171,28,2,0,0,0.0,0.0,0,0,0,0,0,0,0,0,0.017543859649122806,0,0,0,0
4282,429,22,0,1,0.0,0.07356375525455394,0,0,0,0,1,0,0,0,0.18706212050443718,1,2,0,0
7104,1061,54,1,1,0.0,0.006897522522522522,0,0,0,0,0,0,1,0,0.023367117117117118,13,9,0,0
643,111,11,0,1,0.0,0.05132192846034215,0,0,0,0,0,0,2,0,0.03110419906687403,0,1,0,0
261,44,4,0,0,0.0,0.12643678160919541,0,0,0,0,1,0,0,0,0.06130268199233716,1,1,0,0
9109,1403,72,0,0,0.0,0.004610824459325941,0,0,0,0,0,0,1,0,0.019211768580524757,5,4,0,0
1829,277,12,0,0,0.0,0.03827227993439038,0,0,0,0,0,0,0,0,0.0519409513395298,3,3,0,0
1117,193,3,0,0,0.0,0.010743061772605193,0,0,0,0,1,0,0,0,0.018800358102059087,3,11,0,0
318,62,5,0,1,0.0,0.14779874213836477,0,0,0,0,0,0,0,0,0.05660377358490566,0,0,0,0
460,82,3,0,0,0.0,0.02608695652173913,0,0,0,0,1,1,0,0,0.02608695652173913,0,2,0,0
54,8,2,2,0,0.0,0.0,0,0,0,0,0,0,0,0,0.07407407407407407,0,0,0,0
1703,311,18,1,0,0.0,0.0011743981209630064,0,0,0,0,0,0,0,0,0.026423957721667644,1,3,0,0
443,72,7,0,0,0.0,0.09480812641083522,0,0,0,0,0,0,1,0,0.05191873589164785,0,1,0,0
1455,245,18,0,0,0.0,0.008247422680412371,0,0,0,0,0,0,0,0,0.029553264604810996,4,6,0,0
816,143,18,0,0,0.0,0.1090686274509804,0,0,0,0,0,0,0,0,0.06004901960784314,0,0,0,0
154,24,2,0,0,0.0,0.0,0,0,0,0,1,0,0,0,0.025974025974025976,0,1,0,0
3687,629,29,0,0,0.0,0.003797125033902902,0,0,0,0,0,0,0,0,0.014917276918904258,1,5,0,0
166,32,2,1,0,0.0,0.08433734939759036,0,0,0,0,0,0,0,0,0.04216867469879518,0,0,0,0
1634,252,18,0,1,0.0,0.01835985312117503,0,0,0,0,0,0,0,0,0.052019583843329255,1,1,0,0
904,149,7,2,0,0.0,0.02654867256637168,0,0,0,0,0,0,2,0,0.0420353982300885,3,6,0,0
419,95,1,0,0,0.0,0.03341288782816229,0,0,0,0,0,0,0,0,0.007159904534606206,0,0,0,0
987,167,8,0,0,0.0,0.03343465045592705,0,0,0,0,1,0,0,1,0.022289766970618033,1,1,0,0
993,172,10,0,0,0.0,0.006042296072507553,0,0,0,0,0,0,0,0,0.01812688821752266,0,0,0,0
6680,1052,48,0,8,0.0,0.004940119760479042,0,0,0,0,1,0,2,0,0.01991017964071856,3,11,0,0
445,65,3,0,0,0.0,0.0696629213483146,0,0,0,0,0,0,2,0,0.1348314606741573,0,0,0,0
884,208,11,2,0,0.0,0.0,0,0,0,0,0,0,0,0,0.1436651583710407,1,3,0,0
2751,458,23,0,0,0.0,0.011632133769538349,0,0,0,0,0,0,2,0,0.03925845147219193,1,0,0,0
666,137,1,0,0,0.0,0.5255255255255256,0,0,0,0,0,0,0,23,0.006006006006006006,0,0,0,0
176,33,2,0,0,0.0,0.0,0,0,0,0,0,0,0,0,0.022727272727272728,0,1,0,0
258,48,3,0,0,0.0,0.0,0,0,0,0,0,0,0,0,0.01937984496124031,0,1,0,0
1382,220,12,0,0,0.0,0.057163531114327065,0,0,0,0,0,0,0,0,0.0694645441389291,0,3,0,0
608,98,14,0,0,0.0,0.06414473684210527,0,0,0,0,0,0,0,0,0.11677631578947369,0,1,0,0
737,145,9,2,0,0.0,0.0,0,0,0,0,0,0,0,0,0.016282225237449117,3,4,0,0
221,40,5,0,0,0.0,0.03167420814479638,0,0,0,0,0,0,0,0,0.03167420814479638,0,0,0,0
1144,167,5,0,0,0.0,0.02097902097902098,0,0,0,0,0,0,0,0,0.057692307692307696,1,1,0,0
978,168,3,1,2,0.0,0.002044989775051125,0,0,0,0,0,0,0,0,0.014314928425357873,0,1,0,0
542,92,11,0,0,0.0,0.06457564575645756,0,0,0,0,0,0,0,0,0.055350553505535055,0,0,0,0
1861,306,10,1,0,0.0,0.05749596990865126,0,0,0,0,0,0,0,3,0.02955400322407308,1,3,0,0
1324,243,14,0,3,0.0,0.010574018126888218,0,0,0,0,0,0,0,0,0.03700906344410876,2,6,0,0
846,138,9,0,0,0.0,0.02364066193853428,0,0,0,0,1,0,0,0,0.027186761229314422,3,3,0,0
1955,346,26,0,5,0.04445919044459191,0.007161125319693095,1,2,0,0,0,0,0,0,0.04143222506393862,1,4,0,0
735,104,9,1,0,0.0,0.02857142857142857,0,0,0,0,1,0,5,0,0.05170068027210884,0,0,0,0
930,143,14,0,0,0.0,0.07741935483870968,0,0,0,0,0,0,0,0,0.08709677419354839,0,1,0,0
1485,248,24,0,7,0.0,0.03636363636363636,0,0,0,0,0,0,4,0,0.04040404040404041,3,2,0,0
1540,226,19,0,0,0.0,0.00909090909090909,0,0,0,0,1,0,0,0,0.033766233766233764,0,0,0,0
717,109,12,0,0,0.0,0.02510460251046025,0,0,0,0,1,0,0,0,0.03207810320781032,1,0,0,0
140,23,2,0,0,0.0,0.10714285714285714,0,0,0,0,1,0,0,0,0.05,0,1,0,0
139,24,3,0,0,0.0,0.0,0,0,0,0,1,0,0,0,0.02158273381294964,0,1,0,0
437,75,10,1,0,0.0,0.038901601830663615,0,0,0,0,0,0,0,0,0.038901601830663615,0,1,0,0
2250,445,13,0,0,0.0,0.22577777777777777,0,0,0,0,0,0,13,0,0.06,0,6,0,0
1264,224,10,0,0,0.0,0.05458860759493671,0,0,0,0,0,0,0,0,0.06329113924050633,0,3,0,0
1428,232,11,0,0,0.0,0.0,0,0,0,0,0,0,0,0,0.014005602240896359,0,4,0,0
634,100,2,0,0,0.0,0.007886435331230283,0,0,0,0,0,0,0,0,0.02365930599369085,1,1,0,0
1239,203,12,0,1,0.0,0.008071025020177562,0,0,0,0,0,0,0,0,0.022598870056497175,0,0,0,0
2265,348,27,2,2,0.0,0.026931567328918323,0,0,0,0,1,0,54,3,0.029580573951434878,7,11,0,1
131,27,2,0,0,0.0,0.022900763358778626,0,0,0,0,0,0,0,0,0.030534351145038167,0,2,0,0
1024,173,4,0,0,0.0,0.0908203125,0,0,0,0,0,0,0,0,0.0732421875,2,1,0,0
1965,285,17,4,0,0.0,0.015267175572519083,0,0,0,0,0,1,0,1,0.02391857506361323,6,7,0,0
3679,649,30,16,5,0.12554112554112554,0.03044305517803751,0,0,0,0,0,1,3,0,0.02989942919271541,23,21,0,0
401,67,8,1,1,0.0,0.02493765586034913,0,0,0,0,0,0,1,0,0.034912718204488775,1,1,0,0
3296,489,23,0,0,0.0,0.015776699029126214,0,0,0,0,0,0,0,0,0.04247572815533981,4,11,0,0
1840,286,12,0,0,0.0,0.05,0,0,0,0,1,0,1,2,0.05543478260869565,4,12,0,0
167,27,3,0,0,0.0,0.0,0,0,0,0,1,0,0,0,0.017964071856287425,1,1,0,0
232,41,3,0,0,0.0,0.008620689655172414,0,0,0,0,0,0,0,0,0.04310344827586207,0,0,0,0
514,89,6,0,0,0.0,0.005836575875486381,0,0,0,0,1,0,0,0,0.02529182879377432,0,0,0,0
832,125,13,2,1,0.0925589836660617,0.010817307692307692,2,2,0,0,0,2,0,0,0.171875,2,2,0,1
517,73,3,0,0,0.0,0.10831721470019343,0,0,0,0,0,0,0,0,0.12959381044487428,0,0,0,0
978,155,17,2,3,0.0,0.006134969325153374,0,0,0,0,1,0,0,0,0.02965235173824131,0,1,0,0
480,72,13,0,2,0.0,0.04791666666666667,0,0,0,0,1,0,0,0,0.075,1,1,0,0
143,23,2,0,0,0.0,0.06993006993006994,0,0,0,0,1,0,0,0,0.027972027972027972,0,1,0,0
84,16,1,0,0,0.0,0.0,0,0,0,0,0,0,0,0,0.011904761904761904,0,1,0,0
470,87,9,0,0,0.0,0.12978723404255318,0,0,0,0,0,0,5,0,0.027659574468085105,0,5,0,0
1529,252,23,3,0,0.0,0.017004578155657292,0,0,0,0,0,0,0,0,0.041203400915631135,3,5,0,0
297,50,3,0,1,0.0,0.07407407407407407,0,0,0,0,0,0,0,0,0.030303030303030304,0,1,0,0
3585,551,26,0,0,0.0,0.021478382147838215,0,0,0,0,1,0,4,0,0.04184100418410042,7,25,0,0
986,154,7,3,1,0.0,0.058823529411764705,0,0,0,0,0,0,0,0,0.07910750507099391,0,1,0,0
322,44,3,0,0,0.0,0.0,0,0,0,0,0,0,0,0,0.10559006211180125,0,0,0,0
2713,450,26,0,0,0.0,0.0269074824917066,0,0,0,0,0,0,4,0,0.021009952082565425,4,5,0,0
164,27,3,0,0,0.0,0.012195121951219513,0,0,0,0,0,0,0,0,0.024390243902439025,0,0,0,0
310,45,2,0,1,0.0,0.03225806451612903,0,0,0,0,1,0,0,0,0.07419354838709677,0,0,0,0
274,44,2,0,0,0.0,0.014598540145985401,0,0,0,0,1,0,0,0,0.025547445255474453,0,0,0,0
1171,150,6,0,0,0.0,0.059777967549103334,0,0,0,0,1,0,0,0,0.11955593509820667,0,0,0,0
579,94,5,0,0,0.0,0.03454231433506045,0,0,0,0,1,0,0,0,0.037996545768566495,0,0,0,0
2284,357,30,0,7,0.0,0.012259194395796848,0,0,0,0,0,0,0,0,0.028458844133099823,1,2,0,0
115,19,7,7,0,0.0,0.0,0,0,0,0,0,1,0,0,0.06086956521739131,1,1,0,0
1798,317,23,1,1,0.0,0.015016685205784204,0,0,0,0,1,0,0,0,0.04171301446051168,0,0,0,0
504,84,9,0,0,0.0,0.047619047619047616,0,0,0,0,0,0,2,0,0.047619047619047616,0,1,0,0
1377,240,12,2,1,0.0,0.04938271604938271,0,0,0,0,1,0,0,0,0.06172839506172839,0,2,0,0
238,35,4,3,1,0.0,0.0,0,0,0,0,0,1,0,0,0.01680672268907563,0,1,0,0
758,130,6,0,0,0.0,0.0,0,0,0,0,1,0,0,0,0.021108179419525065,3,3,0,0
1089,152,23,2,0,0.0,0.0881542699724518,0,0,0,0,0,0,0,0,0.13957759412304868,0,0,0,0
4844,717,48,0,0,0.0,0.015483071841453344,0,0,0,0,0,0,0,0,0.024566473988439308,6,7,0,0
1111,175,7,2,0,0.0,0.018901890189018902,0,0,0,0,0,3,1,0,0.018901890189018902,2,2,0,0
548,98,4,0,0,0.0,0.009124087591240875,0,0,0,0,0,0,0,0,0.010948905109489052,0,0,0,0
8746,1462,79,0,0,0.0,0.018522753258632518,0,0,0,0,0,0,1,0,0.020923850903270067,3,11,0,0
2130,323,42,0,0,0.0,0.12535211267605634,0,0,0,0,0,0,35,0,0.08309859154929577,0,1,0,0
1041,175,13,0,0,0.0,0.01729106628242075,0,0,0,0,0,0,0,0,0.025936599423631124,3,1,0,0
2414,414,18,2,0,0.0,0.008285004142502071,0,0,0,0,1,0,0,0,0.03935376967688484,1,2,0,0
439,80,4,0,1,0.0,0.02050113895216401,0,0,0,0,0,0,0,0,0.06378132118451026,0,0,0,0
137,24,2,0,0,0.0,0.0,0,0,0,0,0,0,0,0,0.021897810218978103,0,0,0,0
1481,190,16,0,0,0.0,0.04186360567184335,0,0,0,0,0,0,0,0,0.1289669142471303,1,1,0,0
235,41,2,0,0,0.0,0.01702127659574468,0,0,0,0,0,0,0,0,0.02553191489361702,0,0,0,0
2145,365,27,1,1,0.0,0.026573426573426574,0,0,0,0,0,0,1,0,0.02703962703962704,1,3,0,0
637,113,8,0,1,0.0,0.04552590266875981,0,0,0,0,0,0,0,0,0.04709576138147567,0,4,0,0
224,39,4,0,1,0.0,0.0,0,0,0,0,1,0,0,0,0.03571428571428571,0,0,0,0
1496,232,19,1,0,0.0,0.02406417112299465,0,0,0,0,1,0,0,0,0.030080213903743314,3,1,0,0
913,153,8,0,0,0.0,0.002190580503833516,0,0,0,0,1,0,0,0,0.01642935377875137,0,1,0,0
893,149,6,0,0,0.0,0.026875699888017916,0,0,0,0,0,0,0,0,0.0761478163493841,0,2,0,0
1260,191,13,0,0,0.0,0.04365079365079365,0,0,0,0,1,0,0,0,0.06666666666666667,1,1,0,0
127,23,1,0,0,0.0,0.09448818897637795,0,0,0,0,0,1,0,0,0.031496062992125984,1,0,0,0
4517,732,87,1,1,0.0,0.059552800531326104,0,0,0,0,0,0,0,0,0.08789019260571175,1,18,0,0
88,13,3,0,0,0.0,0.0,0,0,0,0,1,0,0,0,0.045454545454545456,0,0,0,0
492,81,5,0,0,0.0,0.0,0,0,0,0,0,0,0,0,0.016260162601626018,0,2,0,0
1080,181,16,0,1,0.0,0.001851851851851852,0,0,0,0,0,0,0,0,0.028703703703703703,0,0,0,0
604,103,6,0,1,0.0,0.0347682119205298,0,0,0,0,0,0,0,0,0.023178807947019868,0,1,0,0
172,30,5,0,0,0.05303030303030303,0.011627906976744186,1,0,0,0,0,0,0,0,0.05813953488372093,0,0,0,1
327,63,5,0,0,0.0,0.0,0,0,0,0,0,0,0,0,0.03058103975535168,0,0,0,0
65,12,1,0,0,0.1,0.0,0,0,0,0,0,0,0,0,0.03076923076923077,0,0,0,0
2443,413,31,1,6,0.0,0.06958657388456815,0,0,0,0,1,0,4,0,0.05157593123209169,0,12,0,0
1008,156,1,0,0,0.0,0.015873015873015872,0,0,0,0,0,0,0,0,0.028769841269841268,0,0,0,0
721,107,11,1,0,0.0,0.012482662968099861,0,0,0,0,0,0,0,0,0.056865464632454926,1,2,0,0
3756,636,72,0,16,0.0,0.010383386581469648,0,0,0,0,0,0,1,0,0.02875399361022364,10,7,0,1
232,37,3,0,0,0.0,0.0,0,0,0,0,1,0,0,0,0.02586206896551724,0,1,0,0
1197,193,15,0,1,0.0,0.05513784461152882,0,0,0,0,0,0,0,0,0.031746031746031744,1,2,0,0
1234,206,11,0,0,0.0,0.03808752025931929,0,0,0,0,0,0,0,0,0.06482982171799027,1,3,0,0
5653,963,48,1,0,0.0,0.00831416946753936,0,0,0,0,0,0,0,0,0.02812665841146294,1,7,0,0
280,43,3,0,0,0.0,0.0,0,0,0,0,0,0,0,0,0.02857142857142857,0,0,0,0
2772,492,28,3,0,0.0,0.05266955266955267,0,0,0,0,0,0,0,0,0.023809523809523808,1,19,0,0
442,75,4,2,0,0.0,0.04072398190045249,0,0,0,0,0,2,0,0,0.04524886877828054,1,1,0,0
2909,493,16,0,0,0.0,0.04915778618081815,0,0,0,0,0,0,6,0,0.04915778618081815,9,13,0,0
14147,2108,77,0,7,0.0,0.006644518272425249,0,0,0,0,0,0,0,2,0.030324450413515232,18,17,0,0
833,133,26,0,0,0.0,0.13445378151260504,0,0,0,0,0,0,0,0,0.05042016806722689,0,0,0,0
1589,288,13,0,0,0.0,0.005034612964128383,0,0,0,0,1,0,1,0,0.01762114537444934,1,4,0,0
721,130,8,1,0,0.0,0.016643550624133148,0,0,0,0,0,0,0,0,0.026352288488210817,1,2,0,0
530,101,5,0,0,0.053475935828877004,0.0660377358490566,1,0,0,0,0,0,0,0,0.045283018867924525,0,0,0,0
16187,2830,220,31,1,0.16701012454081177,0.02502007784024217,1,2,0,0,0,1,159,0,0.047939704701303515,27,28,0,1
18,3,1,0,0,0.0,0.0,0,0,0,0,0,0,0,0,0.05555555555555555,0,0,0,0
1443,230,11,0,0,0.0,0.02494802494802495,0,0,0,0,0,0,0,0,0.05682605682605683,1,3,0,0
803,138,14,0,0,0.0,0.0921544209215442,0,0,0,0,0,0,0,0,0.0647571606475716,0,0,0,0
774,137,8,0,0,0.054514480408858604,0.041343669250646,1,0,0,0,0,0,0,1,0.029715762273901807,0,0,0,0
818,126,9,2,0,0.0,0.013447432762836185,0,0,0,0,0,0,0,0,0.05623471882640587,0,1,0,0
2107,314,15,0,0,0.0,0.02800189843379212,0,0,0,0,0,0,0,0,0.08020882771713336,1,2,0,0
1021,168,10,0,1,0.0,0.01665034280117532,0,0,0,0,1,0,0,0,0.03721841332027424,2,3,0,0
722,104,7,0,0,0.0,0.09556786703601108,0,0,0,0,1,1,0,0,0.10110803324099724,0,1,0,0
932,143,3,0,0,0.0,0.06437768240343347,0,0,0,0,0,0,0,0,0.03862660944206009,1,1,0,0
866,134,24,0,0,0.0,0.12124711316397228,0,0,0,0,0,0,0,0,0.09699769053117784,0,0,0,0
5256,827,33,1,1,0.0,0.008561643835616438,0,0,0,0,0,0,3,0,0.018074581430745813,6,9,0,0
1578,286,55,0,17,0.0,0.0,0,0,0,0,0,0,0,0,0.051964512040557666,0,4,0,0
231,39,3,1,0,0.0,0.017316017316017316,0,0,0,0,0,0,0,0,0.025974025974025976,1,2,0,0
889,145,9,0,0,0.0,0.010123734533183352,0,0,0,0,0,0,0,0,0.0281214848143982,0,1,0,0
996,152,11,1,2,0.0,0.03112449799196787,0,0,0,0,0,0,0,0,0.060240963855421686,0,2,0,0
10865,1675,104,1,3,0.0,0.03460653474459273,0,0,0,0,0,0,9,0,0.03985273815002301,6,5,0,0
1024,187,16,0,1,0.0,0.04296875,0,0,0,0,0,0,5,0,0.0283203125,4,5,0,0
525,97,6,0,0,0.0,0.013333333333333334,0,0,0,0,0,0,0,0,0.015238095238095238,0,0,0,0
152,25,3,0,0,0.0,0.0,0,0,0,0,0,0,0,0,0.02631578947368421,1,3,0,0
6122,1002,52,0,0,0.0,0.01159751715125776,0,0,0,0,1,0,2,0,0.019764782750735056,1,2,0,0
717,109,2,0,0,0.0,0.10599721059972106,0,0,0,0,0,0,0,0,0.10320781032078104,0,0,0,1
727,119,10,1,0,0.0,0.0,0,0,0,0,0,1,0,0,0.033012379642365884,0,1,0,0
2783,482,26,0,1,0.0,0.021559468199784406,0,0,0,0,0,0,0,0,0.025871361839741286,1,2,0,0
416,79,8,2,0,0.0,0.06490384615384616,0,0,0,0,0,0,0,0,0.04807692307692308,0,0,0,0
697,110,7,0,1,0.0,0.02295552367288379,0,0,0,0,0,0,0,0,0.028694404591104734,0,0,0,0
4530,771,110,6,3,0.0,0.04392935982339956,0,0,0,0,0,0,1,0,0.04083885209713024,6,10,0,0
106,18,1,1,0,0.0,0.009433962264150943,0,0,0,0,0,0,0,0,0.018867924528301886,0,1,0,0
339,52,4,0,0,0.0,0.07964601769911504,0,0,0,0,0,0,0,1,0.032448377581120944,1,0,0,1
2604,403,18,0,0,0.0,0.027265745007680493,0,0,0,0,1,0,0,0,0.04608294930875576,0,4,0,0
439,60,3,0,0,0.0,0.02050113895216401,0,0,0,0,1,0,0,0,0.09111617312072894,0,0,0,0
822,151,11,0,0,0.0,0.057177615571776155,0,0,0,0,0,0,2,0,0.052311435523114354,0,7,0,0
1899,314,12,0,0,0.0,0.08214849921011058,0,0,0,0,0,0,14,0,0.016324381253291206,1,2,0,0
1273,201,15,3,0,0.0,0.03927729772191673,0,0,0,0,0,0,0,0,0.06912804399057344,0,0,0,0
311,47,10,0,1,0.0,0.03858520900321544,0,0,0,0,0,0,1,0,0.05466237942122187,0,0,0,0
2206,343,19,0,2,0.0,0.014959202175883953,0,0,0,0,0,0,0,0,0.048504079782411606,2,3,0,0
389,71,5,0,0,0.0,0.0,0,0,0,0,0,0,0,0,0.02570694087403599,0,2,0,0
7552,416,23,0,0,0.10154241645244216,0.10010593220338983,2,3,0,0,0,0,0,30,0.014300847457627119,1,2,0,1
1661,297,14,1,0,0.0,0.00963275135460566,0,0,0,0,0,0,0,0,0.03552077062010837,0,3,0,0
1453,227,10,0,0,0.0,0.008947006194081212,0,0,0,0,0,0,1,0,0.022711631108052306,1,2,0,0
884,150,6,0,0,0.0,0.011312217194570135,0,0,0,0,1,0,0,0,0.03733031674208145,0,0,0,0
343,53,5,0,0,0.0,0.07580174927113703,0,0,0,0,0,0,0,1,0.03498542274052478,1,0,0,1
365,61,3,0,0,0.0,0.0,0,0,0,0,0,0,0,0,0.024657534246575342,0,0,0,0
2162,314,14,0,1,0.0,0.06521739130434782,0,0,0,0,1,0,0,0,0.09851988899167438,0,0,0,0
2495,394,43,0,1,0.0,0.039679358717434866,0,0,0,0,0,0,0,4,0.04408817635270541,1,2,0,0
463,77,5,0,0,0.0,0.06911447084233262,0,0,0,0,0,3,0,0,0.04103671706263499,3,1,0,0
731,133,10,0,0,0.0,0.019151846785225718,0,0,0,0,0,0,0,0,0.03283173734610123,1,1,0,0
130,21,2,2,0,0.0,0.0,0,0,0,0,0,0,0,0,0.015384615384615385,0,0,0,0
912,145,16,1,4,0.057971014492753624,0.013157894736842105,1,1,1,1,1,0,0,0,0.09758771929824561,0,0,0,1
709,96,4,0,0,0.0,0.03385049365303244,0,0,0,0,0,0,0,0,0.08885754583921016,0,0,0,0
2627,410,26,0,0,0.0,0.026646364674533688,0,0,0,0,0,0,0,0,0.041111534069280545,6,5,0,0
1353,203,24,9,0,0.14880332986472425,0.014781966001478197,2,1,1,1,0,3,2,0,0.11456023651145603,14,6,0,1
394,76,10,0,0,0.0,0.12690355329949238,0,0,0,0,0,0,0,0,0.116751269035533,0,0,0,0
166,31,2,0,0,0.0,0.012048192771084338,0,0,0,0,0,0,1,0,0.018072289156626505,0,0,0,0
896,130,20,0,17,0.0,0.021205357142857144,0,0,0,0,1,0,0,0,0.07924107142857142,0,1,0,0
576,95,7,1,0,0.0,0.034722222222222224,0,0,0,0,0,0,0,0,0.036458333333333336,1,1,0,0
433,76,4,0,0,0.0,0.0,0,0,0,0,1,0,0,0,0.025404157043879907,1,2,0,0
724,109,10,5,2,0.0,0.004143646408839779,0,0,0,0,0,0,0,0,0.049723756906077346,0,2,0,0
286,53,4,0,0,0.0,0.045454545454545456,0,0,0,0,0,0,0,0,0.038461538461538464,0,3,0,0
1406,234,15,1,2,0.0,0.015647226173541962,0,0,0,0,0,0,0,0,0.022048364153627313,6,7,0,0
311,59,4,0,2,0.0,0.0,0,0,0,0,0,0,0,0,0.022508038585209004,1,2,0,0
2334,418,25,0,1,0.0,0.013710368466152529,0,0,0,0,1,0,0,0,0.043273350471293916,3,5,0,0
828,162,10,0,0,0.0,0.0036231884057971015,0,0,0,0,0,0,0,0,0.01932367149758454,1,1,0,0
1760,292,36,0,1,0.0950446791226645,0.055113636363636365,4,7,6,1,0,0,0,2,0.06534090909090909,0,0,1,1
1083,182,26,0,0,0.08165680473372781,0.018467220683287166,3,0,0,0,0,2,2,0,0.046168051708217916,2,2,1,0
1261,220,7,0,0,0.0,0.0190325138778747,0,0,0,0,0,0,0,0,0.06026962727993656,3,2,0,0
241,37,4,0,0,0.0,0.08298755186721991,0,0,0,0,0,0,0,0,0.04979253112033195,0,0,0,0
2417,425,27,0,4,0.0,0.01075713694662805,0,0,0,0,0,0,2,0,0.02813405047579644,3,2,0,0
1802,462,33,20,0,0.0,0.007214206437291898,0,0,0,0,0,0,0,0,0.033851276359600446,0,0,0,0
1258,215,17,0,4,0.0,0.001589825119236884,0,0,0,0,1,0,0,0,0.023052464228934817,2,1,0,0
1597,274,13,0,1,0.0,0.040701314965560426,0,0,0,0,0,0,0,0,0.046963055729492796,1,14,0,0
18385,2723,265,72,4,0.13619506036455456,0.023932553712265433,0,0,0,0,0,2,51,1,0.04122926298613,54,81,0,1
8497,1344,96,0,1,0.0,0.0176532893962575,0,0,0,0,1,0,17,0,0.028833706013887253,9,10,0,0
293,51,5,2,0,0.0,0.006825938566552901,0,0,0,0,0,0,0,0,0.07167235494880546,1,1,0,0
1139,195,12,0,0,0.0,0.0324846356453029,0,0,0,0,0,0,1,0,0.04302019315188762,0,1,0,0
619,90,9,2,0,0.0,0.05654281098546042,0,0,0,0,0,0,0,0,0.11631663974151858,0,0,0,0
1201,182,11,0,1,0.0,0.026644462947543714,0,0,0,0,0,0,0,0,0.08659450457951708,0,2,0,0
70,12,2,0,0,0.0,0.014285714285714285,0,0,0,0,0,0,0,0,0.04285714285714286,0,0,0,0
678,120,18,0,0,0.0,0.01327433628318584,0,0,0,0,0,0,0,0,0.06489675516224189,0,0,0,0
5815,939,50,0,1,0.0,0.014617368873602751,0,0,0,0,0,0,9,0,0.021496130696474634,4,7,0,0
716,117,7,3,0,0.0,0.06564245810055866,0,0,0,0,1,0,1,0,0.036312849162011177,4,3,0,0
119,18,6,0,0,0.0,0.1092436974789916,0,0,0,0,0,0,0,1,0.08403361344537816,0,0,0,0
332,54,4,0,0,0.0,0.0,0,0,0,0,0,0,0,0,0.024096385542168676,1,3,0,0
3748,612,49,11,1,0.0,0.028281750266808965,0,0,0,0,0,0,5,0,0.029082177161152616,5,6,0,0
308,48,3,0,0,0.0,0.0,0,0,0,0,0,0,0,0,0.022727272727272728,0,0,0,0
3101,505,26,1,0,0.0,0.05965817478232828,0,0,0,0,1,0,0,0,0.045146726862302484,1,2,0,0
1048,163,13,3,0,0.0,0.033396946564885496,0,0,0,0,1,0,1,0,0.08015267175572519,1,2,0,0
853,147,4,0,0,0.0,0.03399765533411489,0,0,0,0,0,0,0,0,0.022274325908558032,1,6,0,0
640,99,5,0,0,0.0,0.0484375,0,0,0,0,1,0,1,0,0.053125,0,0,0,0
9857,1487,78,0,2,0.0,0.005072537283149031,0,0,0,0,1,0,0,0,0.02150755808055189,8,12,0,0
1222,218,6,0,1,0.0,0.057283142389525366,0,0,0,0,0,0,1,0,0.027004909983633387,5,6,0,0
1887,315,14,0,0,0.0,0.01377848436671966,0,0,0,0,0,0,5,0,0.02066772655007949,6,5,0,0
1066,181,12,0,1,0.05583756345177665,0.017823639774859287,2,1,2,1,0,0,0,0,0.0525328330206379,1,4,0,1
719,128,7,0,0,0.0,0.0,0,0,0,0,0,0,0,0,0.02364394993045897,1,4,0,0
324,53,4,0,0,0.0,0.0,0,0,0,0,0,0,0,0,0.030864197530864196,0,0,0,0
326,56,5,0,0,0.0,0.006134969325153374,0,0,0,0,1,0,0,0,0.02147239263803681,0,1,0,0
1819,289,11,0,0,0.0,0.07696536558548653,0,0,0,0,0,0,1,0,0.05497526113249038,1,0,0,0
97,12,2,0,0,0.0,0.0,0,0,0,0,0,0,0,0,0.041237113402061855,0,0,0,0
1631,257,10,0,0,0.0,0.026364193746167996,0,0,0,0,0,0,2,0,0.054567749846719804,1,1,0,0
542,95,9,2,1,0.0,0.00922509225092251,0,0,0,0,0,0,0,0,0.02214022140221402,0,1,0,0
884,149,7,0,0,0.0,0.0418552036199095,0,0,0,0,0,0,0,0,0.05995475113122172,0,2,0,0
371,63,5,0,0,0.0,0.0026954177897574125,0,0,0,0,1,0,0,0,0.016172506738544475,0,0,0,0
6945,1016,10,2,4,0.0,0.001007919366450684,0,0,0,0,1,0,0,0,0.012958963282937365,5,9,0,0
2208,369,18,0,1,0.0,0.014039855072463768,0,0,0,0,0,0,0,0,0.035326086956521736,0,2,0,0
304,56,3,0,0,0.0,0.0,0,0,0,0,0,0,0,0,0.013157894736842105,0,0,0,0
1163,194,20,0,0,0.0,0.024935511607910577,0,0,0,0,0,0,0,0,0.040412725709372314,2,13,0,0
599,103,2,0,0,0.0,0.008347245409015025,0,0,0,0,0,0,0,0,0.018363939899833055,1,1,0,0
2843,449,31,0,8,0.0,0.006331340133661625,0,0,0,0,1,0,0,1,0.02638058389025677,1,3,0,0
3565,551,38,3,0,0.05536332179930796,0.011781206171107995,2,0,0,0,0,0,1,0,0.024684431977559606,5,2,0,0
187,33,3,0,0,0.09482758620689655,0.15508021390374332,1,0,0,0,0,0,0,1,0.08021390374331551,2,1,0,0
2292,396,15,0,2,0.0,0.008289703315881327,0,0,0,0,0,0,0,0,0.030541012216404886,0,5,0,0
3650,531,16,0,0,0.0,0.0136986301369863,0,0,0,0,1,0,0,0,0.03232876712328767,0,1,0,0
1123,199,18,1,2,0.0,0.04363312555654497,0,0,0,0,0,0,2,0,0.058771148708815675,0,1,0,0
87957,13969,1511,2,469,0.0,0.019066134588492104,0,0,0,0,1,4,134,1,0.030924201598508363,97,107,0,0
3355,558,33,1,0,0.0,0.025931445603576752,0,0,0,0,0,0,4,0,0.022354694485842028,5,7,0,0
322,47,1,0,0,0.0,0.034161490683229816,0,0,0,0,0,0,0,0,0.09937888198757763,0,0,0,0
1090,159,4,0,0,0.0,0.023853211009174313,0,0,0,0,0,0,0,0,0.081651376146789,1,1,0,0
2135,385,15,0,2,0.0,0.07822014051522248,0,0,0,0,0,0,0,1,0.04918032786885246,1,11,0,0
942,141,12,0,4,0.0,0.0021231422505307855,0,0,0,0,0,0,0,0,0.03821656050955414,1,1,0,0
204,40,2,0,0,0.0,0.0,0,0,0,0,0,0,0,0,0.0196078431372549,0,1,0,0
2447,379,16,0,0,0.0,0.024928483857785042,0,0,0,0,1,0,0,0,0.02819779321618308,3,2,0,0
462,90,5,0,0,0.0,0.04329004329004329,0,0,0,0,0,0,0,0,0.021645021645021644,1,2,0,0
2296,412,18,0,0,0.0,0.005226480836236934,0,0,0,0,0,0,0,0,0.01132404181184669,2,5,0,0
2236,381,26,0,0,0.020757020757020756,0.02191413237924866,0,0,0,0,0,0,0,0,0.03488372093023256,0,1,0,0
1444,224,28,1,9,0.0,0.012465373961218837,0,0,0,0,0,2,0,0,0.045706371191135735,1,1,0,0
122,22,1,0,0,0.0,0.0,0,0,0,0,0,1,0,0,0.0,4,0,0,0
1760,322,39,0,4,0.04003079291762895,0.045454545454545456,3,0,0,0,0,0,0,5,0.04943181818181818,2,4,1,1
1925,301,11,0,1,0.0,0.03428571428571429,0,0,0,0,0,0,1,0,0.07688311688311689,1,3,0,0
316,52,3,0,0,0.0,0.0,0,0,0,0,0,0,0,0,0.028481012658227847,0,0,0,0
81,14,1,0,0,0.0,0.24691358024691357,0,0,0,0,0,0,0,0,0.1111111111111111,0,0,0,0
655,92,3,0,0,0.0,0.06412213740458016,0,0,0,0,1,0,0,0,0.09770992366412214,0,0,0,0
1334,238,16,0,0,0.0,0.031484257871064465,0,0,0,0,0,0,2,0,0.06296851574212893,4,5,0,0
1196,176,19,6,0,0.0,0.0016722408026755853,0,0,0,0,0,1,1,0,0.03260869565217391,10,14,0,0
586,102,7,0,0,0.0,0.01877133105802048,0,0,0,0,0,0,0,0,0.017064846416382253,0,1,0,0
2843,455,20,0,1,0.0,0.02673232500879353,0,0,0,0,0,0,2,0,0.05909250791417517,1,2,0,0
396,69,5,0,0,0.0,0.0,0,0,0,0,0,0,0,0,0.017676767676767676,0,0,0,0
415,76,11,0,2,0.0,0.033734939759036145,0,0,0,0,0,0,0,0,0.05060240963855422,0,0,0,0
1111,164,15,0,1,0.0,0.026102610261026102,0,0,0,0,0,0,0,0,0.08640864086408641,0,1,0,0
1014,164,3,0,0,0.0,0.03254437869822485,0,0,0,0,0,0,0,0,0.006903353057199211,2,2,0,0
941,162,6,0,0,0.0,0.021253985122210415,0,0,0,0,1,0,0,0,0.024442082890541977,1,2,0,0
1629,242,19,0,0,0.0,0.03130755064456722,0,0,0,0,1,0,0,0,0.058931860036832415,2,0,0,0
2086,338,53,6,9,0.0,0.018696069031639503,0,0,0,0,1,1,0,0,0.03883029721955897,1,2,0,0
1587,258,8,0,3,0.0,0.06742281033396345,0,0,0,0,0,0,0,0,0.09199747952110901,0,3,0,0
3061,497,22,0,0,0.0,0.017314603070891867,0,0,0,0,0,0,0,0,0.03626265926167919,4,4,0,0
330,55,6,0,0,0.0,0.06363636363636363,0,0,0,0,0,0,0,0,0.02727272727272727,1,3,0,0
23,4,1,0,0,0.0,0.0,0,0,0,0,0,0,0,0,0.043478260869565216,0,0,0,0
238,39,3,0,0,0.0,0.08403361344537816,0,0,0,0,1,0,0,0,0.029411764705882353,0,0,0,0
1015,161,16,0,0,0.0,0.06896551724137931,0,0,0,0,0,0,0,1,0.06206896551724138,1,1,0,0
3597,564,17,0,0,0.0,0.011954406449819294,0,0,0,0,0,0,0,0,0.03836530442035029,0,2,0,0
2398,379,23,2,6,0.0,0.015429524603836531,0,0,0,0,1,0,0,0,0.04128440366972477,4,6,0,0
6354,920,49,0,2,0.0,0.009600251809883538,0,0,0,0,1,0,4,0,0.02329241422725842,2,7,0,0
493,84,12,0,0,0.0,0.0872210953346856,0,0,0,0,0,0,0,0,0.04056795131845842,0,0,0,0
452,69,6,0,0,0.0,0.0,0,0,0,0,0,0,0,0,0.017699115044247787,1,2,0,0
685,131,10,0,0,0.10852713178294573,0.033576642335766425,1,1,0,0,1,0,0,1,0.029197080291970802,1,2,0,0
1490,206,5,0,0,0.0,0.03557046979865772,0,0,0,0,1,0,0,0,0.06040268456375839,0,0,0,0
2772,434,26,0,3,0.0,0.011544011544011544,0,0,0,0,0,0,1,1,0.045815295815295816,13,6,0,0
857,129,15,0,0,0.0,0.014002333722287048,0,0,0,0,1,0,0,0,0.058343057176196034,1,1,0,0
324,63,9,1,1,0.0,0.0,0,0,0,0,0,0,0,0,0.040123456790123455,0,0,0,0
802,131,11,0,0,0.0,0.02119700748129676,0,0,0,0,0,0,0,0,0.03740648379052369,0,0,0,0
7651,1189,54,0,1,0.0,0.008234217749313814,0,0,0,0,1,0,1,0,0.0307149392236309,2,3,0,0
332,59,5,0,0,0.0,0.03614457831325301,0,0,0,0,0,0,0,0,0.030120481927710843,0,0,0,0
1680,262,19,0,1,0.0,0.02023809523809524,0,0,0,0,0,0,0,0,0.08988095238095238,1,2,0,0
489,90,3,0,1,0.0,0.049079754601226995,0,0,0,0,0,0,0,0,0.032719836400818,0,0,0,0
893,164,10,0,0,0.0,0.02127659574468085,0,0,0,0,0,0,0,0,0.0167973124300112,0,0,0,0
918,178,1,0,0,0.0,0.4324618736383442,0,0,0,0,0,0,0,21,0.014161220043572984,1,3,0,0
292,56,2,0,0,0.0,0.0,0,0,0,0,0,0,0,0,0.030821917808219176,0,2,0,0
1280,231,12,0,2,0.0,0.10703125,0,0,0,0,0,0,0,3,0.0359375,0,12,0,0
567,108,17,0,0,0.0,0.07231040564373897,0,0,0,0,0,0,5,0,0.047619047619047616,3,2,0,0
241,40,5,0,0,0.02717391304347826,0.0,1,0,0,0,0,0,0,0,0.05394190871369295,1,0,0,0
458,84,5,0,0,0.0,0.0,0,0,0,0,0,0,0,0,0.013100436681222707,0,1,0,0
3218,488,11,0,5,0.0,0.015537600994406464,0,0,0,0,0,0,0,0,0.04785581106277191,3,4,0,0
3258,483,32,0,1,0.0,0.008594229588704727,0,0,0,0,0,0,0,0,0.0758133824432167,2,0,0,0
713,148,1,0,0,0.0,0.49228611500701264,0,0,0,0,0,0,0,21,0.008415147265077139,0,0,0,0
870,159,4,0,0,0.0,0.008045977011494253,0,0,0,0,0,0,0,0,0.027586206896551724,1,6,0,0
667,109,6,0,0,0.0,0.013493253373313344,0,0,0,0,1,0,0,0,0.013493253373313344,1,0,0,0
895,163,17,0,1,0.0,0.0011173184357541898,0,0,0,0,1,0,0,0,0.03240223463687151,0,5,0,0
818,151,7,0,0,0.0,0.008557457212713936,0,0,0,0,0,0,0,0,0.01589242053789731,0,0,0,0
1744,210,26,4,2,0.0,0.02121559633027523,0,0,0,0,0,0,0,0,0.058486238532110095,1,2,0,0
1625,241,16,0,0,0.0,0.008615384615384615,0,0,0,0,0,2,0,0,0.024615384615384615,13,22,0,0
4624,709,27,1,0,0.0,0.014057093425605537,0,0,0,0,1,0,0,0,0.032655709342560554,2,1,0,0
4121,571,40,1,0,0.033940693104680245,0.01504489201650085,1,2,0,0,0,3,0,0,0.01819946614899296,4,5,0,1
3269,582,30,0,3,0.0,0.010400734169470786,0,0,0,0,0,0,0,0,0.02844906699296421,2,3,0,0
425,74,4,0,1,0.0,0.06352941176470588,0,0,0,0,0,0,0,0,0.023529411764705882,1,1,0,0
786,121,5,0,0,0.0,0.04580152671755725,0,0,0,0,1,0,0,0,0.08524173027989822,1,0,0,0
5019,931,44,0,0,0.0,0.0019924287706714486,0,0,0,0,0,0,0,0,0.019127316198445904,6,8,0,0
3748,598,18,0,0,0.0,0.02534685165421558,0,0,0,0,1,0,3,0,0.047225186766275344,4,7,0,0
1953,326,29,1,3,0.0,0.014848950332821301,0,0,0,0,0,0,2,0,0.031746031746031744,2,1,0,0
933,141,16,0,6,0.0,0.006430868167202572,0,0,0,0,1,0,0,0,0.04072883172561629,0,1,0,0
962,157,8,0,0,0.0,0.04677754677754678,0,0,0,0,1,0,0,1,0.028066528066528068,2,6,0,0
2051,340,19,0,5,0.0,0.03803022915650902,0,0,0,0,1,0,0,0,0.06923451974646513,3,7,0,0
2635,461,43,0,16,0.0,0.01631878557874763,0,0,0,0,1,0,0,0,0.02922201138519924,2,6,0,0
101,16,1,0,0,0.0,0.0594059405940594,0,0,0,0,1,0,0,0,0.0297029702970297,0,0,0,0
49,9,2,0,0,0.0,0.0,0,0,0,0,0,0,0,0,0.04081632653061224,0,0,0,0
1213,218,16,2,0,0.0,0.0,0,0,0,0,0,0,0,0,0.03215169002473207,0,1,0,0
778,134,8,0,0,0.0,0.02570694087403599,0,0,0,0,0,0,0,0,0.030848329048843187,2,4,0,0
1320,234,25,1,0,0.0,0.0,0,0,0,0,0,0,0,0,0.024242424242424242,3,3,0,0
1564,266,61,1,1,0.0,0.1010230179028133,0,0,0,0,1,0,0,0,0.09910485933503836,1,2,0,1
2365,392,13,0,3,0.0,0.028329809725158563,0,0,0,0,0,0,0,0,0.056659619450317125,0,2,0,0
2903,417,6,0,1,0.0,0.02307957285566655,0,0,0,0,1,0,0,0,0.038580778504994834,0,0,0,0
182,35,4,0,0,0.0,0.04945054945054945,0,0,0,0,0,0,0,0,0.038461538461538464,0,0,0,0
353,45,3,0,0,0.0,0.0764872521246459,0,0,0,0,1,0,0,0,0.18696883852691218,0,0,0,0
392,66,3,0,2,0.0,0.030612244897959183,0,0,0,0,0,2,0,0,0.017857142857142856,1,1,0,0
1048,180,13,0,2,0.0,0.011450381679389313,0,0,0,0,0,0,0,0,0.04103053435114504,2,2,0,0
3515,526,28,1,14,0.0,0.01934566145092461,0,0,0,0,0,0,0,2,0.025889046941678522,6,8,0,0
4452,728,26,5,1,0.0,0.00876010781671159,0,0,0,0,0,0,0,0,0.03077268643306379,4,5,0,0
119,16,2,0,0,0.0,0.13445378151260504,0,0,0,0,0,0,0,0,0.04201680672268908,0,1,0,0
511,97,7,0,0,0.0,0.0136986301369863,0,0,0,0,0,0,0,0,0.0410958904109589,0,0,0,0
566,92,3,0,0,0.0,0.0,0,0,0,0,1,0,0,0,0.015901060070671377,1,2,0,0
294,45,7,1,0,0.053811659192825115,0.0,4,0,0,0,0,0,0,0,0.0782312925170068,0,0,1,0
356,65,3,0,0,0.0,0.019662921348314606,0,0,0,0,0,0,0,0,0.011235955056179775,0,0,0,0
7703,1324,77,4,2,0.08344240837696335,0.011424120472543165,5,1,0,0,1,1,1,3,0.022978060495910686,10,16,1,1
1902,292,29,0,0,0.0,0.07676130389064142,0,0,0,0,0,0,0,0,0.09095688748685594,1,3,0,0
4695,788,38,0,2,0.0,0.00873269435569755,0,0,0,0,1,0,10,0,0.01810436634717785,3,5,0,0
105,19,7,1,0,0.0,0.0,0,0,0,0,0,0,0,0,0.06666666666666667,0,1,0,0
1930,303,15,0,1,0.0,0.018134715025906734,0,0,0,0,0,0,0,0,0.05647668393782383,1,2,0,0
1353,234,37,0,0,0.0,0.058388765705838876,0,0,0,0,0,0,0,2,0.06430155210643015,0,2,0,0
2020,330,22,0,0,0.0,0.028712871287128714,0,0,0,0,0,0,0,0,0.03712871287128713,0,1,0,0
2106,362,18,0,0,0.0,0.018043684710351376,0,0,0,0,0,0,0,0,0.033713200379867046,8,8,0,0
140,27,1,0,0,0.0,0.03571428571428571,0,0,0,0,0,0,0,0,0.007142857142857143,0,0,0,0
2030,325,20,0,1,0.0,0.030049261083743842,0,0,0,0,1,0,0,0,0.054187192118226604,3,6,0,0
5635,897,70,0,7,0.0,0.0058562555456965395,0,0,0,0,0,0,3,0,0.026441881100266195,13,8,0,0
